video/mp4,bytesbytes 0-12692125/12692126,1714079279.0345879,1714079279.0348759,1714079279.059996,1714079280.350702,dump,video,/video/tos/useast5/tos-useast5-ve-0068c002-tx/oQMGBkiEIBwymEfPobip2krEJDq23CAABAZIQ3/?a=1988&bti=NDU3ZjAwOg%3D%3D&ch=0&cr=3&dr=0&lr=unwatermarked&cd=0%7C0%7C0%7C&cv=1&br=3090&bt=1545&cs=0&ds=6&ft=4KJMyMzm8Zmo0lqoC-4jVRMLdpWrKsd.&mime_type=video_mp4&qs=0&rc=ZGllZTloPDk1ZDw2ZzRlM0BpajRyZHE5cjk5cTMzZzczNEBhMTMxXjYuNV8xMl41Ml82YSMxNTMtMmQ0aW9gLS1kMS9zcw%3D%3D&btag=e00090000&expire=1714251680&l=20240425210014AD4B8B66AB7BC2008A5C&ply_type=2&policy=2&signature=4025ace5eda5df6eb6f31cb5247f6a94&tk=tt_chain_token
video/mp4,bytesbytes 0-614399/1951972,1714079291.068457,1714079291.069976,1714079291.101057,1714079291.178686,dump,video,/video/tos/useast5/tos-useast5-ve-0068c003-tx/oMeP5PVAOgFIulA3vgGmIXITcQDXRfG1fLoRWe/?a=1988&bti=NDU3ZjAwOg%3D%3D&ch=0&cr=3&dr=0&lr=unwatermarked&cd=0%7C0%7C0%7C&cv=1&br=2322&bt=1161&cs=0&ds=6&ft=4KJMyMzm8Zmo0lqoC-4jVRMLdpWrKsd.&mime_type=video_mp4&qs=0&rc=aTQ7NzVpNWc8OGZlNTQ4Z0BpM215eXU5cnRpcTMzZzczNEBiYGNfM2M0Nl4xMzFgNi5eYSNeMmxyMmRraWJgLS1kMS9zcw%3D%3D&btag=e00088000&expire=1714251629&l=20240425210014AD4B8B66AB7BC2008A5C&ply_type=2&policy=2&signature=466391078fa4ab51bdf281639bdc05e9&tk=tt_chain_token&__vid=TT-vCache-7340019802838388014
video/mp4,bytesbytes 614400-978793/1951972,1714079291.194628,1714079291.195654,1714079291.2096949,1714079291.254674,dump,video,/video/tos/useast5/tos-useast5-ve-0068c003-tx/oMeP5PVAOgFIulA3vgGmIXITcQDXRfG1fLoRWe/?a=1988&bti=NDU3ZjAwOg%3D%3D&ch=0&cr=3&dr=0&lr=unwatermarked&cd=0%7C0%7C0%7C&cv=1&br=2322&bt=1161&cs=0&ds=6&ft=4KJMyMzm8Zmo0lqoC-4jVRMLdpWrKsd.&mime_type=video_mp4&qs=0&rc=aTQ7NzVpNWc8OGZlNTQ4Z0BpM215eXU5cnRpcTMzZzczNEBiYGNfM2M0Nl4xMzFgNi5eYSNeMmxyMmRraWJgLS1kMS9zcw%3D%3D&btag=e00088000&expire=1714251629&l=20240425210014AD4B8B66AB7BC2008A5C&ply_type=2&policy=2&signature=466391078fa4ab51bdf281639bdc05e9&tk=tt_chain_token&__vid=TT-vCache-7340019802838388014
video/mp4,bytesbytes 978794-1951795/1951972,1714079291.275199,1714079291.277317,1714079291.294761,1714079291.3953862,dump,video,/video/tos/useast5/tos-useast5-ve-0068c003-tx/oMeP5PVAOgFIulA3vgGmIXITcQDXRfG1fLoRWe/?a=1988&bti=NDU3ZjAwOg%3D%3D&ch=0&cr=3&dr=0&lr=unwatermarked&cd=0%7C0%7C0%7C&cv=1&br=2322&bt=1161&cs=0&ds=6&ft=4KJMyMzm8Zmo0lqoC-4jVRMLdpWrKsd.&mime_type=video_mp4&qs=0&rc=aTQ7NzVpNWc8OGZlNTQ4Z0BpM215eXU5cnRpcTMzZzczNEBiYGNfM2M0Nl4xMzFgNi5eYSNeMmxyMmRraWJgLS1kMS9zcw%3D%3D&btag=e00088000&expire=1714251629&l=20240425210014AD4B8B66AB7BC2008A5C&ply_type=2&policy=2&signature=466391078fa4ab51bdf281639bdc05e9&tk=tt_chain_token&__vid=TT-vCache-7340019802838388014
video/mp4,bytesbytes 1951796-1951971/1951972,1714079291.523533,1714079291.524292,1714079291.539263,1714079291.53964,dump,video,/video/tos/useast5/tos-useast5-ve-0068c003-tx/oMeP5PVAOgFIulA3vgGmIXITcQDXRfG1fLoRWe/?a=1988&bti=NDU3ZjAwOg%3D%3D&ch=0&cr=3&dr=0&lr=unwatermarked&cd=0%7C0%7C0%7C&cv=1&br=2322&bt=1161&cs=0&ds=6&ft=4KJMyMzm8Zmo0lqoC-4jVRMLdpWrKsd.&mime_type=video_mp4&qs=0&rc=aTQ7NzVpNWc8OGZlNTQ4Z0BpM215eXU5cnRpcTMzZzczNEBiYGNfM2M0Nl4xMzFgNi5eYSNeMmxyMmRraWJgLS1kMS9zcw%3D%3D&btag=e00088000&expire=1714251629&l=20240425210014AD4B8B66AB7BC2008A5C&ply_type=2&policy=2&signature=466391078fa4ab51bdf281639bdc05e9&tk=tt_chain_token&__vid=TT-vCache-7340019802838388014
video/mp4,bytesbytes 0-614399/6831663,1714079291.9870489,1714079291.988468,1714079292.0109901,1714079292.074518,dump,video,/video/tos/useast8/tos-useast8-pve-0068-tx2/osErzNREQEAf9IfnglBAzonpVBFtM25D9vgpwq/?a=1988&bti=NDU3ZjAwOg%3D%3D&ch=0&cr=3&dr=0&lr=unwatermarked&cd=0%7C0%7C0%7C&cv=1&br=1512&bt=756&cs=0&ds=6&ft=4KJMyMzm8Zmo0lqoC-4jVRMLdpWrKsd.&mime_type=video_mp4&qs=0&rc=NTVkN2doNDo5ZDM8NjlnO0BpMzk6eG85cnR3cTMzaTczNEBhXi00Yy80NV8xNTUxXjY2YSNeNmM2MmRjamdgLS1kMTJzcw%3D%3D&btag=e00090000&expire=1714251686&l=20240425210014AD4B8B66AB7BC2008A5C&ply_type=2&policy=2&signature=a6ab510f7ce65eebe8bdae38280d1c76&tk=tt_chain_token&__vid=TT-vCache-7343079288943562015
video/mp4,bytesbytes 614400-1745583/6831663,1714079292.09793,1714079292.099679,1714079292.113503,1714079292.233195,dump,video,/video/tos/useast8/tos-useast8-pve-0068-tx2/osErzNREQEAf9IfnglBAzonpVBFtM25D9vgpwq/?a=1988&bti=NDU3ZjAwOg%3D%3D&ch=0&cr=3&dr=0&lr=unwatermarked&cd=0%7C0%7C0%7C&cv=1&br=1512&bt=756&cs=0&ds=6&ft=4KJMyMzm8Zmo0lqoC-4jVRMLdpWrKsd.&mime_type=video_mp4&qs=0&rc=NTVkN2doNDo5ZDM8NjlnO0BpMzk6eG85cnR3cTMzaTczNEBhXi00Yy80NV8xNTUxXjY2YSNeNmM2MmRjamdgLS1kMTJzcw%3D%3D&btag=e00090000&expire=1714251686&l=20240425210014AD4B8B66AB7BC2008A5C&ply_type=2&policy=2&signature=a6ab510f7ce65eebe8bdae38280d1c76&tk=tt_chain_token&__vid=TT-vCache-7343079288943562015
video/mp4,bytesbytes 0-614399/1217995,1714079292.9881642,1714079292.9895082,1714079293.011065,1714079293.073036,dump,video,/video/tos/useast8/tos-useast8-ve-0068c002-tx2/oUmEffNwHAXRDdBEQm2EAZBV3E8FIVBjl2zAKX/?a=1988&bti=NDU3ZjAwOg%3D%3D&ch=0&cr=3&dr=0&lr=unwatermarked&cd=0%7C0%7C0%7C&cv=1&br=1260&bt=630&cs=0&ds=6&ft=4KJMyMzm8Zmo06voC-4jVXvWdpWrKsd.&mime_type=video_mp4&qs=0&rc=ZDk5NjxkMzg1MzZlN2hkZUBpanVmN3U5cnBncTMzaTczNEAxXmBeNGI0NTQxMF9fLjJjYSNjNGItMmRjbWxgLS1kMTJzcw%3D%3D&btag=e00088000&expire=1714252095&l=20240425210758BB13DC2F02416400E537&ply_type=2&policy=2&signature=1db72361fcdd4dd110cd125f2dce9173&tk=tt_chain_token&__vid=TT-vCache-7345615317336460575
video/mp4,bytesbytes 614400-1217609/1217995,1714079293.0939488,1714079293.095714,1714079293.12966,1714079293.184296,dump,video,/video/tos/useast8/tos-useast8-ve-0068c002-tx2/oUmEffNwHAXRDdBEQm2EAZBV3E8FIVBjl2zAKX/?a=1988&bti=NDU3ZjAwOg%3D%3D&ch=0&cr=3&dr=0&lr=unwatermarked&cd=0%7C0%7C0%7C&cv=1&br=1260&bt=630&cs=0&ds=6&ft=4KJMyMzm8Zmo06voC-4jVXvWdpWrKsd.&mime_type=video_mp4&qs=0&rc=ZDk5NjxkMzg1MzZlN2hkZUBpanVmN3U5cnBncTMzaTczNEAxXmBeNGI0NTQxMF9fLjJjYSNjNGItMmRjbWxgLS1kMTJzcw%3D%3D&btag=e00088000&expire=1714252095&l=20240425210758BB13DC2F02416400E537&ply_type=2&policy=2&signature=1db72361fcdd4dd110cd125f2dce9173&tk=tt_chain_token&__vid=TT-vCache-7345615317336460575
video/mp4,bytesbytes 0-614399/1439657,1714079293.991963,1714079293.9946911,1714079294.023767,1714079294.0834382,dump,video,/video/tos/useast5/tos-useast5-ve-0068c002-tx/ogpIsD4QEiZyBiilzEBFBEOytgDXUOvh0AMBg/?a=1988&bti=NDU3ZjAwOg%3D%3D&ch=0&cr=3&dr=0&lr=unwatermarked&cd=0%7C0%7C0%7C&cv=1&br=1936&bt=968&cs=0&ds=6&ft=4KJMyMzm8Zmo06voC-4jVXvWdpWrKsd.&mime_type=video_mp4&qs=0&rc=PDVmZTM4OTNoaDY5aGc7NkBpMzVoNGw5cjZlcjMzZzczNEA1YTQvNi4wNmMxMjIuYjQvYSMvXzU0MmRrMzNgLS1kMS9zcw%3D%3D&btag=e00088000&expire=1714252091&l=20240425210758BB13DC2F02416400E537&ply_type=2&policy=2&signature=7199a37804991c1d316beeb6b80e463f&tk=tt_chain_token&__vid=TT-vCache-7353451086717521198
video/mp4,bytesbytes 614400-1439303/1439657,1714079294.101971,1714079294.102408,1714079294.1167748,1714079294.202367,dump,video,/video/tos/useast5/tos-useast5-ve-0068c002-tx/ogpIsD4QEiZyBiilzEBFBEOytgDXUOvh0AMBg/?a=1988&bti=NDU3ZjAwOg%3D%3D&ch=0&cr=3&dr=0&lr=unwatermarked&cd=0%7C0%7C0%7C&cv=1&br=1936&bt=968&cs=0&ds=6&ft=4KJMyMzm8Zmo06voC-4jVXvWdpWrKsd.&mime_type=video_mp4&qs=0&rc=PDVmZTM4OTNoaDY5aGc7NkBpMzVoNGw5cjZlcjMzZzczNEA1YTQvNi4wNmMxMjIuYjQvYSMvXzU0MmRrMzNgLS1kMS9zcw%3D%3D&btag=e00088000&expire=1714252091&l=20240425210758BB13DC2F02416400E537&ply_type=2&policy=2&signature=7199a37804991c1d316beeb6b80e463f&tk=tt_chain_token&__vid=TT-vCache-7353451086717521198
video/mp4,bytesbytes 1745584-3100359/6831663,1714079311.418112,1714079311.418623,1714079311.434585,1714079311.5809228,dump,video,/video/tos/useast8/tos-useast8-pve-0068-tx2/osErzNREQEAf9IfnglBAzonpVBFtM25D9vgpwq/?a=1988&bti=NDU3ZjAwOg%3D%3D&ch=0&cr=3&dr=0&lr=unwatermarked&cd=0%7C0%7C0%7C&cv=1&br=1512&bt=756&cs=0&ds=6&ft=4KJMyMzm8Zmo0lqoC-4jVRMLdpWrKsd.&mime_type=video_mp4&qs=0&rc=NTVkN2doNDo5ZDM8NjlnO0BpMzk6eG85cnR3cTMzaTczNEBhXi00Yy80NV8xNTUxXjY2YSNeNmM2MmRjamdgLS1kMTJzcw%3D%3D&btag=e00090000&expire=1714251686&l=20240425210014AD4B8B66AB7BC2008A5C&ply_type=2&policy=2&signature=a6ab510f7ce65eebe8bdae38280d1c76&tk=tt_chain_token&__vid=TT-vCache-7343079288943562015
video/mp4,bytesbytes 3100360-4345303/6831663,1714079312.821703,1714079312.8228962,1714079312.865281,1714079313.031841,dump,video,/video/tos/useast8/tos-useast8-pve-0068-tx2/osErzNREQEAf9IfnglBAzonpVBFtM25D9vgpwq/?a=1988&bti=NDU3ZjAwOg%3D%3D&ch=0&cr=3&dr=0&lr=unwatermarked&cd=0%7C0%7C0%7C&cv=1&br=1512&bt=756&cs=0&ds=6&ft=4KJMyMzm8Zmo0lqoC-4jVRMLdpWrKsd.&mime_type=video_mp4&qs=0&rc=NTVkN2doNDo5ZDM8NjlnO0BpMzk6eG85cnR3cTMzaTczNEBhXi00Yy80NV8xNTUxXjY2YSNeNmM2MmRjamdgLS1kMTJzcw%3D%3D&btag=e00090000&expire=1714251686&l=20240425210014AD4B8B66AB7BC2008A5C&ply_type=2&policy=2&signature=a6ab510f7ce65eebe8bdae38280d1c76&tk=tt_chain_token&__vid=TT-vCache-7343079288943562015
video/mp4,bytesbytes 0-614399/964892,1714079313.38136,1714079313.38358,1714079313.504905,1714079313.56414,dump,video,/video/tos/useast8/tos-useast8-pve-0068-tx2/okW2DffREEQVExNx9OlAFBbZIMRTARVWzEhujR/?a=1988&bti=NDU3ZjAwOg%3D%3D&ch=0&cr=3&dr=0&lr=unwatermarked&cd=0%7C0%7C0%7C&cv=1&br=2284&bt=1142&cs=0&ds=6&ft=4KJMyMzm8Zmo06voC-4jVXvWdpWrKsd.&mime_type=video_mp4&qs=0&rc=PDc7Njk3ZGVlaDMzOTU2OUBpM2tncHk5cjdtcTMzaTczNEAxMmAvMWMuNV8xL19iMDU2YSNfX3ByMmRjX2BgLS1kMTJzcw%3D%3D&btag=e00088000&expire=1714252086&l=20240425210758BB13DC2F02416400E537&ply_type=2&policy=2&signature=dc675020f30b523e504f6fa7f2ae1045&tk=tt_chain_token&__vid=TT-vCache-7338957433953406238
video/mp4,bytesbytes 614400-964701/964892,1714079313.578202,1714079313.5806751,1714079313.600031,1714079313.648757,dump,video,/video/tos/useast8/tos-useast8-pve-0068-tx2/okW2DffREEQVExNx9OlAFBbZIMRTARVWzEhujR/?a=1988&bti=NDU3ZjAwOg%3D%3D&ch=0&cr=3&dr=0&lr=unwatermarked&cd=0%7C0%7C0%7C&cv=1&br=2284&bt=1142&cs=0&ds=6&ft=4KJMyMzm8Zmo06voC-4jVXvWdpWrKsd.&mime_type=video_mp4&qs=0&rc=PDc7Njk3ZGVlaDMzOTU2OUBpM2tncHk5cjdtcTMzaTczNEAxMmAvMWMuNV8xL19iMDU2YSNfX3ByMmRjX2BgLS1kMTJzcw%3D%3D&btag=e00088000&expire=1714252086&l=20240425210758BB13DC2F02416400E537&ply_type=2&policy=2&signature=dc675020f30b523e504f6fa7f2ae1045&tk=tt_chain_token&__vid=TT-vCache-7338957433953406238
video/mp4,bytesbytes 964702-964891/964892,1714079313.6697311,1714079313.671455,1714079313.6873999,1714079313.6919,dump,video,/video/tos/useast8/tos-useast8-pve-0068-tx2/okW2DffREEQVExNx9OlAFBbZIMRTARVWzEhujR/?a=1988&bti=NDU3ZjAwOg%3D%3D&ch=0&cr=3&dr=0&lr=unwatermarked&cd=0%7C0%7C0%7C&cv=1&br=2284&bt=1142&cs=0&ds=6&ft=4KJMyMzm8Zmo06voC-4jVXvWdpWrKsd.&mime_type=video_mp4&qs=0&rc=PDc7Njk3ZGVlaDMzOTU2OUBpM2tncHk5cjdtcTMzaTczNEAxMmAvMWMuNV8xL19iMDU2YSNfX3ByMmRjX2BgLS1kMTJzcw%3D%3D&btag=e00088000&expire=1714252086&l=20240425210758BB13DC2F02416400E537&ply_type=2&policy=2&signature=dc675020f30b523e504f6fa7f2ae1045&tk=tt_chain_token&__vid=TT-vCache-7338957433953406238
video/mp4,bytesbytes 4345304-6079672/6831663,1714079327.202899,1714079327.204203,1714079327.228524,1714079327.494258,dump,video,/video/tos/useast8/tos-useast8-pve-0068-tx2/osErzNREQEAf9IfnglBAzonpVBFtM25D9vgpwq/?a=1988&bti=NDU3ZjAwOg%3D%3D&ch=0&cr=3&dr=0&lr=unwatermarked&cd=0%7C0%7C0%7C&cv=1&br=1512&bt=756&cs=0&ds=6&ft=4KJMyMzm8Zmo0lqoC-4jVRMLdpWrKsd.&mime_type=video_mp4&qs=0&rc=NTVkN2doNDo5ZDM8NjlnO0BpMzk6eG85cnR3cTMzaTczNEBhXi00Yy80NV8xNTUxXjY2YSNeNmM2MmRjamdgLS1kMTJzcw%3D%3D&btag=e00090000&expire=1714251686&l=20240425210014AD4B8B66AB7BC2008A5C&ply_type=2&policy=2&signature=a6ab510f7ce65eebe8bdae38280d1c76&tk=tt_chain_token&__vid=TT-vCache-7343079288943562015
video/mp4,bytesbytes 1217610-1217994/1217995,1714079331.430741,1714079331.431166,1714079331.445517,1714079331.445843,dump,video,/video/tos/useast8/tos-useast8-ve-0068c002-tx2/oUmEffNwHAXRDdBEQm2EAZBV3E8FIVBjl2zAKX/?a=1988&bti=NDU3ZjAwOg%3D%3D&ch=0&cr=3&dr=0&lr=unwatermarked&cd=0%7C0%7C0%7C&cv=1&br=1260&bt=630&cs=0&ds=6&ft=4KJMyMzm8Zmo06voC-4jVXvWdpWrKsd.&mime_type=video_mp4&qs=0&rc=ZDk5NjxkMzg1MzZlN2hkZUBpanVmN3U5cnBncTMzaTczNEAxXmBeNGI0NTQxMF9fLjJjYSNjNGItMmRjbWxgLS1kMTJzcw%3D%3D&btag=e00088000&expire=1714252095&l=20240425210758BB13DC2F02416400E537&ply_type=2&policy=2&signature=1db72361fcdd4dd110cd125f2dce9173&tk=tt_chain_token&__vid=TT-vCache-7345615317336460575
video/mp4,bytesbytes 0-614399/793024,1714079333.4035048,1714079333.404798,1714079333.472766,1714079333.554057,dump,video,/video/tos/useast5/tos-useast5-ve-0068c002-tx/oQdenGmyIAQfejYi7ceIs9cMoQHMA4LNvmKDSe/?a=1988&bti=NDU3ZjAwOg%3D%3D&ch=0&cr=3&dr=0&lr=unwatermarked&cd=0%7C0%7C0%7C&cv=1&br=2134&bt=1067&cs=0&ds=6&ft=4KJMyMzm8Zmo06voC-4jVXvWdpWrKsd.&mime_type=video_mp4&qs=0&rc=ZDo6ODw6aWY5OTw1ZWhmZEBpamt1ang5cm1xcTMzZzczNEAyMTJjNDUyNl4xXzQzNmEuYSNocWBzMmRzZ21gLS1kMS9zcw%3D%3D&btag=e00088000&expire=1714252085&l=20240425210758BB13DC2F02416400E537&ply_type=2&policy=2&signature=c1d009a7607b5612a56954099727dc50&tk=tt_chain_token&__vid=TT-vCache-7346349247509335339
video/mp4,bytesbytes 614400-792870/793024,1714079333.569303,1714079333.570577,1714079333.5908659,1714079333.805942,dump,video,/video/tos/useast5/tos-useast5-ve-0068c002-tx/oQdenGmyIAQfejYi7ceIs9cMoQHMA4LNvmKDSe/?a=1988&bti=NDU3ZjAwOg%3D%3D&ch=0&cr=3&dr=0&lr=unwatermarked&cd=0%7C0%7C0%7C&cv=1&br=2134&bt=1067&cs=0&ds=6&ft=4KJMyMzm8Zmo06voC-4jVXvWdpWrKsd.&mime_type=video_mp4&qs=0&rc=ZDo6ODw6aWY5OTw1ZWhmZEBpamt1ang5cm1xcTMzZzczNEAyMTJjNDUyNl4xXzQzNmEuYSNocWBzMmRzZ21gLS1kMS9zcw%3D%3D&btag=e00088000&expire=1714252085&l=20240425210758BB13DC2F02416400E537&ply_type=2&policy=2&signature=c1d009a7607b5612a56954099727dc50&tk=tt_chain_token&__vid=TT-vCache-7346349247509335339
video/mp4,bytesbytes 792871-793023/793024,1714079333.83514,1714079333.835726,1714079333.851253,1714079333.8518028,dump,video,/video/tos/useast5/tos-useast5-ve-0068c002-tx/oQdenGmyIAQfejYi7ceIs9cMoQHMA4LNvmKDSe/?a=1988&bti=NDU3ZjAwOg%3D%3D&ch=0&cr=3&dr=0&lr=unwatermarked&cd=0%7C0%7C0%7C&cv=1&br=2134&bt=1067&cs=0&ds=6&ft=4KJMyMzm8Zmo06voC-4jVXvWdpWrKsd.&mime_type=video_mp4&qs=0&rc=ZDo6ODw6aWY5OTw1ZWhmZEBpamt1ang5cm1xcTMzZzczNEAyMTJjNDUyNl4xXzQzNmEuYSNocWBzMmRzZ21gLS1kMS9zcw%3D%3D&btag=e00088000&expire=1714252085&l=20240425210758BB13DC2F02416400E537&ply_type=2&policy=2&signature=c1d009a7607b5612a56954099727dc50&tk=tt_chain_token&__vid=TT-vCache-7346349247509335339
video/mp4,bytesbytes 1439304-1439656/1439657,1714079351.472928,1714079351.4733171,1714079351.600851,1714079351.601973,dump,video,/video/tos/useast5/tos-useast5-ve-0068c002-tx/ogpIsD4QEiZyBiilzEBFBEOytgDXUOvh0AMBg/?a=1988&bti=NDU3ZjAwOg%3D%3D&ch=0&cr=3&dr=0&lr=unwatermarked&cd=0%7C0%7C0%7C&cv=1&br=1936&bt=968&cs=0&ds=6&ft=4KJMyMzm8Zmo06voC-4jVXvWdpWrKsd.&mime_type=video_mp4&qs=0&rc=PDVmZTM4OTNoaDY5aGc7NkBpMzVoNGw5cjZlcjMzZzczNEA1YTQvNi4wNmMxMjIuYjQvYSMvXzU0MmRrMzNgLS1kMS9zcw%3D%3D&btag=e00088000&expire=1714252091&l=20240425210758BB13DC2F02416400E537&ply_type=2&policy=2&signature=7199a37804991c1d316beeb6b80e463f&tk=tt_chain_token&__vid=TT-vCache-7353451086717521198
video/mp4,bytesbytes 0-614399/9869070,1714079353.437906,1714079353.439028,1714079353.565001,1714079354.050299,dump,video,/video/tos/useast5/tos-useast5-ve-0068c002-tx/o8BR3CgCfAQtKqobgDRmHfBKuEDSFE0IlNSIkw/?a=1988&bti=NDU3ZjAwOg%3D%3D&ch=0&cr=3&dr=0&lr=unwatermarked&cd=0%7C0%7C0%7C&cv=1&br=3252&bt=1626&cs=0&ds=6&ft=4KJMyMzm8Zmo06voC-4jVXvWdpWrKsd.&mime_type=video_mp4&qs=0&rc=O2U3ZDk2NjU1ZTpmMzxkOUBpajQ1O3I5cmdncjMzZzczNEAvNTM1YDQwNTMxXjUuYy40YSMvNXA2MmRzaTFgLS1kMS9zcw%3D%3D&btag=e00088000&expire=1714252127&l=20240425210758BB13DC2F02416400E537&ply_type=2&policy=2&signature=409c2b3f725cac78ff2f6d463edf31e6&tk=tt_chain_token&__vid=TT-vCache-7352370138475154731
video/mp4,bytesbytes 614400-788347/9869070,1714079354.067633,1714079354.0691562,1714079354.085739,1714079354.2966132,dump,video,/video/tos/useast5/tos-useast5-ve-0068c002-tx/o8BR3CgCfAQtKqobgDRmHfBKuEDSFE0IlNSIkw/?a=1988&bti=NDU3ZjAwOg%3D%3D&ch=0&cr=3&dr=0&lr=unwatermarked&cd=0%7C0%7C0%7C&cv=1&br=3252&bt=1626&cs=0&ds=6&ft=4KJMyMzm8Zmo06voC-4jVXvWdpWrKsd.&mime_type=video_mp4&qs=0&rc=O2U3ZDk2NjU1ZTpmMzxkOUBpajQ1O3I5cmdncjMzZzczNEAvNTM1YDQwNTMxXjUuYy40YSMvNXA2MmRzaTFgLS1kMS9zcw%3D%3D&btag=e00088000&expire=1714252127&l=20240425210758BB13DC2F02416400E537&ply_type=2&policy=2&signature=409c2b3f725cac78ff2f6d463edf31e6&tk=tt_chain_token&__vid=TT-vCache-7352370138475154731
video/mp4,bytesbytes 788348-3963412/9869070,1714079354.318924,1714079354.320284,1714079354.341774,1714079356.841856,dump,video,/video/tos/useast5/tos-useast5-ve-0068c002-tx/o8BR3CgCfAQtKqobgDRmHfBKuEDSFE0IlNSIkw/?a=1988&bti=NDU3ZjAwOg%3D%3D&ch=0&cr=3&dr=0&lr=unwatermarked&cd=0%7C0%7C0%7C&cv=1&br=3252&bt=1626&cs=0&ds=6&ft=4KJMyMzm8Zmo06voC-4jVXvWdpWrKsd.&mime_type=video_mp4&qs=0&rc=O2U3ZDk2NjU1ZTpmMzxkOUBpajQ1O3I5cmdncjMzZzczNEAvNTM1YDQwNTMxXjUuYy40YSMvNXA2MmRzaTFgLS1kMS9zcw%3D%3D&btag=e00088000&expire=1714252127&l=20240425210758BB13DC2F02416400E537&ply_type=2&policy=2&signature=409c2b3f725cac78ff2f6d463edf31e6&tk=tt_chain_token&__vid=TT-vCache-7352370138475154731
video/mp4,bytesbytes 0-614399/4240671,1714079373.448724,1714079373.449688,1714079373.476064,1714079373.688395,dump,video,/video/tos/useast5/tos-useast5-ve-0068c002-tx/oolEDxfDSIwuVemCqvFF0DrbNBSAYE0CFQEYEg/?a=1988&bti=NDU3ZjAwOg%3D%3D&ch=0&cr=3&dr=0&lr=unwatermarked&cd=0%7C0%7C0%7C&br=7528&bt=3764&cs=0&ds=6&ft=4KJMyMzm8Zmo06voC-4jVXvWdpWrKsd.&mime_type=video_mp4&qs=0&rc=PDgzOGkzPDpoZ2VmN2U3ZEBpamU2anI5cjl1cjMzZzgzNEA1LTRgNS4vNjExMjEwXjMuYSMvcWdeMmQ0bjNgLS1kLy9zcw%3D%3D&btag=e00088000&expire=1714252088&l=20240425210758BB13DC2F02416400E537&ply_type=2&policy=2&signature=b61da102358ee7ffc00071f83d014565&tk=tt_chain_token&__vid=TT-vCache-7331086693753163051
video/mp4,bytesbytes 614400-1139780/4240671,1714079373.7017899,1714079373.7028239,1714079373.717806,1714079373.867149,dump,video,/video/tos/useast5/tos-useast5-ve-0068c002-tx/oolEDxfDSIwuVemCqvFF0DrbNBSAYE0CFQEYEg/?a=1988&bti=NDU3ZjAwOg%3D%3D&ch=0&cr=3&dr=0&lr=unwatermarked&cd=0%7C0%7C0%7C&br=7528&bt=3764&cs=0&ds=6&ft=4KJMyMzm8Zmo06voC-4jVXvWdpWrKsd.&mime_type=video_mp4&qs=0&rc=PDgzOGkzPDpoZ2VmN2U3ZEBpamU2anI5cjl1cjMzZzgzNEA1LTRgNS4vNjExMjEwXjMuYSMvcWdeMmQ0bjNgLS1kLy9zcw%3D%3D&btag=e00088000&expire=1714252088&l=20240425210758BB13DC2F02416400E537&ply_type=2&policy=2&signature=b61da102358ee7ffc00071f83d014565&tk=tt_chain_token&__vid=TT-vCache-7331086693753163051
video/mp4,bytesbytes 1139781-4240319/4240671,1714079373.885911,1714079373.88738,1714079373.9064581,1714079374.498431,dump,video,/video/tos/useast5/tos-useast5-ve-0068c002-tx/oolEDxfDSIwuVemCqvFF0DrbNBSAYE0CFQEYEg/?a=1988&bti=NDU3ZjAwOg%3D%3D&ch=0&cr=3&dr=0&lr=unwatermarked&cd=0%7C0%7C0%7C&br=7528&bt=3764&cs=0&ds=6&ft=4KJMyMzm8Zmo06voC-4jVXvWdpWrKsd.&mime_type=video_mp4&qs=0&rc=PDgzOGkzPDpoZ2VmN2U3ZEBpamU2anI5cjl1cjMzZzgzNEA1LTRgNS4vNjExMjEwXjMuYSMvcWdeMmQ0bjNgLS1kLy9zcw%3D%3D&btag=e00088000&expire=1714252088&l=20240425210758BB13DC2F02416400E537&ply_type=2&policy=2&signature=b61da102358ee7ffc00071f83d014565&tk=tt_chain_token&__vid=TT-vCache-7331086693753163051
video/mp4,bytesbytes 4240320-4240670/4240671,1714079374.54404,1714079374.544766,1714079374.564066,1714079374.564777,dump,video,/video/tos/useast5/tos-useast5-ve-0068c002-tx/oolEDxfDSIwuVemCqvFF0DrbNBSAYE0CFQEYEg/?a=1988&bti=NDU3ZjAwOg%3D%3D&ch=0&cr=3&dr=0&lr=unwatermarked&cd=0%7C0%7C0%7C&br=7528&bt=3764&cs=0&ds=6&ft=4KJMyMzm8Zmo06voC-4jVXvWdpWrKsd.&mime_type=video_mp4&qs=0&rc=PDgzOGkzPDpoZ2VmN2U3ZEBpamU2anI5cjl1cjMzZzgzNEA1LTRgNS4vNjExMjEwXjMuYSMvcWdeMmQ0bjNgLS1kLy9zcw%3D%3D&btag=e00088000&expire=1714252088&l=20240425210758BB13DC2F02416400E537&ply_type=2&policy=2&signature=b61da102358ee7ffc00071f83d014565&tk=tt_chain_token&__vid=TT-vCache-7331086693753163051
video/mp4,bytesbytes 0-614399/5150746,1714079393.4447172,1714079393.447742,1714079393.573886,1714079393.658793,dump,video,/video/tos/useast5/tos-useast5-pve-0068-tx/oU9SNFBPIiAyEbACYQip6GCEBwQofIDSzWYYw4/?a=1988&bti=NDU3ZjAwOg%3D%3D&ch=0&cr=3&dr=0&lr=unwatermarked&cd=0%7C0%7C0%7C&cv=1&br=996&bt=498&cs=0&ds=6&ft=4KJMyMzm8Zmo06voC-4jVXvWdpWrKsd.&mime_type=video_mp4&qs=0&rc=PDtkOzxmNTM5NGhnNDk5N0BpM3Jnb2o5cjo0cjMzZzczNEA2Nl5fYS1hXmMxYGAxM18uYSNgMmRyMmRzZjZgLS1kMS9zcw%3D%3D&btag=e00090000&expire=1714252160&l=20240425210758BB13DC2F02416400E537&ply_type=2&policy=2&signature=3ab75bb87df96933b7196ce7f166dadd&tk=tt_chain_token&__vid=TT-vCache-7354968962662272299
video/mp4,bytesbytes 614400-638242/5150746,1714079393.685537,1714079393.687541,1714079393.7557929,1714079393.760442,dump,video,/video/tos/useast5/tos-useast5-pve-0068-tx/oU9SNFBPIiAyEbACYQip6GCEBwQofIDSzWYYw4/?a=1988&bti=NDU3ZjAwOg%3D%3D&ch=0&cr=3&dr=0&lr=unwatermarked&cd=0%7C0%7C0%7C&cv=1&br=996&bt=498&cs=0&ds=6&ft=4KJMyMzm8Zmo06voC-4jVXvWdpWrKsd.&mime_type=video_mp4&qs=0&rc=PDtkOzxmNTM5NGhnNDk5N0BpM3Jnb2o5cjo0cjMzZzczNEA2Nl5fYS1hXmMxYGAxM18uYSNgMmRyMmRzZjZgLS1kMS9zcw%3D%3D&btag=e00090000&expire=1714252160&l=20240425210758BB13DC2F02416400E537&ply_type=2&policy=2&signature=3ab75bb87df96933b7196ce7f166dadd&tk=tt_chain_token&__vid=TT-vCache-7354968962662272299
video/mp4,bytesbytes 3963413-6467766/9869070,1714079411.469099,1714079411.4695601,1714079411.4947011,1714079411.795496,dump,video,/video/tos/useast5/tos-useast5-ve-0068c002-tx/o8BR3CgCfAQtKqobgDRmHfBKuEDSFE0IlNSIkw/?a=1988&bti=NDU3ZjAwOg%3D%3D&ch=0&cr=3&dr=0&lr=unwatermarked&cd=0%7C0%7C0%7C&cv=1&br=3252&bt=1626&cs=0&ds=6&ft=4KJMyMzm8Zmo06voC-4jVXvWdpWrKsd.&mime_type=video_mp4&qs=0&rc=O2U3ZDk2NjU1ZTpmMzxkOUBpajQ1O3I5cmdncjMzZzczNEAvNTM1YDQwNTMxXjUuYy40YSMvNXA2MmRzaTFgLS1kMS9zcw%3D%3D&btag=e00088000&expire=1714252127&l=20240425210758BB13DC2F02416400E537&ply_type=2&policy=2&signature=409c2b3f725cac78ff2f6d463edf31e6&tk=tt_chain_token&__vid=TT-vCache-7352370138475154731
video/mp4,bytesbytes 6467767-8885747/9869070,1714079411.964583,1714079411.966036,1714079411.983839,1714079412.243039,dump,video,/video/tos/useast5/tos-useast5-ve-0068c002-tx/o8BR3CgCfAQtKqobgDRmHfBKuEDSFE0IlNSIkw/?a=1988&bti=NDU3ZjAwOg%3D%3D&ch=0&cr=3&dr=0&lr=unwatermarked&cd=0%7C0%7C0%7C&cv=1&br=3252&bt=1626&cs=0&ds=6&ft=4KJMyMzm8Zmo06voC-4jVXvWdpWrKsd.&mime_type=video_mp4&qs=0&rc=O2U3ZDk2NjU1ZTpmMzxkOUBpajQ1O3I5cmdncjMzZzczNEAvNTM1YDQwNTMxXjUuYy40YSMvNXA2MmRzaTFgLS1kMS9zcw%3D%3D&btag=e00088000&expire=1714252127&l=20240425210758BB13DC2F02416400E537&ply_type=2&policy=2&signature=409c2b3f725cac78ff2f6d463edf31e6&tk=tt_chain_token&__vid=TT-vCache-7352370138475154731
video/mp4,bytesbytes 0-614399/1153385,1714079413.4371672,1714079413.4386392,1714079413.462827,1714079413.521159,dump,video,/video/tos/useast5/tos-useast5-ve-0068c002-tx/oowrihgEEPDA6S8FyMBVblL51BTDREQGIDwffL/?a=1988&bti=NDU3ZjAwOg%3D%3D&ch=0&cr=3&dr=0&lr=unwatermarked&cd=0%7C0%7C0%7C&cv=1&br=1310&bt=655&cs=0&ds=6&ft=4KJMyMzm8Zmo06voC-4jVXvWdpWrKsd.&mime_type=video_mp4&qs=0&rc=aTM6ZmlkaWhlZ2ZnaDRmZ0BpM3k1dHQ5cm1scTMzZzczNEBiYzBhLjFjX2ExLmFhYzMyYSNlX2poMmRzcGlgLS1kMS9zcw%3D%3D&btag=e00088000&expire=1714252093&l=20240425210758BB13DC2F02416400E537&ply_type=2&policy=2&signature=8671e07195b1b8b413138291cc531b1b&tk=tt_chain_token&__vid=TT-vCache-7344015278449102123
video/mp4,bytesbytes 614400-651501/1153385,1714079413.528002,1714079413.5291579,1714079413.542808,1714079413.547182,dump,video,/video/tos/useast5/tos-useast5-ve-0068c002-tx/oowrihgEEPDA6S8FyMBVblL51BTDREQGIDwffL/?a=1988&bti=NDU3ZjAwOg%3D%3D&ch=0&cr=3&dr=0&lr=unwatermarked&cd=0%7C0%7C0%7C&cv=1&br=1310&bt=655&cs=0&ds=6&ft=4KJMyMzm8Zmo06voC-4jVXvWdpWrKsd.&mime_type=video_mp4&qs=0&rc=aTM6ZmlkaWhlZ2ZnaDRmZ0BpM3k1dHQ5cm1scTMzZzczNEBiYzBhLjFjX2ExLmFhYzMyYSNlX2poMmRzcGlgLS1kMS9zcw%3D%3D&btag=e00088000&expire=1714252093&l=20240425210758BB13DC2F02416400E537&ply_type=2&policy=2&signature=8671e07195b1b8b413138291cc531b1b&tk=tt_chain_token&__vid=TT-vCache-7344015278449102123
video/mp4,bytesbytes 651502-1153070/1153385,1714079413.553609,1714079413.55473,1714079413.573347,1714079413.628292,dump,video,/video/tos/useast5/tos-useast5-ve-0068c002-tx/oowrihgEEPDA6S8FyMBVblL51BTDREQGIDwffL/?a=1988&bti=NDU3ZjAwOg%3D%3D&ch=0&cr=3&dr=0&lr=unwatermarked&cd=0%7C0%7C0%7C&cv=1&br=1310&bt=655&cs=0&ds=6&ft=4KJMyMzm8Zmo06voC-4jVXvWdpWrKsd.&mime_type=video_mp4&qs=0&rc=aTM6ZmlkaWhlZ2ZnaDRmZ0BpM3k1dHQ5cm1scTMzZzczNEBiYzBhLjFjX2ExLmFhYzMyYSNlX2poMmRzcGlgLS1kMS9zcw%3D%3D&btag=e00088000&expire=1714252093&l=20240425210758BB13DC2F02416400E537&ply_type=2&policy=2&signature=8671e07195b1b8b413138291cc531b1b&tk=tt_chain_token&__vid=TT-vCache-7344015278449102123
video/mp4,bytesbytes 8885748-9868882/9869070,1714079423.152066,1714079423.153842,1714079423.173864,1714079423.278281,dump,video,/video/tos/useast5/tos-useast5-ve-0068c002-tx/o8BR3CgCfAQtKqobgDRmHfBKuEDSFE0IlNSIkw/?a=1988&bti=NDU3ZjAwOg%3D%3D&ch=0&cr=3&dr=0&lr=unwatermarked&cd=0%7C0%7C0%7C&cv=1&br=3252&bt=1626&cs=0&ds=6&ft=4KJMyMzm8Zmo06voC-4jVXvWdpWrKsd.&mime_type=video_mp4&qs=0&rc=O2U3ZDk2NjU1ZTpmMzxkOUBpajQ1O3I5cmdncjMzZzczNEAvNTM1YDQwNTMxXjUuYy40YSMvNXA2MmRzaTFgLS1kMS9zcw%3D%3D&btag=e00088000&expire=1714252127&l=20240425210758BB13DC2F02416400E537&ply_type=2&policy=2&signature=409c2b3f725cac78ff2f6d463edf31e6&tk=tt_chain_token&__vid=TT-vCache-7352370138475154731
video/mp4,bytesbytes 9868883-9869069/9869070,1714079428.977061,1714079428.977997,1714079428.995337,1714079428.996505,dump,video,/video/tos/useast5/tos-useast5-ve-0068c002-tx/o8BR3CgCfAQtKqobgDRmHfBKuEDSFE0IlNSIkw/?a=1988&bti=NDU3ZjAwOg%3D%3D&ch=0&cr=3&dr=0&lr=unwatermarked&cd=0%7C0%7C0%7C&cv=1&br=3252&bt=1626&cs=0&ds=6&ft=4KJMyMzm8Zmo06voC-4jVXvWdpWrKsd.&mime_type=video_mp4&qs=0&rc=O2U3ZDk2NjU1ZTpmMzxkOUBpajQ1O3I5cmdncjMzZzczNEAvNTM1YDQwNTMxXjUuYy40YSMvNXA2MmRzaTFgLS1kMS9zcw%3D%3D&btag=e00088000&expire=1714252127&l=20240425210758BB13DC2F02416400E537&ply_type=2&policy=2&signature=409c2b3f725cac78ff2f6d463edf31e6&tk=tt_chain_token&__vid=TT-vCache-7352370138475154731
video/mp4,bytesbytes 0-5150745/5150746,1714079471.3878999,1714079471.3884768,1714079471.406621,1714079471.9635892,dump,video,/video/tos/useast5/tos-useast5-pve-0068-tx/oU9SNFBPIiAyEbACYQip6GCEBwQofIDSzWYYw4/?a=1988&bti=NDU3ZjAwOg%3D%3D&ch=0&cr=3&dr=0&lr=unwatermarked&cd=0%7C0%7C0%7C&cv=1&br=996&bt=498&cs=0&ds=6&ft=4KJMyMzm8Zmo06voC-4jVXvWdpWrKsd.&mime_type=video_mp4&qs=0&rc=PDtkOzxmNTM5NGhnNDk5N0BpM3Jnb2o5cjo0cjMzZzczNEA2Nl5fYS1hXmMxYGAxM18uYSNgMmRyMmRzZjZgLS1kMS9zcw%3D%3D&btag=e00090000&expire=1714252160&l=20240425210758BB13DC2F02416400E537&ply_type=2&policy=2&signature=3ab75bb87df96933b7196ce7f166dadd&tk=tt_chain_token
video/mp4,bytesbytes 1153071-1153384/1153385,1714079491.792452,1714079491.793104,1714079491.930121,1714079491.9708102,dump,video,/video/tos/useast5/tos-useast5-ve-0068c002-tx/oowrihgEEPDA6S8FyMBVblL51BTDREQGIDwffL/?a=1988&bti=NDU3ZjAwOg%3D%3D&ch=0&cr=3&dr=0&lr=unwatermarked&cd=0%7C0%7C0%7C&cv=1&br=1310&bt=655&cs=0&ds=6&ft=4KJMyMzm8Zmo06voC-4jVXvWdpWrKsd.&mime_type=video_mp4&qs=0&rc=aTM6ZmlkaWhlZ2ZnaDRmZ0BpM3k1dHQ5cm1scTMzZzczNEBiYzBhLjFjX2ExLmFhYzMyYSNlX2poMmRzcGlgLS1kMS9zcw%3D%3D&btag=e00088000&expire=1714252093&l=20240425210758BB13DC2F02416400E537&ply_type=2&policy=2&signature=8671e07195b1b8b413138291cc531b1b&tk=tt_chain_token&__vid=TT-vCache-7344015278449102123
video/mp4,bytesbytes 0-819199/14795963,1714079491.6430972,1714079491.6435132,1714079491.789258,1714079491.975584,dump,video,/video/tos/useast5/tos-useast5-pve-0068-tx/o8GDHSmESDfD4B3Zg4SdmfEgFEAREQExwuIIOI/?a=1988&bti=NDU3ZjAwOg%3D%3D&ch=0&cr=3&dr=0&lr=unwatermarked&cd=0%7C0%7C0%7C&cv=1&br=2428&bt=1214&cs=0&ds=6&ft=4KJMyMzm8Zmo06foC-4jVJhrdpWrKsd.&mime_type=video_mp4&qs=0&rc=PDdoODM6ZjU6NmdoZjg2OUBpM3loM3I5cmg5cjMzZzczNEBhXzYuLzVgNmMxLWA2XzQuYSNrNWNmMmQ0NjZgLS1kMS9zcw%3D%3D&btag=e00090000&expire=1714252367&l=20240425211111AF1F34947A50EA00F25E&ply_type=2&policy=2&signature=000426f2455f1cd7c3161d2c70cd03e5&tk=tt_chain_token&__vid=TT-vCache-7355052651966631214
video/mp4,bytesbytes 819200-1711420/14795963,1714079491.99328,1714079491.995295,1714079492.1717188,1714079492.261227,dump,video,/video/tos/useast5/tos-useast5-pve-0068-tx/o8GDHSmESDfD4B3Zg4SdmfEgFEAREQExwuIIOI/?a=1988&bti=NDU3ZjAwOg%3D%3D&ch=0&cr=3&dr=0&lr=unwatermarked&cd=0%7C0%7C0%7C&cv=1&br=2428&bt=1214&cs=0&ds=6&ft=4KJMyMzm8Zmo06foC-4jVJhrdpWrKsd.&mime_type=video_mp4&qs=0&rc=PDdoODM6ZjU6NmdoZjg2OUBpM3loM3I5cmg5cjMzZzczNEBhXzYuLzVgNmMxLWA2XzQuYSNrNWNmMmQ0NjZgLS1kMS9zcw%3D%3D&btag=e00090000&expire=1714252367&l=20240425211111AF1F34947A50EA00F25E&ply_type=2&policy=2&signature=000426f2455f1cd7c3161d2c70cd03e5&tk=tt_chain_token&__vid=TT-vCache-7355052651966631214
video/mp4,bytesbytes 0-614399/1155088,1714079492.606782,1714079492.6080399,1714079492.647191,1714079492.712933,dump,video,/video/tos/useast5/tos-useast5-ve-0068c003-tx/o8SFBajRNIuREFQDEmxgWUDfF0fQABdBgE5HGZ/?a=1988&bti=NDU3ZjAwOg%3D%3D&ch=0&cr=3&dr=0&lr=unwatermarked&cd=0%7C0%7C0%7C&cv=1&br=3108&bt=1554&cs=0&ds=6&ft=4KJMyMzm8Zmo06foC-4jVJhrdpWrKsd.&mime_type=video_mp4&qs=0&rc=ODw0NzRkZzw8ODU6NjZpM0BpM2c3N3k5cmdrcjMzZzczNEBgLTZfMC9gX2ExNC42NTFfYSNhXi9rMmQ0XjBgLS1kMS9zcw%3D%3D&btag=e00088000&expire=1714252277&l=20240425211111AF1F34947A50EA00F25E&ply_type=2&policy=2&signature=6214339673e549057da29d492e695383&tk=tt_chain_token&__vid=TT-vCache-7351868739610037546
video/mp4,bytesbytes 614400-1154875/1155088,1714079492.7230132,1714079492.724524,1714079492.741396,1714079492.795975,dump,video,/video/tos/useast5/tos-useast5-ve-0068c003-tx/o8SFBajRNIuREFQDEmxgWUDfF0fQABdBgE5HGZ/?a=1988&bti=NDU3ZjAwOg%3D%3D&ch=0&cr=3&dr=0&lr=unwatermarked&cd=0%7C0%7C0%7C&cv=1&br=3108&bt=1554&cs=0&ds=6&ft=4KJMyMzm8Zmo06foC-4jVJhrdpWrKsd.&mime_type=video_mp4&qs=0&rc=ODw0NzRkZzw8ODU6NjZpM0BpM2c3N3k5cmdrcjMzZzczNEBgLTZfMC9gX2ExNC42NTFfYSNhXi9rMmQ0XjBgLS1kMS9zcw%3D%3D&btag=e00088000&expire=1714252277&l=20240425211111AF1F34947A50EA00F25E&ply_type=2&policy=2&signature=6214339673e549057da29d492e695383&tk=tt_chain_token&__vid=TT-vCache-7351868739610037546
video/mp4,bytesbytes 1154876-1155087/1155088,1714079492.8148391,1714079492.816598,1714079492.8294961,1714079492.830624,dump,video,/video/tos/useast5/tos-useast5-ve-0068c003-tx/o8SFBajRNIuREFQDEmxgWUDfF0fQABdBgE5HGZ/?a=1988&bti=NDU3ZjAwOg%3D%3D&ch=0&cr=3&dr=0&lr=unwatermarked&cd=0%7C0%7C0%7C&cv=1&br=3108&bt=1554&cs=0&ds=6&ft=4KJMyMzm8Zmo06foC-4jVJhrdpWrKsd.&mime_type=video_mp4&qs=0&rc=ODw0NzRkZzw8ODU6NjZpM0BpM2c3N3k5cmdrcjMzZzczNEBgLTZfMC9gX2ExNC42NTFfYSNhXi9rMmQ0XjBgLS1kMS9zcw%3D%3D&btag=e00088000&expire=1714252277&l=20240425211111AF1F34947A50EA00F25E&ply_type=2&policy=2&signature=6214339673e549057da29d492e695383&tk=tt_chain_token&__vid=TT-vCache-7351868739610037546
video/mp4,bytesbytes 0-614399/2599913,1714079493.607234,1714079493.608344,1714079493.961764,1714079494.384547,dump,video,/video/tos/useast8/tos-useast8-ve-0068c002-tx2/oMIjELjC27wEIZFj1SIgcOAqCPAf0Z0e9XfQXD/?a=1988&bti=NDU3ZjAwOg%3D%3D&ch=0&cr=3&dr=0&lr=unwatermarked&cd=0%7C0%7C0%7C&cv=1&br=2704&bt=1352&cs=0&ds=6&ft=4KJMyMzm8Zmo06foC-4jVJhrdpWrKsd.&mime_type=video_mp4&qs=0&rc=ODs7ZWVpNTM4Z2U0MzQ1O0BpMzw4bnQ5cjk2cTMzaTczNEBiMTAvNTUzNjYxYmAvNWIxYSNhb2BhMmRjbHNgLS1kMTJzcw%3D%3D&btag=e00088000&expire=1714252287&l=20240425211111AF1F34947A50EA00F25E&ply_type=2&policy=2&signature=54cf99e6f19c3dd0993ce3ba9b1abb03&tk=tt_chain_token&__vid=TT-vCache-7349379010125761823
video/mp4,bytesbytes 614400-1385763/2599913,1714079494.3985522,1714079494.400171,1714079494.416969,1714079494.5246358,dump,video,/video/tos/useast8/tos-useast8-ve-0068c002-tx2/oMIjELjC27wEIZFj1SIgcOAqCPAf0Z0e9XfQXD/?a=1988&bti=NDU3ZjAwOg%3D%3D&ch=0&cr=3&dr=0&lr=unwatermarked&cd=0%7C0%7C0%7C&cv=1&br=2704&bt=1352&cs=0&ds=6&ft=4KJMyMzm8Zmo06foC-4jVJhrdpWrKsd.&mime_type=video_mp4&qs=0&rc=ODs7ZWVpNTM4Z2U0MzQ1O0BpMzw4bnQ5cjk2cTMzaTczNEBiMTAvNTUzNjYxYmAvNWIxYSNhb2BhMmRjbHNgLS1kMTJzcw%3D%3D&btag=e00088000&expire=1714252287&l=20240425211111AF1F34947A50EA00F25E&ply_type=2&policy=2&signature=54cf99e6f19c3dd0993ce3ba9b1abb03&tk=tt_chain_token&__vid=TT-vCache-7349379010125761823
video/mp4,bytesbytes 1385764-2599551/2599913,1714079494.54289,1714079494.543874,1714079494.5629451,1714079494.691844,dump,video,/video/tos/useast8/tos-useast8-ve-0068c002-tx2/oMIjELjC27wEIZFj1SIgcOAqCPAf0Z0e9XfQXD/?a=1988&bti=NDU3ZjAwOg%3D%3D&ch=0&cr=3&dr=0&lr=unwatermarked&cd=0%7C0%7C0%7C&cv=1&br=2704&bt=1352&cs=0&ds=6&ft=4KJMyMzm8Zmo06foC-4jVJhrdpWrKsd.&mime_type=video_mp4&qs=0&rc=ODs7ZWVpNTM4Z2U0MzQ1O0BpMzw4bnQ5cjk2cTMzaTczNEBiMTAvNTUzNjYxYmAvNWIxYSNhb2BhMmRjbHNgLS1kMTJzcw%3D%3D&btag=e00088000&expire=1714252287&l=20240425211111AF1F34947A50EA00F25E&ply_type=2&policy=2&signature=54cf99e6f19c3dd0993ce3ba9b1abb03&tk=tt_chain_token&__vid=TT-vCache-7349379010125761823
video/mp4,bytesbytes 0-505587/505588,1714079511.624067,1714079511.6252701,1714079511.7310028,1714079511.822422,dump,video,/video/tos/useast5/tos-useast5-ve-0068c001-tx/ocwtyinNyBvQ9x26ABANTUV6iHtIpEfIxCQpUw/?a=1988&bti=NDU3ZjAwOg%3D%3D&ch=0&cr=3&dr=0&lr=unwatermarked&cd=0%7C0%7C0%7C&cv=1&br=1032&bt=516&cs=0&ds=6&ft=4KJMyMzm8Zmo06foC-4jVJhrdpWrKsd.&mime_type=video_mp4&qs=0&rc=aWk0ODxmM2U1ZWkzZWhmNEBpM2txbnQ5cnVpcTMzZzczNEAtMC4uLmItNi0xMi4tYi1eYSNsMi5oMmRjYV5gLS1kMS9zcw%3D%3D&btag=e00088000&expire=1714252279&l=20240425211111AF1F34947A50EA00F25E&ply_type=2&policy=2&signature=e0d758ba71551058396e97821981685c&tk=tt_chain_token
video/mp4,bytesbytes 0-614399/2088927,1714079517.6036658,1714079517.604945,1714079517.6288168,1714079517.69598,dump,video,/video/tos/useast5/tos-useast5-ve-0068c003-tx/osCIjeGvtf3e0HXibq7Jki9IAEDLgILmHRAAqm/?a=1988&bti=NDU3ZjAwOg%3D%3D&ch=0&cr=3&dr=0&lr=unwatermarked&cd=0%7C0%7C0%7C&cv=1&br=3172&bt=1586&cs=0&ds=6&ft=4KJMyMzm8Zmo06foC-4jVJhrdpWrKsd.&mime_type=video_mp4&qs=0&rc=M2doNztoOzlnOTQ2NTw7ZUBpajw1O2o5cjp1cTMzZzczNEAuNi1gLl40NTIxXy81XzZgYSNkZ2dxMmRrcWFgLS1kMS9zcw%3D%3D&btag=e00088000&expire=1714252282&l=20240425211111AF1F34947A50EA00F25E&ply_type=2&policy=2&signature=219beb9174bebf019a9c3ad618b02980&tk=tt_chain_token&__vid=TT-vCache-7339669494941355306
video/mp4,bytesbytes 614400-2088585/2088927,1714079517.72017,1714079517.721237,1714079517.7398038,1714079519.084078,dump,video,/video/tos/useast5/tos-useast5-ve-0068c003-tx/osCIjeGvtf3e0HXibq7Jki9IAEDLgILmHRAAqm/?a=1988&bti=NDU3ZjAwOg%3D%3D&ch=0&cr=3&dr=0&lr=unwatermarked&cd=0%7C0%7C0%7C&cv=1&br=3172&bt=1586&cs=0&ds=6&ft=4KJMyMzm8Zmo06foC-4jVJhrdpWrKsd.&mime_type=video_mp4&qs=0&rc=M2doNztoOzlnOTQ2NTw7ZUBpajw1O2o5cjp1cTMzZzczNEAuNi1gLl40NTIxXy81XzZgYSNkZ2dxMmRrcWFgLS1kMS9zcw%3D%3D&btag=e00088000&expire=1714252282&l=20240425211111AF1F34947A50EA00F25E&ply_type=2&policy=2&signature=219beb9174bebf019a9c3ad618b02980&tk=tt_chain_token&__vid=TT-vCache-7339669494941355306
video/mp4,bytesbytes 1711421-3630616/14795963,1714079531.668937,1714079531.669885,1714079531.687041,1714079531.9161978,dump,video,/video/tos/useast5/tos-useast5-pve-0068-tx/o8GDHSmESDfD4B3Zg4SdmfEgFEAREQExwuIIOI/?a=1988&bti=NDU3ZjAwOg%3D%3D&ch=0&cr=3&dr=0&lr=unwatermarked&cd=0%7C0%7C0%7C&cv=1&br=2428&bt=1214&cs=0&ds=6&ft=4KJMyMzm8Zmo06foC-4jVJhrdpWrKsd.&mime_type=video_mp4&qs=0&rc=PDdoODM6ZjU6NmdoZjg2OUBpM3loM3I5cmg5cjMzZzczNEBhXzYuLzVgNmMxLWA2XzQuYSNrNWNmMmQ0NjZgLS1kMS9zcw%3D%3D&btag=e00090000&expire=1714252367&l=20240425211111AF1F34947A50EA00F25E&ply_type=2&policy=2&signature=000426f2455f1cd7c3161d2c70cd03e5&tk=tt_chain_token&__vid=TT-vCache-7355052651966631214
video/mp4,bytesbytes 3630617-5600351/14795963,1714079531.944553,1714079531.945876,1714079531.978668,1714079532.2734878,dump,video,/video/tos/useast5/tos-useast5-pve-0068-tx/o8GDHSmESDfD4B3Zg4SdmfEgFEAREQExwuIIOI/?a=1988&bti=NDU3ZjAwOg%3D%3D&ch=0&cr=3&dr=0&lr=unwatermarked&cd=0%7C0%7C0%7C&cv=1&br=2428&bt=1214&cs=0&ds=6&ft=4KJMyMzm8Zmo06foC-4jVJhrdpWrKsd.&mime_type=video_mp4&qs=0&rc=PDdoODM6ZjU6NmdoZjg2OUBpM3loM3I5cmg5cjMzZzczNEBhXzYuLzVgNmMxLWA2XzQuYSNrNWNmMmQ0NjZgLS1kMS9zcw%3D%3D&btag=e00090000&expire=1714252367&l=20240425211111AF1F34947A50EA00F25E&ply_type=2&policy=2&signature=000426f2455f1cd7c3161d2c70cd03e5&tk=tt_chain_token&__vid=TT-vCache-7355052651966631214
video/mp4,bytesbytes 0-614399/14722818,1714079533.601237,1714079533.6022599,1714079533.6229088,1714079533.701809,dump,video,/video/tos/useast5/tos-useast5-pve-0068-tx/o0kIECwQEFAqdAQgERwDS84nx8HOr0mDHDffBB/?a=1988&bti=NDU3ZjAwOg%3D%3D&ch=0&cr=3&dr=0&lr=unwatermarked&cd=0%7C0%7C0%7C&cv=1&br=3696&bt=1848&cs=0&ds=6&ft=4KJMyMzm8Zmo06foC-4jVJhrdpWrKsd.&mime_type=video_mp4&qs=0&rc=Ojo7M2dnOzdmaTg6NmZnZUBpM3Y1cXQ5cnlrcjMzZzczNEAxLTYzLzI1XjQxYzBgXzIwYSM1Y3NeMmQ0aS5gLS1kMS9zcw%3D%3D&btag=e00090000&expire=1714252334&l=20240425211111AF1F34947A50EA00F25E&ply_type=2&policy=2&signature=b6964dfdb9ccb0283b8e61f92dde0deb&tk=tt_chain_token&__vid=TT-vCache-7350749647167622443
video/mp4,bytesbytes 614400-1368905/14722818,1714079533.7181041,1714079533.719765,1714079533.7907221,1714079533.891078,dump,video,/video/tos/useast5/tos-useast5-pve-0068-tx/o0kIECwQEFAqdAQgERwDS84nx8HOr0mDHDffBB/?a=1988&bti=NDU3ZjAwOg%3D%3D&ch=0&cr=3&dr=0&lr=unwatermarked&cd=0%7C0%7C0%7C&cv=1&br=3696&bt=1848&cs=0&ds=6&ft=4KJMyMzm8Zmo06foC-4jVJhrdpWrKsd.&mime_type=video_mp4&qs=0&rc=Ojo7M2dnOzdmaTg6NmZnZUBpM3Y1cXQ5cnlrcjMzZzczNEAxLTYzLzI1XjQxYzBgXzIwYSM1Y3NeMmQ0aS5gLS1kMS9zcw%3D%3D&btag=e00090000&expire=1714252334&l=20240425211111AF1F34947A50EA00F25E&ply_type=2&policy=2&signature=b6964dfdb9ccb0283b8e61f92dde0deb&tk=tt_chain_token&__vid=TT-vCache-7350749647167622443
video/mp4,bytesbytes 1368906-4230248/14722818,1714079533.91111,1714079533.912381,1714079533.944981,1714079534.363331,dump,video,/video/tos/useast5/tos-useast5-pve-0068-tx/o0kIECwQEFAqdAQgERwDS84nx8HOr0mDHDffBB/?a=1988&bti=NDU3ZjAwOg%3D%3D&ch=0&cr=3&dr=0&lr=unwatermarked&cd=0%7C0%7C0%7C&cv=1&br=3696&bt=1848&cs=0&ds=6&ft=4KJMyMzm8Zmo06foC-4jVJhrdpWrKsd.&mime_type=video_mp4&qs=0&rc=Ojo7M2dnOzdmaTg6NmZnZUBpM3Y1cXQ5cnlrcjMzZzczNEAxLTYzLzI1XjQxYzBgXzIwYSM1Y3NeMmQ0aS5gLS1kMS9zcw%3D%3D&btag=e00090000&expire=1714252334&l=20240425211111AF1F34947A50EA00F25E&ply_type=2&policy=2&signature=b6964dfdb9ccb0283b8e61f92dde0deb&tk=tt_chain_token&__vid=TT-vCache-7350749647167622443
video/mp4,bytesbytes 5600352-8090369/14795963,1714079541.781756,1714079541.7826319,1714079541.814472,1714079542.246867,dump,video,/video/tos/useast5/tos-useast5-pve-0068-tx/o8GDHSmESDfD4B3Zg4SdmfEgFEAREQExwuIIOI/?a=1988&bti=NDU3ZjAwOg%3D%3D&ch=0&cr=3&dr=0&lr=unwatermarked&cd=0%7C0%7C0%7C&cv=1&br=2428&bt=1214&cs=0&ds=6&ft=4KJMyMzm8Zmo06foC-4jVJhrdpWrKsd.&mime_type=video_mp4&qs=0&rc=PDdoODM6ZjU6NmdoZjg2OUBpM3loM3I5cmg5cjMzZzczNEBhXzYuLzVgNmMxLWA2XzQuYSNrNWNmMmQ0NjZgLS1kMS9zcw%3D%3D&btag=e00090000&expire=1714252367&l=20240425211111AF1F34947A50EA00F25E&ply_type=2&policy=2&signature=000426f2455f1cd7c3161d2c70cd03e5&tk=tt_chain_token&__vid=TT-vCache-7355052651966631214
video/mp4,bytesbytes 0-614399/2016059,1714079553.596245,1714079553.597826,1714079553.6244109,1714079553.6853828,dump,video,/video/tos/useast5/tos-useast5-ve-0068c001-tx/oU1mZfAc5I7aUBCLAfQHENIdehIDVCHkjGQjuL/?a=1988&bti=NDU3ZjAwOg%3D%3D&ch=0&cr=3&dr=0&lr=unwatermarked&cd=0%7C0%7C0%7C&cv=1&br=2994&bt=1497&cs=0&ds=6&ft=4KJMyMzm8Zmo06foC-4jVJhrdpWrKsd.&mime_type=video_mp4&qs=0&rc=NjxoZGQ3Z2c4aTtmNTo0OEBpamtzam45cmhtcTMzZzczNEAzYi0yNmI2XjAxXy81NTQzYSNzczIvMmRrNWJgLS1kMS9zcw%3D%3D&btag=e00088000&expire=1714252282&l=20240425211111AF1F34947A50EA00F25E&ply_type=2&policy=2&signature=63a28eb19360877555abe1d222e04ebe&tk=tt_chain_token&__vid=TT-vCache-7340081804952554798
video/mp4,bytesbytes 614400-1573419/2016059,1714079553.700114,1714079553.701067,1714079553.725662,1714079553.868315,dump,video,/video/tos/useast5/tos-useast5-ve-0068c001-tx/oU1mZfAc5I7aUBCLAfQHENIdehIDVCHkjGQjuL/?a=1988&bti=NDU3ZjAwOg%3D%3D&ch=0&cr=3&dr=0&lr=unwatermarked&cd=0%7C0%7C0%7C&cv=1&br=2994&bt=1497&cs=0&ds=6&ft=4KJMyMzm8Zmo06foC-4jVJhrdpWrKsd.&mime_type=video_mp4&qs=0&rc=NjxoZGQ3Z2c4aTtmNTo0OEBpamtzam45cmhtcTMzZzczNEAzYi0yNmI2XjAxXy81NTQzYSNzczIvMmRrNWJgLS1kMS9zcw%3D%3D&btag=e00088000&expire=1714252282&l=20240425211111AF1F34947A50EA00F25E&ply_type=2&policy=2&signature=63a28eb19360877555abe1d222e04ebe&tk=tt_chain_token&__vid=TT-vCache-7340081804952554798
video/mp4,bytesbytes 1573420-2015896/2016059,1714079553.8895612,1714079553.891264,1714079553.92182,1714079553.969922,dump,video,/video/tos/useast5/tos-useast5-ve-0068c001-tx/oU1mZfAc5I7aUBCLAfQHENIdehIDVCHkjGQjuL/?a=1988&bti=NDU3ZjAwOg%3D%3D&ch=0&cr=3&dr=0&lr=unwatermarked&cd=0%7C0%7C0%7C&cv=1&br=2994&bt=1497&cs=0&ds=6&ft=4KJMyMzm8Zmo06foC-4jVJhrdpWrKsd.&mime_type=video_mp4&qs=0&rc=NjxoZGQ3Z2c4aTtmNTo0OEBpamtzam45cmhtcTMzZzczNEAzYi0yNmI2XjAxXy81NTQzYSNzczIvMmRrNWJgLS1kMS9zcw%3D%3D&btag=e00088000&expire=1714252282&l=20240425211111AF1F34947A50EA00F25E&ply_type=2&policy=2&signature=63a28eb19360877555abe1d222e04ebe&tk=tt_chain_token&__vid=TT-vCache-7340081804952554798
video/mp4,bytesbytes 2599552-2599912/2599913,1714079570.2908978,1714079570.2921028,1714079570.307711,1714079570.309469,dump,video,/video/tos/useast8/tos-useast8-ve-0068c002-tx2/oMIjELjC27wEIZFj1SIgcOAqCPAf0Z0e9XfQXD/?a=1988&bti=NDU3ZjAwOg%3D%3D&ch=0&cr=3&dr=0&lr=unwatermarked&cd=0%7C0%7C0%7C&cv=1&br=2704&bt=1352&cs=0&ds=6&ft=4KJMyMzm8Zmo06foC-4jVJhrdpWrKsd.&mime_type=video_mp4&qs=0&rc=ODs7ZWVpNTM4Z2U0MzQ1O0BpMzw4bnQ5cjk2cTMzaTczNEBiMTAvNTUzNjYxYmAvNWIxYSNhb2BhMmRjbHNgLS1kMTJzcw%3D%3D&btag=e00088000&expire=1714252287&l=20240425211111AF1F34947A50EA00F25E&ply_type=2&policy=2&signature=54cf99e6f19c3dd0993ce3ba9b1abb03&tk=tt_chain_token&__vid=TT-vCache-7349379010125761823
video/mp4,bytesbytes 2088586-2088926/2088927,1714079571.633333,1714079571.6337469,1714079571.647347,1714079571.648438,dump,video,/video/tos/useast5/tos-useast5-ve-0068c003-tx/osCIjeGvtf3e0HXibq7Jki9IAEDLgILmHRAAqm/?a=1988&bti=NDU3ZjAwOg%3D%3D&ch=0&cr=3&dr=0&lr=unwatermarked&cd=0%7C0%7C0%7C&cv=1&br=3172&bt=1586&cs=0&ds=6&ft=4KJMyMzm8Zmo06foC-4jVJhrdpWrKsd.&mime_type=video_mp4&qs=0&rc=M2doNztoOzlnOTQ2NTw7ZUBpajw1O2o5cjp1cTMzZzczNEAuNi1gLl40NTIxXy81XzZgYSNkZ2dxMmRrcWFgLS1kMS9zcw%3D%3D&btag=e00088000&expire=1714252282&l=20240425211111AF1F34947A50EA00F25E&ply_type=2&policy=2&signature=219beb9174bebf019a9c3ad618b02980&tk=tt_chain_token&__vid=TT-vCache-7339669494941355306
video/mp4,bytesbytes 0-614399/12407346,1714079572.2431412,1714079572.2436879,1714079572.3093472,1714079572.371079,dump,video,/video/tos/useast5/tos-useast5-ve-0068c004-tx/owgXwE3FlDqz6umiADBOmWOyFgUQSIfRfEGJWG/?a=1988&bti=NDU3ZjAwOg%3D%3D&ch=0&cr=3&dr=0&lr=unwatermarked&cd=0%7C0%7C0%7C&cv=1&br=3136&bt=1568&cs=0&ds=6&ft=4KJMyMzm8Zmo06foC-4jVJhrdpWrKsd.&mime_type=video_mp4&qs=0&rc=aDxnOGQ3Ozs0NGRpZjRoPEBpanFlO2s5cjxxcTMzZzczNEBhXjQ0XjZgXjUxY15fXi8zYSMuZGwvMmRrXjJgLS1kMS9zcw%3D%3D&btag=e00090000&expire=1714252333&l=20240425211111AF1F34947A50EA00F25E&ply_type=2&policy=2&signature=40abc29330f6599c2171050f08bb515e&tk=tt_chain_token&__vid=TT-vCache-7335085779431034154
video/mp4,bytesbytes 614400-1501051/12407346,1714079572.387152,1714079572.3887491,1714079572.4014149,1714079572.499636,dump,video,/video/tos/useast5/tos-useast5-ve-0068c004-tx/owgXwE3FlDqz6umiADBOmWOyFgUQSIfRfEGJWG/?a=1988&bti=NDU3ZjAwOg%3D%3D&ch=0&cr=3&dr=0&lr=unwatermarked&cd=0%7C0%7C0%7C&cv=1&br=3136&bt=1568&cs=0&ds=6&ft=4KJMyMzm8Zmo06foC-4jVJhrdpWrKsd.&mime_type=video_mp4&qs=0&rc=aDxnOGQ3Ozs0NGRpZjRoPEBpanFlO2s5cjxxcTMzZzczNEBhXjQ0XjZgXjUxY15fXi8zYSMuZGwvMmRrXjJgLS1kMS9zcw%3D%3D&btag=e00090000&expire=1714252333&l=20240425211111AF1F34947A50EA00F25E&ply_type=2&policy=2&signature=40abc29330f6599c2171050f08bb515e&tk=tt_chain_token&__vid=TT-vCache-7335085779431034154
video/mp4,bytesbytes 1501052-4325077/12407346,1714079572.518507,1714079572.520268,1714079572.538913,1714079572.823444,dump,video,/video/tos/useast5/tos-useast5-ve-0068c004-tx/owgXwE3FlDqz6umiADBOmWOyFgUQSIfRfEGJWG/?a=1988&bti=NDU3ZjAwOg%3D%3D&ch=0&cr=3&dr=0&lr=unwatermarked&cd=0%7C0%7C0%7C&cv=1&br=3136&bt=1568&cs=0&ds=6&ft=4KJMyMzm8Zmo06foC-4jVJhrdpWrKsd.&mime_type=video_mp4&qs=0&rc=aDxnOGQ3Ozs0NGRpZjRoPEBpanFlO2s5cjxxcTMzZzczNEBhXjQ0XjZgXjUxY15fXi8zYSMuZGwvMmRrXjJgLS1kMS9zcw%3D%3D&btag=e00090000&expire=1714252333&l=20240425211111AF1F34947A50EA00F25E&ply_type=2&policy=2&signature=40abc29330f6599c2171050f08bb515e&tk=tt_chain_token&__vid=TT-vCache-7335085779431034154
video/mp4,bytesbytes 0-387702/399645,1714079574.2457888,1714079574.2478971,1714079574.269668,1714079574.307067,dump,video,/video/tos/useast5/tos-useast5-ve-0068c002-tx/okl2I1lEADE32gRGXtMBfFi6YDSskEgURbtedG/?a=1988&bti=NDU3ZjAwOg%3D%3D&ch=0&cr=3&dr=0&lr=unwatermarked&cd=0%7C0%7C0%7C&cv=1&br=1210&bt=605&cs=0&ds=6&ft=4KJMyMzm8Zmo06foC-4jVJhrdpWrKsd.&mime_type=video_mp4&qs=0&rc=aTc3Mzs8aTpnOTtlZWk3NkBpajh1N3c5cjx1cDMzZzczNEA2YDUxNjEtNWIxNjYwNDNiYSNfYTAyMmQ0YG5gLS1kMS9zcw%3D%3D&btag=e00088000&expire=1714252277&l=20240425211111AF1F34947A50EA00F25E&ply_type=2&policy=2&signature=579629fc85b8264181766de77c05d586&tk=tt_chain_token&__vid=TT-vCache-7328964151257140523
video/mp4,bytesbytes 387703-399107/399645,1714079574.318472,1714079574.319272,1714079574.3335109,1714079574.334629,dump,video,/video/tos/useast5/tos-useast5-ve-0068c002-tx/okl2I1lEADE32gRGXtMBfFi6YDSskEgURbtedG/?a=1988&bti=NDU3ZjAwOg%3D%3D&ch=0&cr=3&dr=0&lr=unwatermarked&cd=0%7C0%7C0%7C&cv=1&br=1210&bt=605&cs=0&ds=6&ft=4KJMyMzm8Zmo06foC-4jVJhrdpWrKsd.&mime_type=video_mp4&qs=0&rc=aTc3Mzs8aTpnOTtlZWk3NkBpajh1N3c5cjx1cDMzZzczNEA2YDUxNjEtNWIxNjYwNDNiYSNfYTAyMmQ0YG5gLS1kMS9zcw%3D%3D&btag=e00088000&expire=1714252277&l=20240425211111AF1F34947A50EA00F25E&ply_type=2&policy=2&signature=579629fc85b8264181766de77c05d586&tk=tt_chain_token&__vid=TT-vCache-7328964151257140523
video/mp4,bytesbytes 399108-399644/399645,1714079574.346605,1714079574.347052,1714079574.3595421,1714079574.36009,dump,video,/video/tos/useast5/tos-useast5-ve-0068c002-tx/okl2I1lEADE32gRGXtMBfFi6YDSskEgURbtedG/?a=1988&bti=NDU3ZjAwOg%3D%3D&ch=0&cr=3&dr=0&lr=unwatermarked&cd=0%7C0%7C0%7C&cv=1&br=1210&bt=605&cs=0&ds=6&ft=4KJMyMzm8Zmo06foC-4jVJhrdpWrKsd.&mime_type=video_mp4&qs=0&rc=aTc3Mzs8aTpnOTtlZWk3NkBpajh1N3c5cjx1cDMzZzczNEA2YDUxNjEtNWIxNjYwNDNiYSNfYTAyMmQ0YG5gLS1kMS9zcw%3D%3D&btag=e00088000&expire=1714252277&l=20240425211111AF1F34947A50EA00F25E&ply_type=2&policy=2&signature=579629fc85b8264181766de77c05d586&tk=tt_chain_token&__vid=TT-vCache-7328964151257140523
