video/mp4,bytesbytes 0-15955842/15955843,1711831068.21514,1711831068.215428,1711831068.2681699,1711831072.83646,dump,video,/video/tos/useast5/tos-useast5-pve-0068-tx/ocf8IeAQjkl8f0uUDAAATRbggAwLl1MkOL4HWC/?a=1988&bti=NDU3ZjAwOg%3D%3D&ch=0&cr=3&dr=0&lr=unwatermarked&cd=0%7C0%7C0%7C&cv=1&br=3976&bt=1988&cs=0&ds=6&ft=4KJMyMzm8Zmo0-NJ1-4jVIvrdpWrKsd.&mime_type=video_mp4&qs=0&rc=PDhnPDk4aGZlaDo5Nzs0NkBpanlsNHA5cjQzcTMzZzczNEAxXzVhXy0tXzYxY2JgMTRgYSMvczJrMmRjYS1gLS1kMS9zcw%3D%3D&btag=e00090000&expire=1712003009&l=20240330202227FFB3AF0440351B2FAF56&ply_type=2&policy=2&signature=f91ec38ef16e5d1adf878469500c1fa0&tk=tt_chain_token
video/mp4,bytesbytes 0-14671629/14671630,1711831082.429583,1711831082.430275,1711831082.47233,1711831083.803137,dump,video,/video/tos/useast5/tos-useast5-ve-0068c003-tx/oEkja1Ifm3c2GrkhIAubpUAgGeAWLHAjpCeL0R/?a=1988&bti=NDU3ZjAwOg%3D%3D&ch=0&cr=3&dr=0&lr=unwatermarked&cd=0%7C0%7C0%7C&cv=1&br=2786&bt=1393&cs=0&ds=6&ft=4KJMyMzm8Zmo0-NJ1-4jVIvrdpWrKsd.&mime_type=video_mp4&qs=0&rc=M2ZnZWc1Ozg3ZTxnOWhoOEBpanI5anA5cm10cTMzZzczNEBiLmMvLTAwNjQxYGM2LmM1YSNwaC5nMmRjX2lgLS1kMS9zcw%3D%3D&btag=e00090000&expire=1712003029&l=20240330202227FFB3AF0440351B2FAF56&ply_type=2&policy=2&signature=9dc50d6608915b55dafc50b342a3aa83&tk=tt_chain_token
video/mp4,bytesbytes 0-2186270/2186271,1711831084.384004,1711831084.384564,1711831084.414019,1711831084.531311,dump,video,/video/tos/useast5/tos-useast5-pve-0068-tx/oULtfI7LgAZXHLLAI9tG8j2CkVAeReOVI10AgG/?a=1988&bti=NDU3ZjAwOg%3D%3D&ch=0&cr=3&dr=0&lr=unwatermarked&cd=0%7C0%7C0%7C&cv=1&br=2488&bt=1244&cs=0&ds=6&ft=4KJMyMzm8Zmo0jcJ1-4jVhG.dpWrKsd.&mime_type=video_mp4&qs=0&rc=ZDs8Nzw2Z2c3OjU0aGdkZUBpamxocHk5cjw2cTMzZzczNEA2NS81MC5iXzYxLzFfYmI1YSNyX25iMmRjXy1gLS1kMS9zcw%3D%3D&btag=e00088000&expire=1712003881&l=20240330203748023A8B0D7AEC9C30DC97&ply_type=2&policy=2&signature=9801a13718114697d284aba37a8a10b4&tk=tt_chain_token
video/mp4,bytesbytes 0-9497803/9497804,1711831086.315996,1711831086.316479,1711831086.397351,1711831087.03695,dump,video,/video/tos/useast5/tos-useast5-ve-0068c004-tx/okt7jfovLQkSIHH77COFucTEIMDg19AmkAfieP/?a=1988&bti=NDU3ZjAwOg%3D%3D&ch=0&cr=3&dr=0&lr=unwatermarked&cd=0%7C0%7C0%7C&cv=1&br=3074&bt=1537&cs=0&ds=6&ft=4KJMyMzm8Zmo0jcJ1-4jVhG.dpWrKsd.&mime_type=video_mp4&qs=0&rc=NzY0OWg7ZzVmOzlkZDs0Z0BpM3BzPHc5cnN5cDMzZzczNEA1Ni82LmNgXy0xMDFhYmA0YSNuM3BxMmQ0NmJgLS1kMS9zcw%3D%3D&btag=e00088000&expire=1712003916&l=20240330203748023A8B0D7AEC9C30DC97&ply_type=2&policy=2&signature=98328ead73b8de968cf948dc4ad05964&tk=tt_chain_token
video/mp4,bytesbytes 0-1868074/1868075,1711831088.522032,1711831088.522636,1711831088.6405199,1711831088.968637,dump,video,/video/tos/useast5/tos-useast5-ve-0068c001-tx/oMBBURyQQyITiNKCi2AC7IEBuwop1ydAmFf9S9/?a=1988&bti=NDU3ZjAwOg%3D%3D&ch=0&cr=3&dr=0&lr=unwatermarked&cd=0%7C0%7C0%7C&cv=1&br=1772&bt=886&cs=0&ds=6&ft=4KJMyMzm8Zmo0jcJ1-4jVhG.dpWrKsd.&mime_type=video_mp4&qs=0&rc=N2RpOzg6ZTs1OWZnNzdkOkBpM21rN3c5cjlmcDMzZzczNEAvXjQ1YWM0NjIxMi0zMC0uYSNnbi8yMmRzZWtgLS1kMS9zcw%3D%3D&btag=e00088000&expire=1712003884&l=20240330203748023A8B0D7AEC9C30DC97&ply_type=2&policy=2&signature=52f754a82accf4a15bfcf8527dd95eb9&tk=tt_chain_token
video/mp4,bytesbytes 0-3632433/3632434,1711831090.317556,1711831090.317984,1711831090.386009,1711831090.656624,dump,video,/video/tos/useast5/tos-useast5-ve-0068c004-tx/okGDFC67eIi74d1DQgGfEf24k2QgLIAPlHDjAp/?a=1988&bti=NDU3ZjAwOg%3D%3D&ch=0&cr=3&dr=0&lr=unwatermarked&cd=0%7C0%7C0%7C&cv=1&br=2196&bt=1098&cs=0&ds=6&ft=4KJMyMzm8Zmo0jcJ1-4jVhG.dpWrKsd.&mime_type=video_mp4&qs=0&rc=aDxkaGhnZ2Q0NTw5NzQ7M0BpanZuc2s5cnh4cDMzZzczNEBhLzEtMmNgNmMxNjNhLWFhYSNhMHNiMmQ0bmRgLS1kMS9zcw%3D%3D&btag=e00088000&expire=1712003893&l=20240330203748023A8B0D7AEC9C30DC97&ply_type=2&policy=2&signature=f8d3f02993922f8adcb5f9b23dcbfe16&tk=tt_chain_token
video/mp4,bytesbytes 0-10893068/10893069,1711831092.33268,1711831092.333345,1711831092.358455,1711831093.1637719,dump,video,/video/tos/useast5/tos-useast5-ve-0068c001-tx/o4CFQ8XoxRktufakHgMAIbZ2joLAfCtIUPQe8O/?a=1988&bti=NDU3ZjAwOg%3D%3D&ch=0&cr=3&dr=0&lr=unwatermarked&cd=0%7C0%7C0%7C&cv=1&br=1890&bt=945&cs=0&ds=6&ft=4KJMyMzm8Zmo0jcJ1-4jVhG.dpWrKsd.&mime_type=video_mp4&qs=0&rc=ODc8ZTQ7OWdmaThoaWQ2OEBpM3l4ang5cnc6cDMzZzczNEAtNTI2YGIuNTIxXl5jNl41YSNzL2VuMmRram1gLS1kMS9zcw%3D%3D&btag=e00090000&expire=1712003958&l=20240330203748023A8B0D7AEC9C30DC97&ply_type=2&policy=2&signature=ad0d52333ffad2e1dd3f0ffb3444f873&tk=tt_chain_token
video/mp4,bytesbytes 0-12835264/12835265,1711831094.410555,1711831094.411124,1711831094.440641,1711831095.3197818,dump,video,/video/tos/useast5/tos-useast5-pve-0068-tx/og9foFBRSDlavOEQJgMBAyT9IfQKKiDEznEPSQ/?a=1988&bti=NDU3ZjAwOg%3D%3D&ch=0&cr=3&dr=0&lr=unwatermarked&cd=0%7C0%7C0%7C&cv=1&br=1560&bt=780&cs=0&ds=6&ft=4KJMyMzm8Zmo0jcJ1-4jVhG.dpWrKsd.&mime_type=video_mp4&qs=0&rc=aTg4aTQ8OWg3PDs7ODhlNEBpajt3am45cjVscDMzZzczNEBhLS9jNS8vXzYxYy5jL14tYSNjcTEvMmRrNXJgLS1kMS9zcw%3D%3D&btag=e00090000&expire=1712003996&l=20240330203748023A8B0D7AEC9C30DC97&ply_type=2&policy=2&signature=07ab67adddbe0722593f679232e1351b&tk=tt_chain_token
video/mp4,bytesbytes 0-1163842/1163843,1711831096.3535402,1711831096.3538299,1711831096.3779142,1711831096.4683661,dump,video,/video/tos/useast5/tos-useast5-ve-0068c002-tx/oI45RP3xlISBEHD36Bfi2DLiEXBQAWAkZgfXJo/?a=1988&bti=NDU3ZjAwOg%3D%3D&ch=0&cr=3&dr=0&lr=unwatermarked&cd=0%7C0%7C0%7C&cv=1&br=2050&bt=1025&cs=0&ds=6&ft=4KJMyMzm8Zmo0jcJ1-4jVhG.dpWrKsd.&mime_type=video_mp4&qs=0&rc=PDZmZDRoNDg7ZmQ2NzMzZUBpanJ4ZHE5cmZ4cTMzZzczNEAwYjAwYy4uX14xMl9fYjFfYSNvNi8tMmRzX3BgLS1kMS9zcw%3D%3D&btag=e00088000&expire=1712003876&l=20240330203748023A8B0D7AEC9C30DC97&ply_type=2&policy=2&signature=dd132292066179b13fe12a702fa66bf6&tk=tt_chain_token
video/mp4,bytesbytes 0-4664903/4664904,1711831098.3557608,1711831098.3565152,1711831098.495666,1711831098.821253,dump,video,/video/tos/useast5/tos-useast5-ve-0068c001-tx/o0ImEQBcI2I0ARByYiu3fDWCCp8C1iEwpl2WA6/?a=1988&bti=NDU3ZjAwOg%3D%3D&ch=0&cr=3&dr=0&lr=unwatermarked&cd=0%7C0%7C0%7C&cv=1&br=3156&bt=1578&cs=0&ds=6&ft=4KJMyMzm8Zmo0jcJ1-4jVhG.dpWrKsd.&mime_type=video_mp4&qs=0&rc=NGc2M2RoNTo1aWdnZjZoOEBpMzY1M3Y5cnRncDMzZzczNEAuYTReNmIzNl8xM14xY2IyYSMuXmVgMmRzNmdgLS1kMS9zcw%3D%3D&btag=e00088000&expire=1712003891&l=20240330203748023A8B0D7AEC9C30DC97&ply_type=2&policy=2&signature=96e9d5ba3a70c048ef1919b4d399721a&tk=tt_chain_token
video/mp4,bytesbytes 0-7606272/7606273,1711831100.335037,1711831100.3354502,1711831100.640952,1711831101.620445,dump,video,/video/tos/useast5/tos-useast5-ve-0068c002-tx/ocqII4gnuWfeACkgNLp5jXAOxQQo8HpMIircjf/?a=1988&bti=NDU3ZjAwOg%3D%3D&ch=0&cr=3&dr=0&lr=unwatermarked&cd=0%7C0%7C0%7C&cv=1&br=1962&bt=981&cs=0&ds=6&ft=4KJMyMzm8Zmo05cJ1-4jVJnrdpWrKsd.&mime_type=video_mp4&qs=0&rc=ODdpaGc6ZTU0Nzc6OmdpNkBpanQ5dm85cmlvcTMzZzczNEAvMC0wMmAzNmExNl5iLV8yYSNjczUzMmQ0YGxgLS1kMS9zcw%3D%3D&btag=e00090000&expire=1712003956&l=202403302038155387AEFB53DE7F327779&ply_type=2&policy=2&signature=6806a9b8fe96690fca37402f96683f2b&tk=tt_chain_token
video/mp4,bytesbytes 0-861520/861521,1711831102.388107,1711831102.3886569,1711831102.679626,1711831103.116006,dump,video,/video/tos/useast5/tos-useast5-ve-0068c003-tx/ogarRcKhlQSSEqD8gBlFqMDEIADa80AGPgfejS/?a=1988&bti=NDU3ZjAwOg%3D%3D&ch=0&cr=3&dr=0&lr=unwatermarked&cd=0%7C0%7C0%7C&cv=1&br=966&bt=483&cs=0&ds=6&ft=4KJMyMzm8Zmo05cJ1-4jVJnrdpWrKsd.&mime_type=video_mp4&qs=0&rc=M2U2aDQ2ZWRlZmk5ZmgzPEBpamczNXg5cm12cDMzZzczNEBeMzEvNGJeNTIxXzIvX2AuYSMvMzVjMmRzLl5gLS1kMS9zcw%3D%3D&btag=e00088000&expire=1712003909&l=202403302038155387AEFB53DE7F327779&ply_type=2&policy=2&signature=8d559e00cd60d835ae24733ee6405995&tk=tt_chain_token
video/mp4,bytesbytes 0-745421/745422,1711831106.389421,1711831106.389867,1711831106.558544,1711831106.876362,dump,video,/video/tos/useast8/tos-useast8-ve-0068c003-tx2/o8IQuIAyE7adkiu3xI7BBALCqPifAJB8tEXgiT/?a=1988&bti=NDU3ZjAwOg%3D%3D&ch=0&cr=3&dr=0&lr=unwatermarked&cd=0%7C0%7C0%7C&cv=1&br=1122&bt=561&cs=0&ds=6&ft=4KJMyMzm8Zmo0AcJ1-4jV-WZdpWrKsd.&mime_type=video_mp4&qs=0&rc=N2g7aDo4ZDNoaTRpODQ0OUBpM2lwcms5cjc6cTMzaTczNEA1NTIyMzFjXjIxYS0wLmAyYSMxcDItMmRzMWFgLS1kMTJzcw%3D%3D&btag=e00088000&expire=1712003912&l=202403302038213F0E4FE9D1D98F31746E&ply_type=2&policy=2&signature=90e0321122e95d5b36df454e1c74bcaf&tk=tt_chain_token
video/mp4,bytesbytes 0-11150086/11150087,1711831108.3713658,1711831108.371941,1711831108.399202,1711831109.155156,dump,video,/video/tos/useast5/tos-useast5-pve-0068-tx/oQjivZH2IA3CpdfA38BBPB1IlDAiQoxwKDTyEo/?a=1988&bti=NDU3ZjAwOg%3D%3D&ch=0&cr=3&dr=0&lr=unwatermarked&cd=0%7C0%7C0%7C&cv=1&br=2024&bt=1012&cs=0&ds=6&ft=4KJMyMzm8Zmo0AcJ1-4jV-WZdpWrKsd.&mime_type=video_mp4&qs=0&rc=NjY5ZzY2Zmk6NjQ6OTczN0BpanF2ZHE5cjY5cTMzZzczNEAxXzIwYl8xXmIxMS8wLjYyYSNuYzItMmQ0XnJgLS1kMS9zcw%3D%3D&btag=e00090000&expire=1712003988&l=202403302038213F0E4FE9D1D98F31746E&ply_type=2&policy=2&signature=a99175f20644e71fc5cecc9ff5a25781&tk=tt_chain_token
video/mp4,bytesbytes 0-8843033/8843034,1711831110.5098932,1711831110.510877,1711831110.602943,1711831111.182774,dump,video,/video/tos/useast5/tos-useast5-ve-0068c002-tx/ockgIziubQp3WZ5qBQBAEm96IGywOAvCIRiAfU/?a=1988&bti=NDU3ZjAwOg%3D%3D&ch=0&cr=3&dr=0&lr=unwatermarked&cd=0%7C0%7C0%7C&cv=1&br=2260&bt=1130&cs=0&ds=6&ft=4KJMyMzm8Zmo00LJ1-4jVm4WdpWrKsd.&mime_type=video_mp4&qs=0&rc=aTlnNmQ5NDY0O2k1OTo6PEBpanM1N3Q5cnU2cTMzZzczNEAwNC5gMTIuNmAxYF8uYi5eYSNtLS0wMmRzM2lgLS1kMS9zcw%3D%3D&btag=e00090000&expire=1712003967&l=20240330203825023A8B0D7AEC9C30E273&ply_type=2&policy=2&signature=3c18fa08721dec1f1f4715f5ad66fe7c&tk=tt_chain_token
video/mp4,bytesbytes 0-2060333/2060334,1711831112.465101,1711831112.465844,1711831112.5948741,1711831112.6888802,dump,video,/video/tos/useast5/tos-useast5-ve-0068c001-tx/ogyIE9oMEFAWKpQgER4DS2H4opiBuulmGDffB8/?a=1988&bti=NDU3ZjAwOg%3D%3D&ch=0&cr=3&dr=0&lr=unwatermarked&cd=0%7C0%7C0%7C&cv=1&br=2718&bt=1359&cs=0&ds=6&ft=4KJMyMzm8Zmo00LJ1-4jVm4WdpWrKsd.&mime_type=video_mp4&qs=0&rc=ZjxoZzg7Nzs0ZzYzOWU4NkBpMzx5cXE5cmc7cDMzZzczNEBjYDMtNmMtX2MxMC1gXi9iYSMzZWwyMmRra2dgLS1kMS9zcw%3D%3D&btag=e00088000&expire=1712003917&l=20240330203825023A8B0D7AEC9C30E273&ply_type=2&policy=2&signature=e9d977ab598c85d1a9b16d30f99e2a6b&tk=tt_chain_token
video/mp4,bytesbytes 0-1245040/1245041,1711831114.659543,1711831114.660437,1711831114.850801,1711831114.961185,dump,video,/video/tos/useast5/tos-useast5-ve-0068c001-tx/ogU1GeOdIIWkR3xNjALALCYXg9j8AvswfHxEye/?a=1988&bti=NDU3ZjAwOg%3D%3D&ch=0&cr=3&dr=0&lr=unwatermarked&cd=0%7C0%7C0%7C&cv=1&br=1260&bt=630&cs=0&ds=6&ft=4KJMyMzm8Zmo00LJ1-4jVm4WdpWrKsd.&mime_type=video_mp4&qs=0&rc=PDNnOTY3OjdmaGRmN2Q5M0BpMzZsZ205cjZ4cTMzZzczNEA2YzVjMjFfXy8xLTExXi0vYSNiamVoMmRrMmlgLS1kMS9zcw%3D%3D&btag=e00088000&expire=1712003921&l=20240330203825023A8B0D7AEC9C30E273&ply_type=2&policy=2&signature=62bc8c63d1df22259ed4d7b7a6e0a0c0&tk=tt_chain_token
video/mp4,bytesbytes 0-1433452/1433453,1711831116.4228969,1711831116.4238179,1711831116.4648588,1711831116.524107,dump,video,/video/tos/useast5/tos-useast5-ve-0068c003-tx/oEBoUYDSQFAkIDB8ggESuSECDuk0fRRylQTfg1/?a=1988&bti=NDU3ZjAwOg%3D%3D&ch=0&cr=3&dr=0&lr=unwatermarked&cd=0%7C0%7C0%7C&cv=1&br=2324&bt=1162&cs=0&ds=6&ft=4KJMyMzm8Zmo0pLJ1-4jVEEkdpWrKsd.&mime_type=video_mp4&qs=0&rc=Nzk0M2Y2OTg7PGU1NTU1Z0BpM3Q2ZHE5cjc3cTMzZzczNEAvNl5gYWMyX2AxMzBfYC4uYSNsNS4tMmRrZm1gLS1kMS9zcw%3D%3D&btag=e00088000&expire=1712003921&l=20240330203832FFD494F9CADBF331A6E1&ply_type=2&policy=2&signature=a3946899c13c93e83674934a7b71d3af&tk=tt_chain_token
video/mp4,bytesbytes 0-2409637/2409638,1711831118.414162,1711831118.415193,1711831118.564938,1711831119.0798268,dump,video,/video/tos/useast5/tos-useast5-ve-0068c003-tx/ocafH6fDkIwmjbLIAQPCGZFnzCaA1EfTFQC6EA/?a=1988&bti=NDU3ZjAwOg%3D%3D&ch=0&cr=3&dr=0&lr=unwatermarked&cd=0%7C0%7C0%7C&cv=1&br=2510&bt=1255&cs=0&ds=6&ft=4KJMyMzm8Zmo0pLJ1-4jVEEkdpWrKsd.&mime_type=video_mp4&qs=0&rc=Njk3M2ZpODRpODo6ZWY1PEBpMzg8OnI5cnhtcDMzZzczNEBhMjFfNjEuXl8xLTYzXy4uYSMuanMtMmRrc21gLS1kMS9zcw%3D%3D&btag=e00088000&expire=1712003927&l=20240330203832FFD494F9CADBF331A6E1&ply_type=2&policy=2&signature=dbf1c2891e356df7f1f6496bc77a884f&tk=tt_chain_token
video/mp4,bytesbytes 0-691625/691626,1711831120.446563,1711831120.447575,1711831120.683388,1711831120.9615848,dump,video,/video/tos/useast5/tos-useast5-ve-0068c004-tx/oU8GN5KiIiq43XjBkDyC5BSAfERXpRavwA4irI/?a=1988&bti=NDU3ZjAwOg%3D%3D&ch=0&cr=3&dr=0&lr=unwatermarked&cd=0%7C0%7C0%7C&cv=1&br=922&bt=461&cs=0&ds=6&ft=4KJMyMzm8Zmo0pLJ1-4jVEEkdpWrKsd.&mime_type=video_mp4&qs=0&rc=PDY8PDlkZzszaWc7Ozg2OkBpM2Q0OHM5cjlqcTMzZzczNEBfYjVhXy4xX2ExNDIvX14vYSNlMHNwMmRrbnBgLS1kMS9zcw%3D%3D&btag=e00088000&expire=1712003923&l=20240330203832FFD494F9CADBF331A6E1&ply_type=2&policy=2&signature=2062885dd62e2e962714be7f2b909f44&tk=tt_chain_token
video/mp4,bytesbytes 0-7702353/7702354,1711831122.8860438,1711831122.886647,1711831122.926263,1711831123.385886,dump,video,/video/tos/useast5/tos-useast5-ve-0068c001-tx/o8BGg4DgsIlOFPl5eSfBRlF1GwOayMEFAEDgAQ/?a=1988&bti=NDU3ZjAwOg%3D%3D&ch=0&cr=3&dr=0&lr=unwatermarked&cd=0%7C0%7C0%7C&cv=1&br=2730&bt=1365&cs=0&ds=6&ft=4KJMyMzm8Zmo0pLJ1-4jVEEkdpWrKsd.&mime_type=video_mp4&qs=0&rc=NGVoaDpoNmc7ZTpnOTc0aEBpMzplO3I5cmtmcTMzZzczNEBjMTE1MmM0Ni8xMWAzLTUvYSM1Mmw2MmRjcGRgLS1kMS9zcw%3D%3D&btag=e00088000&expire=1712003956&l=20240330203832FFD494F9CADBF331A6E1&ply_type=2&policy=2&signature=19c89aecc3e584492c0926c78d6d4c31&tk=tt_chain_token
video/mp4,bytesbytes 0-15385654/15385655,1711831124.6307578,1711831124.631702,1711831124.661416,1711831125.5544882,dump,video,/video/tos/useast5/tos-useast5-pve-0068-tx/ooOEQfSoDDHlFr3EGKEmpjI2yBSEWfxgqaRKrA/?a=1988&bti=NDU3ZjAwOg%3D%3D&ch=0&cr=3&dr=0&lr=unwatermarked&cd=0%7C0%7C0%7C&cv=1&br=3894&bt=1947&cs=0&ds=6&ft=4KJMyMzm8Zmo0WLJ1-4jVgdjdpWrKsd.&mime_type=video_mp4&qs=0&rc=NDlpZDM8ZjU5NWc6ODk8N0Bpajxpb285cms8cTMzZzczNEA0LmA0MGAuNTMxMTUyMi8wYSNjZTAyMmRraTJgLS1kMS9zcw%3D%3D&btag=e00090000&expire=1712003981&l=202403302038405D52656C37B6C52C15CC&ply_type=2&policy=2&signature=35ed751583a27c28360491f6c2f08aea&tk=tt_chain_token
video/mp4,bytesbytes 0-690072/690073,1711831126.540098,1711831126.540622,1711831126.71156,1711831126.778317,dump,video,/video/tos/useast8/tos-useast8-ve-0068c003-tx2/oohevtA3fAQusVOUVDVlmXBghEEVFCzgAoDIE9/?a=1988&bti=NDU3ZjAwOg%3D%3D&ch=0&cr=3&dr=0&lr=unwatermarked&cd=0%7C0%7C0%7C&br=1110&bt=555&cs=0&ds=6&ft=4KJMyMzm8Zmo0WLJ1-4jVgdjdpWrKsd.&mime_type=video_mp4&qs=0&rc=OWVpPDxoOjlnNTllaWU5O0BpM3A2N3g5cnU7cTMzaTgzNEA1L2NjYjU1Nl8xLTNiMWBjYSNsLW5kMmRzXmNgLS1kLzJzcw%3D%3D&btag=e00088000&expire=1712003929&l=202403302038405D52656C37B6C52C15CC&ply_type=2&policy=2&signature=7642350df4e1d1772a02eb57e10b756c&tk=tt_chain_token
video/mp4,bytesbytes 0-635212/635213,1711831128.84217,1711831128.842834,1711831128.870691,1711831128.9003332,dump,video,/video/tos/useast8/tos-useast8-ve-0068c003-tx2/osVvgLf1QrWpAXV3zJqIUAITbts3CeMeIEi8jb/?a=1988&bti=NDU3ZjAwOg%3D%3D&ch=0&cr=3&dr=0&lr=unwatermarked&cd=0%7C0%7C0%7C&cv=1&br=1536&bt=768&cs=0&ds=6&ft=4KJMyMzm8Zmo0WLJ1-4jVgdjdpWrKsd.&mime_type=video_mp4&qs=0&rc=NWY6O2g5OTxmPGc7NWhnM0BpM2dlcXk5cjhucTMzaTczNEBeY2EzNS9hNTExNS9gXjIvYSNzZ3FqMmRrbGtgLS1kMTJzcw%3D%3D&btag=e00088000&expire=1712003926&l=202403302038405D52656C37B6C52C15CC&ply_type=2&policy=2&signature=5600994f6d40575c3aeb7ba46e42b0da&tk=tt_chain_token
video/mp4,bytesbytes 0-388377/388378,1711831130.474796,1711831130.4767628,1711831130.582243,1711831130.593216,dump,video,/video/tos/useast5/tos-useast5-ve-0068c003-tx/owQIILDjReKxAIDlKFWPfq8gQu1E4E2gSUH8Ba/?a=1988&bti=NDU3ZjAwOg%3D%3D&ch=0&cr=3&dr=0&lr=unwatermarked&cd=0%7C0%7C0%7C&cv=1&br=874&bt=437&cs=0&ds=6&ft=4KJMyMzm8Zmo0LLJ1-4jVywsdpWrKsd.&mime_type=video_mp4&qs=0&rc=ZTo8NGY6ZjozOjU6ZjQ5O0BpM29ubnQ5cmg6cTMzZzczNEBhYi5fL15eXzYxYTFhLi9fYSMxaC1mMmQ0ay9gLS1kMS9zcw%3D%3D&btag=e00088000&expire=1712003932&l=20240330203846AAA1878730CDE5316C92&ply_type=2&policy=2&signature=6be040b1de835d6df576561abdd5efa2&tk=tt_chain_token
video/mp4,bytesbytes 0-5951934/5951935,1711831133.060847,1711831133.0618749,1711831133.238047,1711831133.6764328,dump,video,/video/tos/useast5/tos-useast5-ve-0068c004-tx/oYSICrHbiiAn22QwEILBpQvMpmJFI0y12BSfAJ/?a=1988&bti=NDU3ZjAwOg%3D%3D&ch=0&cr=3&dr=0&lr=unwatermarked&cd=0%7C0%7C0%7C&cv=1&br=1540&bt=770&cs=0&ds=6&ft=4KJMyMzm8Zmo0LLJ1-4jVywsdpWrKsd.&mime_type=video_mp4&qs=0&rc=aDc1ZjU2PDY7O2hmZmRlNUBpajl2bm45cjtscDMzZzczNEBeLzYzNV8vNl4xLjU0XmBhYSNhbWlnMmRjNW5gLS1kMS9zcw%3D%3D&btag=e00090000&expire=1712003986&l=20240330203846AAA1878730CDE5316C92&ply_type=2&policy=2&signature=37b599858cba997718b9ac9cb596a882&tk=tt_chain_token
video/mp4,bytesbytes 0-17655628/17655629,1711831134.6474519,1711831134.6480892,1711831134.691492,1711831136.178092,dump,video,/video/tos/useast5/tos-useast5-pve-0068-tx/oUmIpEVlwApFBZ6YIiflKyBADQ1NViCmc1uqQp/?a=1988&bti=NDU3ZjAwOg%3D%3D&ch=0&cr=3&dr=0&lr=unwatermarked&cd=0%7C0%7C0%7C&cv=1&br=1986&bt=993&cs=0&ds=6&ft=4KJMyMzm8Zmo0YLJ1-4jV-ebdpWrKsd.&mime_type=video_mp4&qs=0&rc=Z2g3MzM1NTk6ZzU5ODpoM0BpanJ0c3Q5cm9vcDMzZzczNEA0Xl9fNTE0NjUxYi1fXmA1YSNeYGFgMmRjNmhgLS1kMS9zcw%3D%3D&btag=e00090000&expire=1712004068&l=2024033020385083BA2849EA885D2FF062&ply_type=2&policy=2&signature=6d68713d8b77262365f13a8329eb0d0c&tk=tt_chain_token
video/mp4,bytesbytes 0-5482557/5482558,1711831136.5866299,1711831136.5871859,1711831136.7623081,1711831137.52635,dump,video,/video/tos/useast5/tos-useast5-pve-0068-tx/owC3foDsQFAXIBB6CgESdzEKDimCfR0UluhXgU/?a=1988&bti=NDU3ZjAwOg%3D%3D&ch=0&cr=3&dr=0&lr=unwatermarked&cd=0%7C0%7C0%7C&cv=1&br=2338&bt=1169&cs=0&ds=6&ft=4KJMyMzm8Zmo0YLJ1-4jV-ebdpWrKsd.&mime_type=video_mp4&qs=0&rc=OTRmZWY0NzVkaDg4aGlpPEBpamQ8b2s5cnU5cTMzZzczNEAxNmI2Yl9jNjUxYmBhMi5eYSMta28tMmQ0X2lgLS1kMS9zcw%3D%3D&btag=e00088000&expire=1712003966&l=2024033020385083BA2849EA885D2FF062&ply_type=2&policy=2&signature=9b47f13fdc80fdbe87a963bcd9a6f5d7&tk=tt_chain_token
video/mp4,bytesbytes 0-3680762/3680763,1711831138.598521,1711831138.599071,1711831138.644398,1711831138.9736152,dump,video,/video/tos/useast5/tos-useast5-ve-0068c001-tx/oooI7OcFBBM68poTcHirwmEiIA5YQ62fCDAygZ/?a=1988&bti=NDU3ZjAwOg%3D%3D&ch=0&cr=3&dr=0&lr=unwatermarked&cd=0%7C0%7C0%7C&cv=1&br=770&bt=385&cs=0&ds=6&ft=4KJMyMzm8Zmo0YLJ1-4jV-ebdpWrKsd.&mime_type=video_mp4&qs=0&rc=PGhlOzozaDs5ZmgzPDk7ZkBpanZsNHM5cnVtcTMzZzczNEA1MS1eMS0yNTIxMl8wLy0uYSMwZGNoMmRjMzZgLS1kMS9zcw%3D%3D&btag=e00090000&expire=1712004004&l=2024033020385083BA2849EA885D2FF062&ply_type=2&policy=2&signature=3913b1a993e94b5cd0ec51d0c65d2de5&tk=tt_chain_token
video/mp4,bytesbytes 0-10700863/10700864,1711831142.141393,1711831142.1419961,1711831142.2176142,1711831143.508118,dump,video,/video/tos/useast5/tos-useast5-pve-0068-tx/oQecp01k6CHLURdIQEtNSKA5pfLAELZfGIj1IL/?a=1988&bti=NDU3ZjAwOg%3D%3D&ch=0&cr=3&dr=0&lr=unwatermarked&cd=0%7C0%7C0%7C&cv=1&br=2738&bt=1369&cs=0&ds=6&ft=4KJMyMzm8Zmo0YLJ1-4jV-ebdpWrKsd.&mime_type=video_mp4&qs=0&rc=ZjQ5ZTU8NGVnOGVlPDtlNEBpajxseW45cnh0cTMzZzczNEBeNjExXmIzNi0xYjFjYjYzYSNib25rMmRrL25gLS1kMS9zcw%3D%3D&btag=e00090000&expire=1712003991&l=2024033020385083BA2849EA885D2FF062&ply_type=2&policy=2&signature=c462880366f889f1dc3260e3df14f285&tk=tt_chain_token
video/mp4,bytesbytes 0-1009760/1009761,1711831144.808755,1711831144.809645,1711831144.82588,1711831144.899694,dump,video,/video/tos/useast5/tos-useast5-ve-0068c002-tx/owfJGZyHqy3kIwi9SyviUC9BANaY7EIdW7pAPB/?a=1988&bti=NDU3ZjAwOg%3D%3D&ch=0&cr=3&dr=0&lr=unwatermarked&cd=0%7C0%7C0%7C&cv=1&br=2384&bt=1192&cs=0&ds=6&ft=4KJMyMzm8Zmo0TLJ1-4jVmubdpWrKsd.&mime_type=video_mp4&qs=0&rc=ZDU2N2g4MzU2OTw6N2llN0BpM3NkZ3U5cjducTMzZzczNEAxYC8tLjBjXzExNjMwYzIyYSNgcnJeMmRzamJgLS1kMS9zcw%3D%3D&btag=e00088000&expire=1712003945&l=20240330203858FFD494F9CADBF331AAF0&ply_type=2&policy=2&signature=06120fda3962cb7d624eb8c9a4b35406&tk=tt_chain_token
video/mp4,bytesbytes 0-10881907/10881908,1711831146.6659892,1711831146.666601,1711831146.7897432,1711831147.4634292,dump,video,/video/tos/useast5/tos-useast5-ve-0068c001-tx/oUEIHpyAU8NnlmdiBBIjh8iLkKQAGwf3ihCY3c/?a=1988&bti=NDU3ZjAwOg%3D%3D&ch=0&cr=3&dr=0&lr=unwatermarked&cd=0%7C0%7C0%7C&cv=1&br=2658&bt=1329&cs=0&ds=6&ft=4KJMyMzm8Zmo0TLJ1-4jVmubdpWrKsd.&mime_type=video_mp4&qs=0&rc=ZzVkNjU4OGk7Ojk3PGczOEBpajR0d3E5cm07cTMzZzczNEBjMjYvXmFeNjExNC8yNDA2YSNiNGxnMmRjNGVgLS1kMS9zcw%3D%3D&btag=e00090000&expire=1712004002&l=20240330203858FFD494F9CADBF331AAF0&ply_type=2&policy=2&signature=f382140449f74c6d701338a451283383&tk=tt_chain_token
video/mp4,bytesbytes 0-1741611/1741612,1711831148.7920089,1711831148.792594,1711831148.8273642,1711831148.9901261,dump,video,/video/tos/useast5/tos-useast5-ve-0068c003-tx/owGqDfpHEEeSI0o9OglgFBlQQxRFAU5qlDaDCn/?a=1988&bti=NDU3ZjAwOg%3D%3D&ch=0&cr=3&dr=0&lr=unwatermarked&cd=0%7C0%7C0%7C&cv=1&br=2694&bt=1347&cs=0&ds=6&ft=4KJMyMzm8Zmo0TLJ1-4jVmubdpWrKsd.&mime_type=video_mp4&qs=0&rc=aGg5NDVoNzxoOWk8aTg8M0Bpang4bm45cjQ4cDMzZzczNEBiLTQwYzMwNjYxMi02NjY1YSNubWhnMmRzMGhgLS1kMS9zcw%3D%3D&btag=e00088000&expire=1712003949&l=20240330203858FFD494F9CADBF331AAF0&ply_type=2&policy=2&signature=464e6ad71bf34aab8ccb8bbd4f1a69d1&tk=tt_chain_token
video/mp4,bytesbytes 0-1713641/1713642,1711831150.6904142,1711831150.6911502,1711831150.917082,1711831151.0297332,dump,video,/video/tos/useast5/tos-useast5-ve-0068c001-tx/oAR8LlcXGIMLefETA1LgkMjBhCeSLDHQISAXIP/?a=1988&bti=NDU3ZjAwOg%3D%3D&ch=0&cr=3&dr=0&lr=unwatermarked&cd=0%7C0%7C0%7C&cv=1&br=2812&bt=1406&cs=0&ds=6&ft=4KJMyMzm8Zmo0TLJ1-4jVmubdpWrKsd.&mime_type=video_mp4&qs=0&rc=ZGQ3NzMzNTs1Z2loOmRmZUBpanJ2d2s5cnJscDMzZzczNEAyLzU0YjNiXi4xNmNeMC1jYSNjbmMvMmQ0aGNgLS1kMS9zcw%3D%3D&btag=e00088000&expire=1712003948&l=20240330203858FFD494F9CADBF331AAF0&ply_type=2&policy=2&signature=dbb536991e02b65dfa7bab5a7ee515da&tk=tt_chain_token
video/mp4,bytesbytes 0-1272586/1272587,1711831152.7098508,1711831152.710422,1711831152.7277691,1711831152.809493,dump,video,/video/tos/alisg/tos-alisg-pve-0037c001/o4I7EQBNRu8fAKBloirXfVWVZ2wE6iBgQxd7Bm/?a=1988&bti=NDU3ZjAwOg%3D%3D&ch=0&cr=3&dr=0&lr=unwatermarked&cd=0%7C0%7C0%7C&cv=1&br=598&bt=299&cs=0&ds=6&ft=4KJMyMzm8Zmo0TLJ1-4jVmubdpWrKsd.&mime_type=video_mp4&qs=0&rc=NGU3NjY0OGRmM2Q2ODM6PEBpam9tOGo5cnd1cTMzODczNEA2YWMzMzAuNjUxXzEuLy01YSNgL2NoMmRjanFgLS1kMS1zcw%3D%3D&btag=e00088000&expire=1712003972&l=20240330203858FFD494F9CADBF331AAF0&ply_type=2&policy=2&signature=d3b9f617c97b9e64146de3a4f85b4489&tk=tt_chain_token
video/mp4,bytesbytes 0-2151543/2151544,1711831154.7092469,1711831154.7100291,1711831154.7383602,1711831154.870743,dump,video,/video/tos/useast5/tos-useast5-pve-0068-tx/oERPInidDPp2jpi7BQBAE4f1IEywOAXCCsi3vS/?a=1988&bti=NDU3ZjAwOg%3D%3D&ch=0&cr=3&dr=0&lr=unwatermarked&cd=0%7C0%7C0%7C&cv=1&br=3320&bt=1660&cs=0&ds=6&ft=4KJMyMzm8Zmo0TLJ1-4jVmubdpWrKsd.&mime_type=video_mp4&qs=0&rc=ZDVlaTllOjw2NTRpNTQ8M0Bpajx2Nm85cnBtcTMzZzczNEA1NTIuLS9jNjQxY19iNV8wYSNnc3IvMmRrZXFgLS1kMS9zcw%3D%3D&btag=e00088000&expire=1712003949&l=20240330203858FFD494F9CADBF331AAF0&ply_type=2&policy=2&signature=d260ad2a9a1da80282e48d0fe0ea244d&tk=tt_chain_token
video/mp4,bytesbytes 0-2995810/2995811,1711831156.695149,1711831156.695816,1711831156.743349,1711831156.9589388,dump,video,/video/tos/useast5/tos-useast5-ve-0068c003-tx/ooIvQPIAk5AFKEkQ3Ijd9efB2HDNHCCEzQrLf6/?a=1988&bti=NDU3ZjAwOg%3D%3D&ch=0&cr=3&dr=0&lr=unwatermarked&cd=0%7C0%7C0%7C&cv=1&br=3120&bt=1560&cs=0&ds=6&ft=4KJMyMzm8Zmo0TLJ1-4jVmubdpWrKsd.&mime_type=video_mp4&qs=0&rc=ZWQ1ZzplZjk0OTM8aDY3OUBpM3d5ang5cm03cTMzZzczNEBhMzZjNTAwNTMxMS1hM2MvYSMyM2FzMmRzMHFgLS1kMS9zcw%3D%3D&btag=e00088000&expire=1712003954&l=20240330203858FFD494F9CADBF331AAF0&ply_type=2&policy=2&signature=7c97503d2900442e27c12afb70db293b&tk=tt_chain_token
video/mp4,bytesbytes 0-1225557/1225558,1711831158.72283,1711831158.723443,1711831158.814357,1711831158.8693209,dump,video,/video/tos/useast2a/tos-useast2a-ve-0068c001-euttp/okafBPxvCiNnEYXtuQyoiAh4IcIhAKIqzhABd9/?a=1988&bti=NDU3ZjAwOg%3D%3D&ch=0&cr=3&dr=0&lr=unwatermarked&cd=0%7C0%7C0%7C&cv=1&br=2208&bt=1104&cs=0&ds=6&ft=4KJMyMzm8Zmo0TLJ1-4jVmubdpWrKsd.&mime_type=video_mp4&qs=0&rc=NTVpZWc3ODhnOzY2Z2c4OEBpM2duO2s5cmk4cTMzZjczM0AtNmAtXjZiX14xLjIuXzBgYSNpZV9rMmQ0aXBgLS1kMWNzcw%3D%3D&btag=e00088000&expire=1712003947&l=20240330203858FFD494F9CADBF331AAF0&ply_type=2&policy=2&signature=5ccfd3b12ed6de175746e0f3c29dcf28&tk=tt_chain_token
video/mp4,bytesbytes 0-1354225/1354226,1711831160.730507,1711831160.7311308,1711831160.8114839,1711831160.8741162,dump,video,/video/tos/useast5/tos-useast5-pve-0068-tx/oQIj3TIk7X8ClsGcCAeWLeAkg4Ql6Cf3HI5LjI/?a=1988&bti=NDU3ZjAwOg%3D%3D&ch=0&cr=3&dr=0&lr=unwatermarked&cd=0%7C0%7C0%7C&cv=1&br=2100&bt=1050&cs=0&ds=6&ft=4KJMyMzm8Zmo0TLJ1-4jVmubdpWrKsd.&mime_type=video_mp4&qs=0&rc=NGc8N2ZpZGczNDg2Ojk5aEBpamxoang5cjk3cTMzZzczNEAxMF4vXjReNS8xNTVfNDEzYSNpcF9zMmRzYm1gLS1kMS9zcw%3D%3D&btag=e00088000&expire=1712003949&l=20240330203858FFD494F9CADBF331AAF0&ply_type=2&policy=2&signature=efa00b28ad72a6cff4c605241b7ed046&tk=tt_chain_token
video/mp4,bytesbytes 0-1414852/1414853,1711831162.721515,1711831162.7221172,1711831162.743804,1711831162.899696,dump,video,/video/tos/useast2a/tos-useast2a-pve-0068/oYvyqzIXC8BeRrci2EiSEIWkgXB0EoA0sxQkDA/?a=1988&bti=NDU3ZjAwOg%3D%3D&ch=0&cr=3&dr=0&lr=unwatermarked&cd=0%7C0%7C0%7C&cv=1&br=3260&bt=1630&cs=0&ds=6&ft=4KJMyMzm8Zmo0TLJ1-4jVmubdpWrKsd.&mime_type=video_mp4&qs=0&rc=aGRmNjNmNmY7Nmc6aDM0OkBpams6d245cjdrcTMzNzczM0AyMC0zYi8uXl4xNF8vNDVeYSNfNC8uMmRrMWlgLS1kMTZzcw%3D%3D&btag=e00088000&expire=1712003945&l=20240330203858FFD494F9CADBF331AAF0&ply_type=2&policy=2&signature=2001e51227ef32f7159da07a853a59ce&tk=tt_chain_token
video/mp4,bytesbytes 0-1520535/1520536,1711831164.7268102,1711831164.727402,1711831164.792885,1711831164.857257,dump,video,/video/tos/useast2a/tos-useast2a-ve-0068-euttp/osSLWIE4QajendCT8efMUIGULN5asGfv1gIgAG/?a=1988&bti=NDU3ZjAwOg%3D%3D&ch=0&cr=3&dr=0&lr=unwatermarked&cd=0%7C0%7C0%7C&cv=1&br=2374&bt=1187&cs=0&ds=6&ft=4KJMyMzm8Zmo0TLJ1-4jVmubdpWrKsd.&mime_type=video_mp4&qs=0&rc=OTw1ZGhnPDRoNDg5Ozk3M0Bpajw8OHk5cmQ2cTMzZjczM0A0MS8uNGAtX2ExX14uMWIwYSMybGVnMmRjNGlgLS1kMWNzcw%3D%3D&btag=e00088000&expire=1712003949&l=20240330203858FFD494F9CADBF331AAF0&ply_type=2&policy=2&signature=c15b67ee0984602b64ce8f81108d9402&tk=tt_chain_token
video/mp4,bytesbytes 0-1875535/1875536,1711831166.766249,1711831166.766898,1711831166.794118,1711831166.877745,dump,video,/video/tos/useast5/tos-useast5-ve-0068c002-tx/oEIjIkLAc6SjNpMoGHQJf0LfKDgCxAeOI4Ik5S/?a=1988&bti=NDU3ZjAwOg%3D%3D&ch=0&cr=3&dr=0&lr=unwatermarked&cd=0%7C0%7C0%7C&cv=1&br=2138&bt=1069&cs=0&ds=6&ft=4KJMyMzm8Zmo0TLJ1-4jVmubdpWrKsd.&mime_type=video_mp4&qs=0&rc=aTM5Ojg3Ozo2OztmNzczaUBpM3lraW05cjhocTMzZzczNEAuLzRhMGJgXzExNl5eNC5jYSNnMWdoMmQ0L2hgLS1kMS9zcw%3D%3D&btag=e00088000&expire=1712003952&l=20240330203858FFD494F9CADBF331AAF0&ply_type=2&policy=2&signature=02bc8798d89b164ed04a4e6b4633cc0d&tk=tt_chain_token
video/mp4,bytesbytes 0-1643137/1643138,1711831168.7602189,1711831168.760829,1711831168.791192,1711831168.8675861,dump,video,/video/tos/useast2a/tos-useast2a-ve-0068c003/ooAgGLilGx1eG07DjeaCtUIfgSIVCnIIcLWRQ8/?a=1988&bti=NDU3ZjAwOg%3D%3D&ch=0&cr=3&dr=0&lr=unwatermarked&cd=0%7C0%7C0%7C&cv=1&br=3422&bt=1711&cs=0&ds=6&ft=4KJMyMzm8Zmo0TLJ1-4jVmubdpWrKsd.&mime_type=video_mp4&qs=0&rc=OTw2Ozw1OmVpOGhnNzQ2Z0BpM2g2ZXk5cm5wcTMzNzczM0BfYi1hNmEtXzQxNDY2Mi1iYSNjLzZxMmRrZWVgLS1kMTZzcw%3D%3D&btag=e00088000&expire=1712003946&l=20240330203858FFD494F9CADBF331AAF0&ply_type=2&policy=2&signature=7a300bf25c0940307c0ab53d1ed72785&tk=tt_chain_token
video/mp4,bytesbytes 0-2184476/2184477,1711831170.775467,1711831170.776931,1711831170.8151739,1711831170.9024699,dump,video,/video/tos/useast5/tos-useast5-ve-0068c003-tx/o4IAXiBDQQrfX97KQyclASpa1FICEChVBUj4iw/?a=1988&bti=NDU3ZjAwOg%3D%3D&ch=0&cr=3&dr=0&lr=unwatermarked&cd=0%7C0%7C0%7C&cv=1&br=2392&bt=1196&cs=0&ds=6&ft=4KJMyMzm8Zmo0TLJ1-4jVmubdpWrKsd.&mime_type=video_mp4&qs=0&rc=PDhlNTtoNmVpZGQ8OTVpNUBpM3JwN3c5cm87cTMzZzczNEAwMS8xYTM1Ni4xYV9jYzUuYSM2MC8yMmRza2FgLS1kMS9zcw%3D%3D&btag=e00088000&expire=1712003953&l=20240330203858FFD494F9CADBF331AAF0&ply_type=2&policy=2&signature=79cda537772a9d81c45cc379e1c1aac5&tk=tt_chain_token
video/mp4,bytesbytes 0-1268425/1268426,1711831172.7874281,1711831172.7887511,1711831172.889992,1711831172.937387,dump,video,/video/tos/useast8/tos-useast8-ve-0068c004-tx2/oc2bICnEjqZfJX2yyAgeuIapQAbLn3DHctfIFC/?a=1988&bti=NDU3ZjAwOg%3D%3D&ch=0&cr=3&dr=0&lr=unwatermarked&cd=0%7C0%7C0%7C&cv=1&br=1320&bt=660&cs=0&ds=6&ft=4KJMyMzm8Zmo0TLJ1-4jVmubdpWrKsd.&mime_type=video_mp4&qs=0&rc=NmhpaTQ7Zzs1ZDc4O2k6OUBpamdodXU5cnV4cTMzaTczNEAuLzMuYWJeXl8xYmIxMGItYSNwNjNqMmRjXzZgLS1kMTJzcw%3D%3D&btag=e00088000&expire=1712003954&l=20240330203858FFD494F9CADBF331AAF0&ply_type=2&policy=2&signature=f35c83827ccadc0d4619ed0098a5f2bf&tk=tt_chain_token
video/mp4,bytesbytes 0-1092418/1092419,1711831174.774493,1711831174.7758138,1711831174.794104,1711831174.836569,dump,video,/video/tos/useast2a/tos-useast2a-ve-0068c001-euttp/oEEEDrF0FIDWxgQArrCQfeEFlTEiRT0DPBzyKB/?a=1988&bti=NDU3ZjAwOg%3D%3D&ch=0&cr=3&dr=0&lr=unwatermarked&cd=0%7C0%7C0%7C&cv=1&br=2284&bt=1142&cs=0&ds=6&ft=4KJMyMzm8Zmo0TLJ1-4jVmubdpWrKsd.&mime_type=video_mp4&qs=0&rc=Z2lmODpnaWlpPDM8ZTk1ZEBpajhqaWo5cnZscTMzZjczM0BhXjQzMWItXmMxMy1jLjE2YSNpM2ouMmRjaTZgLS1kMWNzcw%3D%3D&btag=e00088000&expire=1712003946&l=20240330203858FFD494F9CADBF331AAF0&ply_type=2&policy=2&signature=c4b155d6a8e39d7fcc96284d2537970a&tk=tt_chain_token
video/mp4,bytesbytes 0-1172816/1172817,1711831176.7911339,1711831176.7926211,1711831177.165479,1711831177.586488,dump,video,/video/tos/useast2a/tos-useast2a-ve-0068-euttp/ogYE7wIITHZiBwBFhUndDn9un0SBRvOiQAEdL/?a=1988&bti=NDU3ZjAwOg%3D%3D&ch=0&cr=3&dr=0&lr=unwatermarked&cd=0%7C0%7C0%7C&cv=1&br=3118&bt=1559&cs=0&ds=6&ft=4KJMyMzm8Zmo0TLJ1-4jVmubdpWrKsd.&mime_type=video_mp4&qs=0&rc=ZzNlNmY7O2k4NmVoOzppZEBpMztyPHc5cjRucTMzZjczM0AxYDNgMzNfNWExMC9fL15hYSNeM3FsMmRrazVgLS1kMWNzcw%3D%3D&btag=e00088000&expire=1712003944&l=20240330203858FFD494F9CADBF331AAF0&ply_type=2&policy=2&signature=3583c545d7991fbd773f62aed83bca7f&tk=tt_chain_token
video/mp4,bytesbytes 0-2028534/2028535,1711831178.815854,1711831178.816816,1711831179.154155,1711831179.292177,dump,video,/video/tos/useast8/tos-useast8-ve-0068c003-tx2/ok8dAMAzfAQIiFmegDRllgB4pEEVFE3hItDIl5/?a=1988&bti=NDU3ZjAwOg%3D%3D&ch=0&cr=3&dr=0&lr=unwatermarked&cd=0%7C0%7C0%7C&cv=1&br=1996&bt=998&cs=0&ds=6&ft=4KJMyMzm8Zmo0TLJ1-4jVmubdpWrKsd.&mime_type=video_mp4&qs=0&rc=ZzhpZzNkZzw3OGY7ZjtlZkBpMzlzN3Y5cmpncTMzaTczNEAwXl9iMDExXl8xLzBjL2IwYSNiLmtmMmQ0LzRgLS1kMTJzcw%3D%3D&btag=e00088000&expire=1712003954&l=20240330203858FFD494F9CADBF331AAF0&ply_type=2&policy=2&signature=67065b878b10b87ac698efa68dbf9272&tk=tt_chain_token
video/mp4,bytesbytes 0-3028018/3028019,1711831180.7886999,1711831180.7893078,1711831180.825762,1711831180.931512,dump,video,/video/tos/useast2a/tos-useast2a-ve-0068c001/oQZQB3c3pbBZiRrICjKIlQ47E6ZEAviUwSL34/?a=1988&bti=NDU3ZjAwOg%3D%3D&ch=0&cr=3&dr=0&lr=unwatermarked&cd=0%7C0%7C0%7C&cv=1&br=3064&bt=1532&cs=0&ds=6&ft=4KJMyMzm8Zmo0TLJ1-4jVmubdpWrKsd.&mime_type=video_mp4&qs=0&rc=Zzw6ZWc2PGRoZGY6ODtnNUBpamVxOXI5cnE5cTMzNzczM0A0LzFjMGA1NTQxMTVeMDJgYSNxaHAxMmRrNDJgLS1kMTZzcw%3D%3D&btag=e00088000&expire=1712003954&l=20240330203858FFD494F9CADBF331AAF0&ply_type=2&policy=2&signature=09785a42b799baece11c9a0a2b3cb02b&tk=tt_chain_token
video/mp4,bytesbytes 0-6542273/6542274,1711831182.808247,1711831182.80961,1711831182.889623,1711831184.011382,dump,video,/video/tos/useast5/tos-useast5-ve-0068c003-tx/oAgeOLuImCmYzAjBQKRAmLIHFYG4EjAfUeMPvk/?a=1988&bti=NDU3ZjAwOg%3D%3D&ch=0&cr=3&dr=0&lr=unwatermarked&cd=0%7C0%7C0%7C&cv=1&br=1616&bt=808&cs=0&ds=6&ft=4KJMyMzm8Zmo0TLJ1-4jVmubdpWrKsd.&mime_type=video_mp4&qs=0&rc=NzpnODhmaTRkZDozMzYzPEBpajRkam45cjxtcTMzZzczNEBeNmBhMDAvXi8xX2M1NjQwYSMuay8vMmRzLjBgLS1kMS9zcw%3D%3D&btag=e00090000&expire=1712004002&l=20240330203858FFD494F9CADBF331AAF0&ply_type=2&policy=2&signature=ad2fd972b4263d20403eb213a2e6f66d&tk=tt_chain_token
video/mp4,bytesbytes 0-1366846/1366847,1711831184.9500248,1711831184.9508119,1711831185.059572,1711831185.1467001,dump,video,/video/tos/useast5/tos-useast5-pve-0068-tx/o4bGGIAfIBXQshRdEFGTCILBfGtMiOehgnAKe5/?a=1988&bti=NDU3ZjAwOg%3D%3D&ch=0&cr=3&dr=0&lr=unwatermarked&cd=0%7C0%7C0%7C&cv=1&br=2390&bt=1195&cs=0&ds=6&ft=4KJMyMzm8Zmo0TLJ1-4jVmubdpWrKsd.&mime_type=video_mp4&qs=0&rc=OjozOzRmMzg1Zmc1Mzg6OkBpajV4OnI5cnE7cTMzZzczNEAyLjBfYmJhX2AxYzNfXmMxYSNqbHMtMmQ0YzBgLS1kMS9zcw%3D%3D&btag=e00088000&expire=1712003947&l=20240330203858FFD494F9CADBF331AAF0&ply_type=2&policy=2&signature=5e4eeb2e58ebb9cced73a41cc634886b&tk=tt_chain_token
video/mp4,bytesbytes 0-4881470/4881471,1711831186.818264,1711831186.819294,1711831187.307544,1711831187.924125,dump,video,/video/tos/useast2a/tos-useast2a-ve-0068c001-euttp/okfEr3BkQBzEPFwBPAXDfDsR08AFgTNQJUHlIg/?a=1988&bti=NDU3ZjAwOg%3D%3D&ch=0&cr=3&dr=0&lr=unwatermarked&cd=0%7C0%7C0%7C&cv=1&br=2900&bt=1450&cs=0&ds=6&ft=4KJMyMzm8Zmo0TLJ1-4jVmubdpWrKsd.&mime_type=video_mp4&qs=0&rc=MzNnZjY6OjZkZGQ7OjtpZkBpMzpwZnM5cmlncTMzZjczM0AxLV8tNTY2NjAxNjRfMi9eYSNvLi9kMmQ0bi1gLS1kMWNzcw%3D%3D&btag=e00088000&expire=1712003965&l=20240330203858FFD494F9CADBF331AAF0&ply_type=2&policy=2&signature=4ca725538d10c586587ff6931740cb60&tk=tt_chain_token
video/mp4,bytesbytes 0-905839/905840,1711831188.8275359,1711831188.828183,1711831188.916888,1711831188.963819,dump,video,/video/tos/useast5/tos-useast5-pve-0068-tx/osJ09AFAfQbcDEItFeFfcKAaJexORuQcMpDtif/?a=1988&bti=NDU3ZjAwOg%3D%3D&ch=0&cr=3&dr=0&lr=unwatermarked&cd=0%7C0%7C0%7C&cv=1&br=1314&bt=657&cs=0&ds=6&ft=4KJMyMzm8Zmo0TLJ1-4jVmubdpWrKsd.&mime_type=video_mp4&qs=0&rc=OjQ6aWVnOjZlNGhoPDg3ZEBpajc5NHA5cmlpcDMzZzczNEAuXi0vLy1eNl8xMDBgM2NeYSNvMjFrMmRzaHNgLS1kMS9zcw%3D%3D&btag=e00088000&expire=1712003949&l=20240330203858FFD494F9CADBF331AAF0&ply_type=2&policy=2&signature=6b63db49bdeaaad1c383004cb4db3c0d&tk=tt_chain_token
video/mp4,bytesbytes 0-2077556/2077557,1711831190.844724,1711831190.845653,1711831190.896999,1711831191.021564,dump,video,/video/tos/alisg/tos-alisg-pve-0037c001/oQFOfD9WeA4YGjfgE2dSlGIFQw5fIUY9RmqAQD/?a=1988&bti=NDU3ZjAwOg%3D%3D&ch=0&cr=3&dr=0&lr=unwatermarked&cd=0%7C0%7C0%7C&cv=1&br=3548&bt=1774&cs=0&ds=6&ft=4KJMyMzm8Zmo0TLJ1-4jVmubdpWrKsd.&mime_type=video_mp4&qs=0&rc=PDk0Mzg7NTM7OzQ1ZztpOUBpamtqbXU5cnE8cDMzODczNEBfYDZeLl5iNi4xLS9jLjZjYSNubGk2MmRzMHJgLS1kMTFzcw%3D%3D&btag=e00088000&expire=1712003948&l=20240330203858FFD494F9CADBF331AAF0&ply_type=2&policy=2&signature=fd004aba90afb1eeef2401a4d166dc19&tk=tt_chain_token
video/mp4,bytesbytes 0-1244549/1244550,1711831192.865128,1711831192.866306,1711831192.893331,1711831192.9606478,dump,video,/video/tos/useast5/tos-useast5-ve-0068c002-tx/ogIjQkLANnPvxfGkDHQMiSFeaCgC8Af6EaIXmi/?a=1988&bti=NDU3ZjAwOg%3D%3D&ch=0&cr=3&dr=0&lr=unwatermarked&cd=0%7C0%7C0%7C&cv=1&br=1698&bt=849&cs=0&ds=6&ft=4KJMyMzm8Zmo0TLJ1-4jVmubdpWrKsd.&mime_type=video_mp4&qs=0&rc=ODtpODQ0ZGQ8Nzo7aDdmaEBpamtydnc5cjo5cDMzZzczNEAuMi9fMTVgX2MxLi4wYmNiYSMuYG9fMmRzaGZgLS1kMS9zcw%3D%3D&btag=e00088000&expire=1712003950&l=20240330203858FFD494F9CADBF331AAF0&ply_type=2&policy=2&signature=370cee1e59172e44ead4c02e796fdb2a&tk=tt_chain_token
video/mp4,bytesbytes 0-1331330/1331331,1711831194.834914,1711831194.836757,1711831194.879337,1711831194.929467,dump,video,/video/tos/useast8/tos-useast8-ve-0068c003-tx2/oM8yZRmAEI8DiBxBBS0JQExbVAvRZBCtrNiQt/?a=1988&bti=NDU3ZjAwOg%3D%3D&ch=0&cr=3&dr=0&lr=unwatermarked&cd=0%7C0%7C0%7C&cv=1&br=1918&bt=959&cs=0&ds=6&ft=4KJMyMzm8Zmo0TLJ1-4jVmubdpWrKsd.&mime_type=video_mp4&qs=0&rc=NTo4PGc6M2doaWhlZTRoN0BpanY3c3Y5cmxucDMzaTczNEAuMC8xYDEuX2IxXzI1NWItYSNpNGpsMmRrMmFgLS1kMTJzcw%3D%3D&btag=e00088000&expire=1712003949&l=20240330203858FFD494F9CADBF331AAF0&ply_type=2&policy=2&signature=de9209d549f77e175fe03da649a06aff&tk=tt_chain_token
video/mp4,bytesbytes 0-1671117/1671118,1711831196.9999738,1711831197.000602,1711831197.027064,1711831197.177494,dump,video,/video/tos/useast5/tos-useast5-pve-0068-tx/oIC3eygAQEjPWQDHsaLIZDDCMIzqkGLfAAlFej/?a=1988&bti=NDU3ZjAwOg%3D%3D&ch=0&cr=3&dr=0&lr=unwatermarked&cd=0%7C0%7C0%7C&cv=1&br=1740&bt=870&cs=0&ds=6&ft=4KJMyMzm8Zmo0TLJ1-4jVmubdpWrKsd.&mime_type=video_mp4&qs=0&rc=ZWRkZDNnNTk2OzhkZWk7aUBpM2t4Z3M5cmdwcDMzZzczNEBjNS4yXi01NTYxNjNgYzQuYSNkMzU2MmRzY2BgLS1kMS9zcw%3D%3D&btag=e00088000&expire=1712003954&l=20240330203858FFD494F9CADBF331AAF0&ply_type=2&policy=2&signature=431a37f6b02706be44939f656743d214&tk=tt_chain_token
video/mp4,bytesbytes 0-1366417/1366418,1711831200.8460338,1711831200.847283,1711831200.888355,1711831200.986387,dump,video,/video/tos/useast8/tos-useast8-ve-0068c001-tx2/ogaQrdwxEIEzDv3ICAZiBXBV8NisRBZHuTSAL/?a=1988&bti=NDU3ZjAwOg%3D%3D&ch=0&cr=3&dr=0&lr=unwatermarked&cd=0%7C0%7C0%7C&cv=1&br=2258&bt=1129&cs=0&ds=6&ft=4KJMyMzm8Zmo0TLJ1-4jVmubdpWrKsd.&mime_type=video_mp4&qs=0&rc=aDc3Nzo5ZTxmaTNpaDczM0BpMzZ4ZWs5cmhucDMzaTczNEAtXjA0MTE2NTAxLmBiYTEvYSMxajMuMmRra19gLS1kMTJzcw%3D%3D&btag=e00088000&expire=1712003948&l=20240330203858FFD494F9CADBF331AAF0&ply_type=2&policy=2&signature=24a1ca579dd002117b6cdc1d3ea4b718&tk=tt_chain_token
video/mp4,bytesbytes 0-1025798/1025799,1711831202.879622,1711831202.880918,1711831202.90725,1711831202.9748008,dump,video,/video/tos/useast5/tos-useast5-ve-0068c001-tx/o8ABHI3LkQBenjfhTZu8CXh7fMjvuoAyquB1SA/?a=1988&bti=NDU3ZjAwOg%3D%3D&ch=0&cr=3&dr=0&lr=unwatermarked&cd=0%7C0%7C0%7C&cv=1&br=2278&bt=1139&cs=0&ds=6&ft=4KJMyMzm8Zmo0mwJ1-4jVAbZdpWrKsd.&mime_type=video_mp4&qs=0&rc=aTY8NmdoOTM7OzZlPDs1M0Bpamd0dng5cnJucTMzZzczNEAxL2FfMzEtNWExNTAxNGFfYSM2ZGZeMmQ0MW9gLS1kMS9zcw%3D%3D&btag=e00088000&expire=1712004004&l=2024033020395650A228B3646335302E2B&ply_type=2&policy=2&signature=a2ec9e5ea98a061e8afa465b0031da56&tk=tt_chain_token
video/mp4,bytesbytes 0-155152/155153,1711831204.907735,1711831204.908885,1711831205.038854,1711831205.0452049,dump,video,/video/tos/useast5/tos-useast5-pve-0068-tx/ok4PHBBlQdL1PArZuXEUNAiAAvgEIhO2KiClB/?a=1988&bti=NDU3ZjAwOg%3D%3D&ch=0&cr=3&dr=0&lr=unwatermarked&cd=0%7C0%7C0%7C&cv=1&br=386&bt=193&cs=0&ds=6&ft=4KJMyMzm8Zmo0mwJ1-4jVAbZdpWrKsd.&mime_type=video_mp4&qs=0&rc=aDM6aGdnOWhlaDk7Z2RoOkBpMzhubHA5cmgzcTMzZzczNEAtYDBeYDZiNjIxMC1fMWEwYSMyc3ItMmRrLTVgLS1kMS9zcw%3D%3D&btag=e00088000&expire=1712004003&l=2024033020395650A228B3646335302E2B&ply_type=2&policy=2&signature=527603101118436cc2aa214d21cac359&tk=tt_chain_token
video/mp4,bytesbytes 0-105816/105817,1711831206.9303548,1711831206.9315991,1711831207.447975,1711831207.451761,dump,video,/video/tos/useast5/tos-useast5-ve-0068c002-tx/oUn5SIPEDdLZUBR8gEfwA5BVNFeOnlDE3rnRAl/?a=1988&bti=NDU3ZjAwOg%3D%3D&ch=0&cr=3&dr=0&lr=unwatermarked&cd=0%7C0%7C0%7C&cv=1&br=230&bt=115&cs=0&ds=6&ft=4KJMyMzm8Zmo0mwJ1-4jVAbZdpWrKsd.&mime_type=video_mp4&qs=0&rc=PDg6ZWhmZGZoZmg5Zjs8NEBpanZuNm85cm1ucTMzZzczNEBjYmAxMDYuXi0xYF80YDViYSNnb2dzMmRzYGZgLS1kMS9zcw%3D%3D&btag=e00088000&expire=1712004004&l=2024033020395650A228B3646335302E2B&ply_type=2&policy=2&signature=609ebc42add0066dc4e7cc1b5cb4fd55&tk=tt_chain_token
video/mp4,bytesbytes 0-16724465/16724466,1711831209.2723572,1711831209.2730188,1711831209.341227,1711831210.7368262,dump,video,/video/tos/useast5/tos-useast5-pve-0068-tx/oMAOA4fPuyXR8Fef9nMjZgf8InHGQbXA5VERcB/?a=1988&bti=NDU3ZjAwOg%3D%3D&ch=0&cr=3&dr=0&lr=unwatermarked&cd=0%7C0%7C0%7C&cv=1&br=1548&bt=774&cs=0&ds=6&ft=4KJMyMzm8Zmo0mwJ1-4jVAbZdpWrKsd.&mime_type=video_mp4&qs=0&rc=OGg3PGZlO2UzOTkzNGc0PEBpamk1N3k5cmlycTMzZzczNEAwNl82NjFhNjYxY2IzNTUuYSNvMy5rMmRzb2dgLS1kMS9zcw%3D%3D&btag=e00090000&expire=1712004165&l=2024033020395650A228B3646335302E2B&ply_type=2&policy=2&signature=e43721113bed565e0b223c90a7d6524b&tk=tt_chain_token
video/mp4,bytesbytes 0-5811587/5811588,1711831213.336426,1711831213.336861,1711831213.562492,1711831214.872117,dump,video,/video/tos/useast5/tos-useast5-v-85c255-tx/oMgsRAHKD867JjGLWLfeeDkjAGRgrIWAkMPcCl/?a=1988&bti=NDU3ZjAwOg%3D%3D&ch=0&cr=3&dr=0&lr=unwatermarked&cd=0%7C0%7C0%7C&cv=1&br=2550&bt=1275&cs=0&ds=6&ft=4KJMyMzm8Zmo0mwJ1-4jVAbZdpWrKsd.&mime_type=video_mp4&qs=0&rc=O2c3OWQ3ZTtmZDQ2NzxmOkBpMzN0dG45cm86cTQzZzM2NEAzM14tMWMuNTUxMzQxLV5gYSNsMzReMmRjZW9gLS1kLS9zcw%3D%3D&btag=e00088000&expire=1712004032&l=2024033020395650A228B3646335302E2B&ply_type=2&policy=2&signature=d3f719c114ade57feb567504f7772fb3&tk=tt_chain_token
video/mp4,bytesbytes 0-6385046/6385047,1711831217.2244449,1711831217.225117,1711831217.525741,1711831218.741787,dump,video,/video/tos/useast5/tos-useast5-ve-0068c002-tx/oQRFfvAQgIsxiBYcSTuifGGKfRxSQYWeAAoLeM/?a=1988&bti=NDU3ZjAwOg%3D%3D&ch=0&cr=3&dr=0&lr=unwatermarked&cd=0%7C0%7C0%7C&cv=1&br=1704&bt=852&cs=0&ds=6&ft=4KJMyMzm8Zmo0QwJ1-4jV0mLdpWrKsd.&mime_type=video_mp4&qs=0&rc=ODY2MzU3ZGloNWg4OjlkZkBpM2VrNHU5cnJucTMzZzczNEBfYF4uNV81NTAxMl8uNTJjYSMvYDJxMmRra2NgLS1kMS9zcw%3D%3D&btag=e00088000&expire=1712004067&l=20240330204008FB9973A76D703530FC01&ply_type=2&policy=2&signature=9b062f195505731c89a4fb816df874e5&tk=tt_chain_token
video/mp4,bytesbytes 0-1975027/1975028,1711831221.144344,1711831221.144968,1711831221.633881,1711831221.819401,dump,video,/video/tos/useast5/tos-useast5-pve-0068-tx/oM324bgis8Ix3BiyAVQEIcNi1fjrN6CpBBSAwU/?a=1988&bti=NDU3ZjAwOg%3D%3D&ch=0&cr=3&dr=0&lr=unwatermarked&cd=0%7C0%7C0%7C&cv=1&br=2256&bt=1128&cs=0&ds=6&ft=4KJMyMzm8Zmo0UwJ1-4jVgdjdpWrKsd.&mime_type=video_mp4&qs=0&rc=OGk1ZWc6OTlpNWQ1NmlmO0BpM2tzbXE5cnhzcDMzZzczNEBgYF8wYl5hNV4xYmJeNTVeYSM2NmJeMmRjLXJgLS1kMS9zcw%3D%3D&btag=e00088000&expire=1712004026&l=2024033020401247991A96072DCE3050C3&ply_type=2&policy=2&signature=6065988b9fac486147919f674dc8302f&tk=tt_chain_token
video/mp4,bytesbytes 0-8577878/8577879,1711831225.043478,1711831225.044571,1711831225.284116,1711831226.537365,dump,video,/video/tos/useast5/tos-useast5-ve-0068c002-tx/oIjEzzgMIM0ESF7BUsRDfDfRq7AFQLMgILQlEg/?a=1988&bti=NDU3ZjAwOg%3D%3D&ch=0&cr=3&dr=0&lr=unwatermarked&cd=0%7C0%7C0%7C&cv=1&br=2166&bt=1083&cs=0&ds=6&ft=4KJMyMzm8Zmo0MwJ1-4jVAHsdpWrKsd.&mime_type=video_mp4&qs=0&rc=OTxlNGY8ZTNoNWdkZWkzN0BpamQ6N3Q5cmhmcTMzZzczNEBfNF4yM2ItXmIxMWBiL15eYSNjLTAwMmRzaWpgLS1kMS9zcw%3D%3D&btag=e00090000&expire=1712004078&l=20240330204016EAA93B6FB3B43731187A&ply_type=2&policy=2&signature=c84047031946cf448e6cd58dced90119&tk=tt_chain_token
video/mp4,bytesbytes 0-5341025/5341026,1711831227.0488808,1711831227.050097,1711831227.079106,1711831227.490672,dump,video,/video/tos/useast5/tos-useast5-ve-0068c002-tx/oQL6rD84IAS1FPgErDsErr2K8QfRgLFnlzB2wf/?a=1988&bti=NDU3ZjAwOg%3D%3D&ch=0&cr=3&dr=0&lr=unwatermarked&cd=0%7C0%7C0%7C&cv=1&br=2272&bt=1136&cs=0&ds=6&ft=4KJMyMzm8Zmo0MwJ1-4jVAHsdpWrKsd.&mime_type=video_mp4&qs=0&rc=NmY8OWY2aDY7ZTtmZjRpOkBpMzppaG85cmd0cTMzZzczNEA1YmBeYTBiNjUxM2ExMGMzYSNwX25lMmRjb21gLS1kMS9zcw%3D%3D&btag=e00088000&expire=1712004053&l=20240330204016EAA93B6FB3B43731187A&ply_type=2&policy=2&signature=c98ec8b446077b5ab95994f0fd97bf56&tk=tt_chain_token
video/mp4,bytesbytes 0-807188/807189,1711831233.2256792,1711831233.2267761,1711831233.663899,1711831233.7142441,dump,video,/video/tos/useast5/tos-useast5-pve-0068-tx/osgLewASfAQAYLtfYDjLcACyNEHkFIizWzoIN1/?a=1988&bti=NDU3ZjAwOg%3D%3D&ch=0&cr=3&dr=0&lr=unwatermarked&cd=0%7C0%7C0%7C&cv=1&br=838&bt=419&cs=0&ds=6&ft=4KJMyMzm8Zmo0MwJ1-4jVAHsdpWrKsd.&mime_type=video_mp4&qs=0&rc=NDQ5Njo5ODM1ZWg4NTw6aEBpanI0bXQ5cnlzcDMzZzczNEA0M2FfMTAzNTUxNWAuMjJiYSNgZ2ZpMmRrZmZgLS1kMS9zcw%3D%3D&btag=e00088000&expire=1712004032&l=20240330204016EAA93B6FB3B43731187A&ply_type=2&policy=2&signature=24ac79c37745910de5f93fc12d3257cb&tk=tt_chain_token
video/mp4,bytesbytes 0-1041159/1041160,1711831235.030588,1711831235.0313542,1711831235.118797,1711831235.240114,dump,video,/video/tos/useast5/tos-useast5-ve-0068c004-tx/ocRGfvgOLjFlf9IeRz87cBAAY4AtsOfKaFCXWh/?a=1988&bti=NDU3ZjAwOg%3D%3D&ch=0&cr=3&dr=0&lr=unwatermarked&cd=0%7C0%7C0%7C&cv=1&br=1872&bt=936&cs=0&ds=6&ft=4KJMyMzm8Zmo0HwJ1-4jV6AsdpWrKsd.&mime_type=video_mp4&qs=0&rc=aDxoM2VmO2Y1ZzQ3N2RnOUBpM2s4ZW05cm1vcTMzZzczNEBgYV4tNGJgNmAxMC9iYzVjYSM2amdwMmRra2tgLS1kMS9zcw%3D%3D&btag=e00088000&expire=1712004037&l=2024033020402850A228B3646335303243&ply_type=2&policy=2&signature=14ef700948d8c3c31d1afbd69728cf6c&tk=tt_chain_token
video/mp4,bytesbytes 0-934986/934987,1711831237.0313249,1711831237.032543,1711831237.059138,1711831237.093427,dump,video,/video/tos/useast2a/tos-useast2a-pve-0068/owRfqXgAk1AWIQf9feGdZ087SUMmFEEQF5YX1p/?a=1988&bti=NDU3ZjAwOg%3D%3D&ch=0&cr=3&dr=0&lr=unwatermarked&cd=0%7C0%7C0%7C&cv=1&br=1542&bt=771&cs=0&ds=6&ft=4KJMyMzm8Zmo0HwJ1-4jV6AsdpWrKsd.&mime_type=video_mp4&qs=0&rc=OzlnZjM6ZGVkOzQ4Mzw7OkBpM3F5ZW05cjVpcTMzNzczM0AwLmM0X15hXjQxXzYvMC8vYSM2L280MmRzaW5gLS1kMTZzcw%3D%3D&btag=e00088000&expire=1712004038&l=2024033020402850A228B3646335303243&ply_type=2&policy=2&signature=9aea9a87dd21cf54cb22ce349bc169a2&tk=tt_chain_token
video/mp4,bytesbytes 0-7504521/7504522,1711831239.057357,1711831239.0585501,1711831239.339092,1711831240.040875,dump,video,/video/tos/useast5/tos-useast5-ve-0068c001-tx/ocDTOlmBp9JEELFRfGIgptAS5xgf475sUG1QUD/?a=1988&bti=NDU3ZjAwOg%3D%3D&ch=0&cr=3&dr=0&lr=unwatermarked&cd=0%7C0%7C0%7C&cv=1&br=1850&bt=925&cs=0&ds=6&ft=4KJMyMzm8Zmo0HwJ1-4jV6AsdpWrKsd.&mime_type=video_mp4&qs=0&rc=Z2VkOzdlNjhpMzQ4N2U7M0BpMzZtZHY5cng5cTMzZzczNEA0Nl42NDMvNi8xL2AwNmJjYSNicWNuMmRzMV9gLS1kMS9zcw%3D%3D&btag=e00090000&expire=1712004092&l=2024033020402850A228B3646335303243&ply_type=2&policy=2&signature=c2fb2aa25538c4f0fa13ac09212f16f8&tk=tt_chain_token
video/mp4,bytesbytes 0-11998521/11998522,1711831241.409204,1711831241.4098072,1711831241.525918,1711831242.458223,dump,video,/video/tos/useast5/tos-useast5-ve-0068c003-tx/oUGFfFOQQIefXfhPCX5BANIhDcIRELBbDmnWEA/?a=1988&bti=NDU3ZjAwOg%3D%3D&ch=0&cr=3&dr=0&lr=unwatermarked&cd=0%7C0%7C0%7C&cv=1&br=2682&bt=1341&cs=0&ds=6&ft=4KJMyMzm8Zmo0HwJ1-4jV6AsdpWrKsd.&mime_type=video_mp4&qs=0&rc=O2Q1NDRlZTYzNzZpNjM6ZUBpanBmbHk5cnlzcTMzZzczNEAvYDA1YDMwXzExNjY1LzAvYSMzLzA0MmRra2RgLS1kMS9zcw%3D%3D&btag=e00090000&expire=1712004098&l=2024033020402850A228B3646335303243&ply_type=2&policy=2&signature=6ceb82634b83f875e41a729eda50d73c&tk=tt_chain_token
video/mp4,bytesbytes 0-3480449/3480450,1711831245.497476,1711831245.497953,1711831245.516204,1711831246.3766458,dump,video,/video/tos/useast5/tos-useast5-ve-0068c001-tx/osDUWsEEIDgmukBfKVFSHrYpeiWJ9EAcDB1RQk/?a=1988&bti=NDU3ZjAwOg%3D%3D&ch=0&cr=3&dr=0&lr=unwatermarked&cd=0%7C0%7C0%7C&cv=1&br=1582&bt=791&cs=0&ds=6&ft=4KJMyMzm8Zmo0HwJ1-4jV6AsdpWrKsd.&mime_type=video_mp4&qs=0&rc=NjM4ZDM7ODU1PDdpaDQ0NUBpM2VtNGw5cmVvcjMzZzczNEAyLzYwYmNiXmMxYGI2MWIvYSNjNjU0MmRrXzBgLS1kMS9zcw%3D%3D&vvpl=1&btag=e00088000&expire=1712004063&l=2024033020402850A228B3646335303243&ply_type=2&policy=2&signature=f34469e613a1ebc057af8ef440a5f076&tk=tt_chain_token
video/mp4,bytesbytes 0-385958/385959,1711831247.351088,1711831247.351718,1711831247.44834,1711831247.486795,dump,video,/video/tos/useast5/tos-useast5-ve-0068c003-tx/oYb9YAAQINGAfIiLcBFDfXwAbj3OGRXpg1f6eA/?a=1988&bti=NDU3ZjAwOg%3D%3D&ch=0&cr=3&dr=0&lr=unwatermarked&cd=0%7C0%7C0%7C&cv=1&br=706&bt=353&cs=0&ds=6&ft=4KJMyMzm8Zmo0dhJ1-4jVyCbdpWrKsd.&mime_type=video_mp4&qs=0&rc=N2RoaDU5aGZnNDg7Z2dkNEBpM2gzdnA5cjRocTMzZzczNEBiYS0vY141XjYxMDU1LjRjYSNnLTNyMmRrLXNgLS1kMS9zcw%3D%3D&btag=e00088000&expire=1712004049&l=202403302040406E8C078C3A2CFE318EF6&ply_type=2&policy=2&signature=ebd8fb0bba2ac5638199da7ab30e1326&tk=tt_chain_token
video/mp4,bytesbytes 0-495129/495130,1711831249.171869,1711831249.172529,1711831249.395519,1711831249.67237,dump,video,/video/tos/useast5/tos-useast5-pve-0068-tx/o8D4lL8RE6BOAFirFHkIhAH6E1jeClDnIEXfjf/?a=1988&bti=NDU3ZjAwOg%3D%3D&ch=0&cr=3&dr=0&lr=unwatermarked&cd=0%7C0%7C0%7C&cv=1&br=1194&bt=597&cs=0&ds=6&ft=4KJMyMzm8Zmo0dhJ1-4jVyCbdpWrKsd.&mime_type=video_mp4&qs=0&rc=Zjc7M2hmN2dmNDY5Omg8NEBpank5aW05cndocTMzZzczNEBeMS4wXjVgNTExNmEuYjMyYSNmMmRoMmRjZnBgLS1kMS9zcw%3D%3D&btag=e00088000&expire=1712004047&l=202403302040406E8C078C3A2CFE318EF6&ply_type=2&policy=2&signature=a58f628ac605c6e4d1a95300b5f9f0e6&tk=tt_chain_token
video/mp4,bytesbytes 0-484809/484810,1711831251.239925,1711831251.240567,1711831251.266313,1711831251.315202,dump,video,/video/tos/useast5/tos-useast5-pve-0068-tx/oQZdHfZfDDrlFcxEEiEPj6Ic4BSEFWigjuRd3A/?a=1988&bti=NDU3ZjAwOg%3D%3D&ch=0&cr=3&dr=0&lr=unwatermarked&cd=0%7C0%7C0%7C&cv=1&br=1288&bt=644&cs=0&ds=6&ft=4KJMyMzm8Zmo0dhJ1-4jVyCbdpWrKsd.&mime_type=video_mp4&qs=0&rc=aTk0N2k2OzZlNTczZTVkNEBpM3M5aWs5cms2cTMzZzczNEA0NGNjYDYuNjIxYDVjLTIvYSNfMXJlMmQ0b2VgLS1kMS9zcw%3D%3D&btag=e00088000&expire=1712004046&l=202403302040406E8C078C3A2CFE318EF6&ply_type=2&policy=2&signature=b8e4c3c3d4357bae6c99146bee616773&tk=tt_chain_token
video/mp4,bytesbytes 0-14225488/14225489,1711831253.199164,1711831253.1999638,1711831253.216011,1711831254.397366,dump,video,/video/tos/useast2a/tos-useast2a-ve-0068-euttp/ogaoE7zJpBVwpANxrpkVP1IQiBdiZEabT0VT4/?a=1988&bti=NDU3ZjAwOg%3D%3D&ch=0&cr=3&dr=0&lr=unwatermarked&cd=0%7C0%7C0%7C&cv=1&br=3488&bt=1744&cs=0&ds=6&ft=4KJMyMzm8Zmo0dhJ1-4jVyCbdpWrKsd.&mime_type=video_mp4&qs=0&rc=NWZpNmlmNTw5PGQ3MzplaEBpajw6aGs5cnVwcTMzZjczM0BfLjIyYWJeNjUxNDVeMzMzYSNeajJoMmQ0Zl5gLS1kMWNzcw%3D%3D&btag=e00090000&expire=1712004104&l=202403302040406E8C078C3A2CFE318EF6&ply_type=2&policy=2&signature=543f224bd126f8a2261402c1afb5731f&tk=tt_chain_token
video/mp4,bytesbytes 0-730652/730653,1711831255.287938,1711831255.288515,1711831255.5167072,1711831255.790694,dump,video,/video/tos/useast2a/tos-useast2a-pve-0068/oQhAaCEf0YDTjZgb30DGF7HCfqSWuLIIfnQZHv/?a=1988&bti=NDU3ZjAwOg%3D%3D&ch=0&cr=3&dr=0&lr=unwatermarked&cd=0%7C0%7C0%7C&cv=1&br=1244&bt=622&cs=0&ds=6&ft=4KJMyMzm8Zmo0dhJ1-4jVyCbdpWrKsd.&mime_type=video_mp4&qs=0&rc=ODhoZWdkOmhnOWY8NzwzOUBpamdoM285cnB5cTMzNzczM0AxYTUtMjMxNmIxNC9hMC1hYSNqM3JhMmRjby5gLS1kMTZzcw%3D%3D&btag=e00088000&expire=1712004050&l=202403302040406E8C078C3A2CFE318EF6&ply_type=2&policy=2&signature=eb6ade9034fc4539cbe8d35961d57b7b&tk=tt_chain_token
video/mp4,bytesbytes 0-839774/839775,1711831257.207077,1711831257.20769,1711831257.2965639,1711831257.3341,dump,video,/video/tos/useast2a/tos-useast2a-ve-0068c001-euttp/oso6X9XAfXgf9QtbBfzQZffYwx79geEw0x4TAr/?a=1988&bti=NDU3ZjAwOg%3D%3D&ch=0&cr=3&dr=0&lr=unwatermarked&cd=0%7C0%7C0%7C&cv=1&br=2364&bt=1182&cs=0&ds=6&ft=4KJMyMzm8Zmo0dhJ1-4jVyCbdpWrKsd.&mime_type=video_mp4&qs=0&rc=MzpoOmdlNDw4ZDQ2ZDxnNkBpM3l3eWs5cmhxcDMzZjczM0BhLmAyYzYyXjAxYjFfLWBfYSNzXnM1MmRrcXNgLS1kMWNzcw%3D%3D&btag=e00088000&expire=1712004046&l=202403302040406E8C078C3A2CFE318EF6&ply_type=2&policy=2&signature=7e839ca19924a688e8ecc1046a048923&tk=tt_chain_token
video/mp4,bytesbytes 0-1554366/1554367,1711831259.300183,1711831259.300771,1711831259.967666,1711831260.829512,dump,video,/video/tos/useast2a/tos-useast2a-ve-0068c001-euttp/ocCecgEIQDQm4FCfgFFPIN0pqaSrCEAGDBBRgs/?a=1988&bti=NDU3ZjAwOg%3D%3D&ch=0&cr=3&dr=0&lr=unwatermarked&cd=0%7C0%7C0%7C&cv=1&br=4254&bt=2127&cs=0&ds=6&ft=4KJMyMzm8Zmo0dhJ1-4jVyCbdpWrKsd.&mime_type=video_mp4&qs=0&rc=aTQ5Nmg2NTM0OGc2aTppZEBpamhxbnA5cmg0cjMzZjczM0AxMC1gLjJfX18xMzQ0YzUuYSNeNi8uMmQ0NjFgLS1kMWNzcw%3D%3D&btag=e00088000&expire=1712004046&l=202403302040406E8C078C3A2CFE318EF6&ply_type=2&policy=2&signature=e446b76c3fedea6a20221a98ac5641d4&tk=tt_chain_token
video/mp4,bytesbytes 0-4458636/4458637,1711831261.25191,1711831261.2524831,1711831261.517109,1711831262.082783,dump,video,/video/tos/useast2a/tos-useast2a-ve-0068c002/oYZGPAER1IUgMBSxO2iEuiIQEE7mBTLQbBz0Q/?a=1988&bti=NDU3ZjAwOg%3D%3D&ch=0&cr=3&dr=0&lr=unwatermarked&cd=0%7C0%7C0%7C&cv=1&br=1780&bt=890&cs=0&ds=6&ft=4KJMyMzm8Zmo0dhJ1-4jVyCbdpWrKsd.&mime_type=video_mp4&qs=0&rc=Ozk5OTpnNDc7ZTZoODs5Z0BpM2s3PG05cm1ocjMzNzczM0BgYy4zNF4xX2IxNV4uNGBjYSNuNWozMmQ0cDBgLS1kMTZzcw%3D%3D&btag=e00088000&expire=1712004080&l=202403302040406E8C078C3A2CFE318EF6&ply_type=2&policy=2&signature=ee1d103e8c614588e0029c9450ccc68a&tk=tt_chain_token
video/mp4,bytesbytes 0-2584120/2584121,1711831263.2485929,1711831263.249846,1711831263.290192,1711831263.387153,dump,video,/video/tos/useast2a/tos-useast2a-ve-0068c001-euttp/o4Cdu0iEIhozDsAf7CinGqsGsWRSnCAHBAwIQ2/?a=1988&bti=NDU3ZjAwOg%3D%3D&ch=0&cr=3&dr=0&lr=unwatermarked&cd=0%7C0%7C0%7C&cv=1&br=2686&bt=1343&cs=0&ds=6&ft=4KJMyMzm8Zmo0dhJ1-4jVyCbdpWrKsd.&mime_type=video_mp4&qs=0&rc=aTtpZzM5aDk7O2VkMzM8M0BpM2g7eHA5cjQzcjMzZjczM0BeMTEwL2BfXjMxLy8yNWBjYSNqYW4wMmRzZTBgLS1kMWNzcw%3D%3D&btag=e00088000&expire=1712004056&l=202403302040406E8C078C3A2CFE318EF6&ply_type=2&policy=2&signature=23940c952ce387745fe160caf86b8434&tk=tt_chain_token
video/mp4,bytesbytes 0-661260/661261,1711831265.259289,1711831265.260283,1711831266.176685,1711831266.201322,dump,video,/video/tos/useast5/tos-useast5-pve-0068-tx/oI0IIwMfILArzCKAEjEGkB4fSrmF8wMEuHFeCA/?a=1988&bti=NDU3ZjAwOg%3D%3D&ch=0&cr=3&dr=0&lr=unwatermarked&cd=0%7C0%7C0%7C&cv=1&br=1722&bt=861&cs=0&ds=6&ft=4KJMyMzm8Zmo0dhJ1-4jVyCbdpWrKsd.&mime_type=video_mp4&qs=0&rc=Z2QzZjVlZjQ0Mzo4OTY6NUBpam9yZnY5cjM8cjMzZzczNEAvMTY0MC8uXjAxNS8wMF80YSNzc18yMmQ0Yy9gLS1kMS9zcw%3D%3D&btag=e00088000&expire=1712004047&l=202403302040406E8C078C3A2CFE318EF6&ply_type=2&policy=2&signature=aaeddbda6ba27ce5f96ffa7b2f60c5b8&tk=tt_chain_token
video/mp4,bytesbytes 0-12527984/12527985,1711831267.231403,1711831267.231947,1711831267.264533,1711831268.458047,dump,video,/video/tos/useast5/tos-useast5-pve-0068-tx/oEgSusIfjLEmXkH3CsDfVEF051bfAAvQPWQXII/?a=1988&bti=NDU3ZjAwOg%3D%3D&ch=0&cr=3&dr=0&lr=unwatermarked&cd=0%7C0%7C0%7C&cv=1&br=2324&bt=1162&cs=0&ds=6&ft=4KJMyMzm8Zmo0dhJ1-4jVyCbdpWrKsd.&mime_type=video_mp4&qs=0&rc=ODU7MzU6NmQ2O2U0M2Q1ZkBpMzxyd3E5cmVucTMzZzczNEA1MS8zNV8xXzExMWFgLjU2YSMvaW5nMmQ0L3NgLS1kMS9zcw%3D%3D&btag=e00090000&expire=1712004125&l=202403302040406E8C078C3A2CFE318EF6&ply_type=2&policy=2&signature=c248cd196f215faf5a6de86dff3a6c3a&tk=tt_chain_token
video/mp4,bytesbytes 0-19077997/19077998,1711831269.456075,1711831269.457622,1711831269.489843,1711831270.7933922,dump,video,/video/tos/useast2a/tos-useast2a-ve-0068-euttp/oMIM9yCCOA2SdoIY62EAbiih6vBXafQhVvkTjn/?a=1988&bti=NDU3ZjAwOg%3D%3D&ch=0&cr=3&dr=0&lr=unwatermarked&cd=0%7C0%7C0%7C&cv=1&br=4962&bt=2481&cs=0&ds=6&ft=4KJMyMzm8Zmo0dhJ1-4jVyCbdpWrKsd.&mime_type=video_mp4&qs=0&rc=Z2Q0NzQ0NTU6OGc7ODY2PEBpM3RycHQ5cm11cTMzZjczM0AtXmAtXzRiXjQxLjQwMi4yYSNmMTNeMmRraHJgLS1kMWNzcw%3D%3D&btag=e00090000&expire=1712004101&l=202403302040406E8C078C3A2CFE318EF6&ply_type=2&policy=2&signature=5e16ebcade83e9ca40c120d177184325&tk=tt_chain_token
video/mp4,bytesbytes 0-1810788/1810789,1711831271.432356,1711831271.432798,1711831271.447946,1711831271.557971,dump,video,/video/tos/useast5/tos-useast5-pve-0068-tx/oIQRgQBuljDrpCb2BfFEgUD7E9ARxHuEIufiSk/?a=1988&bti=NDU3ZjAwOg%3D%3D&ch=0&cr=3&dr=0&lr=unwatermarked&cd=0%7C0%7C0%7C&cv=1&br=2532&bt=1266&cs=0&ds=6&ft=4KJMyMzm8Zmo0dhJ1-4jVyCbdpWrKsd.&mime_type=video_mp4&qs=0&rc=ODpnOThpOmhkZ2Q1PDw3PEBpMzVoN3k5cmg3cTMzZzczNEAtYzA2LzEtXzExLTFfY2JeYSNrMTBrMmRzXm9gLS1kMS9zcw%3D%3D&btag=e00088000&expire=1712004052&l=202403302040406E8C078C3A2CFE318EF6&ply_type=2&policy=2&signature=8e8938f8a0eb9ebe42e033a7f99207ac&tk=tt_chain_token
video/mp4,bytesbytes 0-3546028/3546029,1711831273.280899,1711831273.282166,1711831273.729537,1711831274.961094,dump,video,/video/tos/useast2a/tos-useast2a-ve-0068c001-euttp/oMP11duAhQAiYJo85ZBEnyEXfID4UuIKWiUCbu/?a=1988&bti=NDU3ZjAwOg%3D%3D&ch=0&cr=3&dr=0&lr=unwatermarked&cd=0%7C0%7C0%7C&cv=1&br=3122&bt=1561&cs=0&ds=6&ft=4KJMyMzm8Zmo0dhJ1-4jVyCbdpWrKsd.&mime_type=video_mp4&qs=0&rc=Z2dmaDVnNDpoaDY3ZTQ4OkBpMzduZXM5cmh1cTMzZjczM0AwMjVgLS80XjQxNF9hYTMwYSNeZmpyMmQ0ZW5gLS1kMWNzcw%3D%3D&btag=e00088000&expire=1712004058&l=202403302040406E8C078C3A2CFE318EF6&ply_type=2&policy=2&signature=e01b8649dd208b7c5c53f71a20951745&tk=tt_chain_token
video/mp4,bytesbytes 0-2201484/2201485,1711831275.343222,1711831275.3438568,1711831275.433086,1711831275.6832268,dump,video,/video/tos/useast5/tos-useast5-ve-0068c002-tx/o0JJEnSRGELcVXBgDCgiken0Ivi4leiBCQT4zA/?a=1988&bti=NDU3ZjAwOg%3D%3D&ch=0&cr=3&dr=0&lr=unwatermarked&cd=0%7C0%7C0%7C&cv=1&br=612&bt=306&cs=0&ds=6&ft=4KJMyMzm8Zmo0dhJ1-4jVyCbdpWrKsd.&mime_type=video_mp4&qs=0&rc=NDg2NTo5aWgzaGdoNjc4NUBpajc1anI5cnhycTMzZzczNEAzYTBiNWE1X2MxYy5eYDI2YSNnLmteMmRrZ21gLS1kMS9zcw%3D%3D&btag=e00088000&expire=1712004097&l=202403302040406E8C078C3A2CFE318EF6&ply_type=2&policy=2&signature=8a55cf0726804b43ecac3de7e7911218&tk=tt_chain_token
video/mp4,bytesbytes 0-12374771/12374772,1711831277.300855,1711831277.3017778,1711831277.3976178,1711831278.3467531,dump,video,/video/tos/useast2a/tos-useast2a-ve-0068c001-euttp/oU0EGiVBQ2LBlidifzlRDQA6IOxUVeEFOCITJP/?a=1988&bti=NDU3ZjAwOg%3D%3D&ch=0&cr=3&dr=0&lr=unwatermarked&cd=0%7C0%7C0%7C&cv=1&br=2710&bt=1355&cs=0&ds=6&ft=4KJMyMzm8Zmo0dhJ1-4jVyCbdpWrKsd.&mime_type=video_mp4&qs=0&rc=Nzk6ZTVlODRlPGVpZ2U3aEBpanBvOHQ5cjR3cTMzZjczM0AtMDUvLS5hX14xNDJeMDRfYSNebzE0MmRjL2xgLS1kMWNzcw%3D%3D&btag=e00090000&expire=1712004112&l=202403302040406E8C078C3A2CFE318EF6&ply_type=2&policy=2&signature=a39d0ab1be49f1cb7cbb4ad7f4210a04&tk=tt_chain_token
video/mp4,bytesbytes 0-425683/425684,1711831279.3851311,1711831279.385937,1711831279.3989,1711831279.4399989,dump,video,/video/tos/useast8/tos-useast8-pve-0068-tx2/oAf8SWoSAD5jeMM5Q0LIvYannmQI4LtqAZChge/?a=1988&bti=NDU3ZjAwOg%3D%3D&ch=0&cr=3&dr=0&lr=unwatermarked&cd=0%7C0%7C0%7C&cv=1&br=978&bt=489&cs=0&ds=6&ft=4KJMyMzm8Zmo0dhJ1-4jVyCbdpWrKsd.&mime_type=video_mp4&qs=0&rc=NTxoNTg5Nzk8OjY0ZTkzNUBpang6a2s5cjg8cTMzaTczNEAxXmEuMjZgNTIxNjQxNmE0YSNicHFlMmRzXmxgLS1kMTJzcw%3D%3D&btag=e00088000&expire=1712004047&l=202403302040406E8C078C3A2CFE318EF6&ply_type=2&policy=2&signature=28e52b5a96082ada9490e04263c40801&tk=tt_chain_token
video/mp4,bytesbytes 0-1691598/1691599,1711831281.312193,1711831281.312611,1711831281.490516,1711831282.120233,dump,video,/video/tos/useast5/tos-useast5-ve-0068c003-tx/ogrIFPF0IID3zeQA4CnAfyEVLpEmjYMHkBpe7C/?a=1988&bti=NDU3ZjAwOg%3D%3D&ch=0&cr=3&dr=0&lr=unwatermarked&cd=0%7C0%7C0%7C&cv=1&br=1714&bt=857&cs=0&ds=6&ft=4KJMyMzm8Zmo0dhJ1-4jVyCbdpWrKsd.&mime_type=video_mp4&qs=0&rc=NWQ8MzQ3Zzs2Ozk6OmQ6OkBpMztqdng5cmZ4cTMzZzczNEAtLzIuM19jXy0xYzJiYzQ1YSMuXmVeMmRzcGhgLS1kMS9zcw%3D%3D&btag=e00088000&expire=1712004056&l=202403302040406E8C078C3A2CFE318EF6&ply_type=2&policy=2&signature=26ba41ef30583cfe27ca01d43cecdb42&tk=tt_chain_token
video/mp4,bytesbytes 0-14268236/14268237,1711831283.310071,1711831283.3108768,1711831283.3331032,1711831284.5784671,dump,video,/video/tos/useast2a/tos-useast2a-pve-0068/o4TBgCfBkI2cIayCSvr738wFgAxA1i8miQNUEo/?a=1988&bti=NDU3ZjAwOg%3D%3D&ch=0&cr=3&dr=0&lr=unwatermarked&cd=0%7C0%7C0%7C&cv=1&br=2454&bt=1227&cs=0&ds=6&ft=4KJMyMzm8Zmo0dhJ1-4jVyCbdpWrKsd.&mime_type=video_mp4&qs=0&rc=aTRpPDY4NDZnaTU7ZjY1OkBpamo8M3A5cmRlcTMzNzczM0BiMS1gYWFjXy4xMTExXzReYSNxaTU2MmRjcGRgLS1kMTZzcw%3D%3D&btag=e00090000&expire=1712004131&l=202403302040406E8C078C3A2CFE318EF6&ply_type=2&policy=2&signature=f0ade46629102d1ca407def34e12df43&tk=tt_chain_token
video/mp4,bytesbytes 0-4963105/4963106,1711831285.370524,1711831285.370854,1711831285.45344,1711831286.133922,dump,video,/video/tos/useast8/tos-useast8-ve-0068c004-tx2/owALSwQVIEqW2dEE4hlEbDLB2EyfVvufAAiF7R/?a=1988&bti=NDU3ZjAwOg%3D%3D&ch=0&cr=3&dr=0&lr=unwatermarked&cd=0%7C0%7C0%7C&cv=1&br=2212&bt=1106&cs=0&ds=6&ft=4KJMyMzm8Zmo0dhJ1-4jVyCbdpWrKsd.&mime_type=video_mp4&qs=0&rc=MzU4NGUzOzo8Ozs1aTM6N0BpamR0cXI5cjVycTMzaTczNEBhYDAwMl5jNTUxNWMxMjM2YSNec241MmRzNmFgLS1kMTJzcw%3D%3D&btag=e00088000&expire=1712004076&l=202403302040406E8C078C3A2CFE318EF6&ply_type=2&policy=2&signature=f8a141d94d0fcb7ac8c24f41180b07e6&tk=tt_chain_token
video/mp4,bytesbytes 0-661085/661086,1711831287.417309,1711831287.418547,1711831287.470166,1711831287.527833,dump,video,/video/tos/useast2a/tos-useast2a-ve-0068c002/oIAKYiOor7vhBtjFIfSAFsC9okiFg7lExyppI4/?a=1988&bti=NDU3ZjAwOg%3D%3D&ch=0&cr=3&dr=0&lr=unwatermarked&cd=0%7C0%7C0%7C&cv=1&br=1176&bt=588&cs=0&ds=6&ft=4KJMyMzm8Zmo0dhJ1-4jVyCbdpWrKsd.&mime_type=video_mp4&qs=4&rc=PDQ5OGhlOGRmaWRkZ2doM0BpM2s3bnc5cm5lcTMzNzczM0BhYjU1MzNiXi8xYDU0Y2FhYSNwcWlrMmRjX2BgLS1kMTZzcw%3D%3D&btag=e00088000&expire=1712004049&l=202403302040406E8C078C3A2CFE318EF6&ply_type=2&policy=2&signature=50c658a631458c1e3e773c14ebc464e4&tk=tt_chain_token
video/mp4,bytesbytes 0-12603884/12603885,1711831289.344364,1711831289.345609,1711831289.400012,1711831290.518749,dump,video,/video/tos/useast5/tos-useast5-pve-0068-tx/ogPCZTi67IBZ09QAiTBwfRi0yWErIGuBpMYyUA/?a=1988&bti=NDU3ZjAwOg%3D%3D&ch=0&cr=3&dr=0&lr=unwatermarked&cd=0%7C0%7C0%7C&cv=1&br=5618&bt=2809&cs=0&ds=6&ft=4KJMyMzm8Zmo0dhJ1-4jVyCbdpWrKsd.&mime_type=video_mp4&qs=0&rc=NGQ6NGczNmZkNWlkOjY5aEBpanVzN3c5cnQ4cTMzZzczNEA1Ml5gNDZjXzUxLWJfMDE2YSM2Z2FuMmRjL19gLS1kMS9zcw%3D%3D&btag=e00088000&expire=1712004076&l=202403302040406E8C078C3A2CFE318EF6&ply_type=2&policy=2&signature=07ce890d041b0eb48b25d0d2eb810f59&tk=tt_chain_token
video/mp4,bytesbytes 0-269283/269284,1711831291.413675,1711831291.414154,1711831291.54048,1711831291.596874,dump,video,/video/tos/useast2a/tos-useast2a-ve-0068c003/o8lzm1I8QENjaONBW1lEiDmB0IeOJI8fQARFmR/?a=1988&bti=NDU3ZjAwOg%3D%3D&ch=0&cr=3&dr=0&lr=unwatermarked&cd=0%7C0%7C0%7C&cv=1&br=536&bt=268&cs=0&ds=6&ft=4KJMyMzm8Zmo0dhJ1-4jVyCbdpWrKsd.&mime_type=video_mp4&qs=0&rc=OjlpZmY8ZTkzZmQ6Z2lnZEBpMzk5PHQ5cmZwcTMzNzczM0BeX19gXy41NmExXi9jMmIwYSNzNW5oMmRzZzVgLS1kMTZzcw%3D%3D&btag=e00088000&expire=1712004048&l=202403302040406E8C078C3A2CFE318EF6&ply_type=2&policy=2&signature=f7dceafb552cfaf7643b536b2255b1f6&tk=tt_chain_token
video/mp4,bytesbytes 0-3759661/3759662,1711831293.2704132,1711831293.271638,1711831293.288001,1711831293.6564631,dump,video,/video/tos/useast5/tos-useast5-ve-0068c003-tx/owQKOl7E6BsHUgRh1ZIAfFEDhyDvGzg7Kf2bQS/?a=1988&bti=NDU3ZjAwOg%3D%3D&ch=0&cr=3&dr=0&lr=unwatermarked&cd=0%7C0%7C0%7C&cv=1&br=3904&bt=1952&cs=0&ds=6&ft=4KJMyMzm8Zmo0dhJ1-4jVyCbdpWrKsd.&mime_type=video_mp4&qs=0&rc=NTk6aTdnZGY2ZTU2OzY3PEBpajZtbnQ5cnBmcTMzZzczNEBiXzEzNC5eNV4xY2MyNDYwYSNhbzJmMmRzZDRgLS1kMS9zcw%3D%3D&btag=e00088000&expire=1712004056&l=202403302040406E8C078C3A2CFE318EF6&ply_type=2&policy=2&signature=1da82d8336dfebf94243e573a6dc73ac&tk=tt_chain_token
video/mp4,bytesbytes 0-7205747/7205748,1711831295.785897,1711831295.786888,1711831295.8241348,1711831296.387414,dump,video,/video/tos/useast5/tos-useast5-ve-0068c003-tx/oc1ERzFzLIDCzfQA9h3gfbEdlMEsRhNDSGABIB/?a=1988&bti=NDU3ZjAwOg%3D%3D&ch=0&cr=3&dr=0&lr=unwatermarked&cd=0%7C0%7C0%7C&cv=1&br=1270&bt=635&cs=0&ds=6&ft=4KJMyMzm8Zmo0dhJ1-4jVyCbdpWrKsd.&mime_type=video_mp4&qs=0&rc=MzRpaWhnNDtmNzhpNDw3NUBpamVvcHk5cnY0cTMzZzczNEAwMmAyNC00NTExYDFgMjQxYSNkL21iMmRzcjNgLS1kMS9zcw%3D%3D&btag=e00090000&expire=1712004129&l=202403302040406E8C078C3A2CFE318EF6&ply_type=2&policy=2&signature=8ad68098b5a3c511d8060dbbfbe6ceb0&tk=tt_chain_token
video/mp4,bytesbytes 0-904184/904185,1711831300.786845,1711831300.787643,1711831300.807759,1711831300.876875,dump,video,/video/tos/useast2a/tos-useast2a-ve-0068c001-euttp/oslyDf2ZEEDPIYqXFblQFBsLQIR6AfJInDilId/?a=1988&bti=NDU3ZjAwOg%3D%3D&ch=0&cr=3&dr=0&lr=unwatermarked&cd=0%7C0%7C0%7C&cv=1&br=1528&bt=764&cs=0&ds=6&ft=4KJMyMzm8Zmo0dhJ1-4jVyCbdpWrKsd.&mime_type=video_mp4&qs=0&rc=NTllNzZkNTo8NWZpODc2OUBpM2VqZ3U5cnB0cTMzZjczM0BfXjQ1NDVeNmAxXi1gLy4vYSNmNmQuMmRjZjJgLS1kMWNzcw%3D%3D&btag=e00088000&expire=1712004050&l=202403302040406E8C078C3A2CFE318EF6&ply_type=2&policy=2&signature=103603b018f54a1eb012ac02304ee456&tk=tt_chain_token
video/mp4,bytesbytes 0-4045867/4045868,1711831303.412071,1711831303.413374,1711831303.465502,1711831303.721698,dump,video,/video/tos/useast5/tos-useast5-ve-0068c004-tx/oMLzYPdWfAePOj1AIp977GvFIHfeR5cbROoAgG/?a=1988&bti=NDU3ZjAwOg%3D%3D&ch=0&cr=3&dr=0&lr=unwatermarked&cd=0%7C0%7C0%7C&cv=1&br=1034&bt=517&cs=0&ds=6&ft=4KJMyMzm8Zmo0OhJ1-4jVOkZdpWrKsd.&mime_type=video_mp4&qs=0&rc=ZTY1OzU8PDM2OWU2OzlkNEBpM3J2dXQ5cnh3cDMzZzczNEAzLzExXjBfXi0xXjNfYWEyYSNxNG42MmRrcHNgLS1kMS9zcw%3D%3D&btag=e00090000&expire=1712004156&l=20240330204135CAF50733165989314295&ply_type=2&policy=2&signature=3c3a1f3a5209b75fddc2baae4dfbb7c2&tk=tt_chain_token
video/mp4,bytesbytes 0-2071750/2071751,1711831305.41101,1711831305.411435,1711831306.5478988,1711831306.853278,dump,video,/video/tos/useast5/tos-useast5-ve-0068c002-tx/o0CVj8ME5fC8MDGeyI3CkM9QgeuXQILcHIAAoW/?a=1988&bti=NDU3ZjAwOg%3D%3D&ch=0&cr=3&dr=0&lr=unwatermarked&cd=0%7C0%7C0%7C&cv=1&br=1256&bt=628&cs=0&ds=6&ft=4KJMyMzm8Zmo0OhJ1-4jVOkZdpWrKsd.&mime_type=video_mp4&qs=0&rc=PDw1O2U3aWYzZWdkOTM1aEBpajh4anc5cjo0cTMzZzczNEBfMTMyLV8yXzUxYC9hNDQvYSNrYi9sMmRrMG1gLS1kMS9zcw%3D%3D&btag=e00088000&expire=1712004120&l=20240330204135CAF50733165989314295&ply_type=2&policy=2&signature=540d3764f59bcded4951adb42f86d678&tk=tt_chain_token
video/mp4,bytesbytes 0-3917208/3917209,1711831309.5612428,1711831309.561835,1711831309.585407,1711831309.85011,dump,video,/video/tos/useast5/tos-useast5-ve-0068c001-tx/oMJIjPX8MgMztKAAVoeA80QfLxRejqsHkO0TNC/?a=1988&bti=NDU3ZjAwOg%3D%3D&ch=0&cr=3&dr=0&lr=unwatermarked&cd=0%7C0%7C0%7C&cv=1&br=904&bt=452&cs=0&ds=6&ft=4KJMyMzm8Zmo0OhJ1-4jVOkZdpWrKsd.&mime_type=video_mp4&qs=0&rc=PGQ6OGQ7NGhnZzxpMzQ1ZEBpM21meXM5cmc8cTMzZzczNEAuNGBiNDU2NTQxXy4zM2AvYSMyZTZfMmRraXBgLS1kMS9zcw%3D%3D&btag=e00090000&expire=1712004162&l=20240330204135CAF50733165989314295&ply_type=2&policy=2&signature=8c97f85dbbc0e139ba8ec2977826f742&tk=tt_chain_token
video/mp4,bytesbytes 0-5110504/5110505,1711831311.939924,1711831311.9408681,1711831312.638965,1711831314.59089,dump,video,/video/tos/useast5/tos-useast5-ve-0068c003-tx/oY6FoAnwNkgjeIIL36LeHCAfz2uvZaQFjJG6It/?a=1988&bti=NDU3ZjAwOg%3D%3D&ch=0&cr=3&dr=0&lr=unwatermarked&cd=0%7C0%7C0%7C&cv=1&br=1886&bt=943&cs=0&ds=6&ft=4KJMyMzm8Zmo0OhJ1-4jVOkZdpWrKsd.&mime_type=video_mp4&qs=0&rc=NTU2PDYzNDk7ZmU1Z2loM0BpanN3cXg5cmc5cTMzZzczNEA2M18vLTFjNWIxMl8wNS9hYSNqNGlkMmRram5gLS1kMS9zcw%3D%3D&btag=e00088000&expire=1712004137&l=20240330204135CAF50733165989314295&ply_type=2&policy=2&signature=c0009046d0a7cb17053b767f38f88f8b&tk=tt_chain_token
video/mp4,bytesbytes 0-1129363/1129364,1711831317.327651,1711831317.329008,1711831317.6787,1711831318.100037,dump,video,/video/tos/useast5/tos-useast5-pve-0068-tx/oYEqvQB9L7Hw1ZfxCvLIAUGDI4AjzZEEIeeXk1/?a=1988&bti=NDU3ZjAwOg%3D%3D&ch=0&cr=3&dr=0&lr=unwatermarked&cd=0%7C0%7C0%7C&cv=1&br=1214&bt=607&cs=0&ds=6&ft=4KJMyMzm8Zmo0OhJ1-4jVOkZdpWrKsd.&mime_type=video_mp4&qs=0&rc=ZGczOTwzZjc8Z2Y0ODc0aEBpanN3anU5cjN0cTMzZzczNEAvMzRfXjFgNS0xNjMtLS0vYSNyYmdzMmRjaWxgLS1kMS9zcw%3D%3D&btag=e00088000&expire=1712004109&l=20240330204135CAF50733165989314295&ply_type=2&policy=2&signature=e3a66a8afb4e7015773767f5445a9134&tk=tt_chain_token
video/mp4,bytesbytes 0-1099483/1099484,1711831319.463279,1711831319.4643269,1711831319.4849641,1711831319.533756,dump,video,/video/tos/useast5/tos-useast5-ve-0068c001-tx/oMD2zMJvDEHhf0xvASFQSvRBKBfKlBDIExgRE9/?a=1988&bti=NDU3ZjAwOg%3D%3D&ch=0&cr=3&dr=0&lr=unwatermarked&cd=0%7C0%7C0%7C&cv=1&br=2720&bt=1360&cs=0&ds=6&ft=4KJMyMzm8Zmo0WYJ1-4jVNAZdpWrKsd.&mime_type=video_mp4&qs=0&rc=OjQ6NWg8ZmllOzNoZ2U6O0BpajhmdHI5cmpmcTMzZzczNEA0MGM2NjZeXjIxL14wX2BiYSNjZjRvMmRja25gLS1kMS9zcw%3D%3D&btag=e00088000&expire=1712004118&l=2024033020415140083C34E0C36C3073EC&ply_type=2&policy=2&signature=f9d0e16a9a07ca532237ced161f783a1&tk=tt_chain_token
video/mp4,bytesbytes 0-11031441/11031442,1711831321.461038,1711831321.461657,1711831321.508872,1711831322.304395,dump,video,/video/tos/useast5/tos-useast5-ve-0068c004-tx/oMiPSFDBREDjNEhJ2mEIIwBALQSghfKE5lfYJT/?a=1988&bti=NDU3ZjAwOg%3D%3D&ch=0&cr=3&dr=0&lr=unwatermarked&cd=0%7C0%7C0%7C&cv=1&br=2798&bt=1399&cs=0&ds=6&ft=4KJMyMzm8Zmo0WYJ1-4jVNAZdpWrKsd.&mime_type=video_mp4&qs=0&rc=OjQ5NDQ0Zmg5Nzc8NmY4NUBpMzxrbHk5cjU1cTMzZzczNEAtLTNfYTMwX14xXmEyNWAyYSNgMS00MmRjbGdgLS1kMS9zcw%3D%3D&btag=e00090000&expire=1712004173&l=2024033020415140083C34E0C36C3073EC&ply_type=2&policy=2&signature=fd5382004f068dc39a460d9a4d6bc2c0&tk=tt_chain_token
video/mp4,bytesbytes 0-1371218/1371219,1711831323.568492,1711831323.569119,1711831323.9603531,1711831324.12893,dump,video,/video/tos/useast8/tos-useast8-ve-0068c003-tx2/owBLEUqITCLdovBriBAihe0XIvZcyViAMQm2nA/?a=1988&bti=NDU3ZjAwOg%3D%3D&ch=0&cr=3&dr=0&lr=unwatermarked&cd=0%7C0%7C0%7C&cv=1&br=2044&bt=1022&cs=0&ds=6&ft=4KJMyMzm8Zmo0WYJ1-4jVNAZdpWrKsd.&mime_type=video_mp4&qs=0&rc=Njc5MzU7ODlmOWU0ZmgzNUBpMzRsNnA5cm9wcTMzaTczNEBjMWAvMGIzXzExMmE0YC1hYSNeazBoMmRrYGdgLS1kMTJzcw%3D%3D&btag=e00088000&expire=1712004122&l=2024033020415140083C34E0C36C3073EC&ply_type=2&policy=2&signature=712bbe1327505c4576af5a46a27fa27c&tk=tt_chain_token
video/mp4,bytesbytes 0-5416994/5416995,1711831326.0323782,1711831326.033643,1711831326.0587158,1711831326.608363,dump,video,/video/tos/useast5/tos-useast5-ve-0068c004-tx/oEM6LlKrfABjQGBKE0Fme5Eg8iRmi5gFxSiIDp/?a=1988&bti=NDU3ZjAwOg%3D%3D&ch=0&cr=3&dr=0&lr=unwatermarked&cd=0%7C0%7C0%7C&cv=1&br=1386&bt=693&cs=0&ds=6&ft=4KJMyMzm8Zmo0WYJ1-4jVNAZdpWrKsd.&mime_type=video_mp4&qs=0&rc=NzVpODNoMzw5N2k8Nmg1M0BpamZta3Q5cjg1cTMzZzczNEBfXzMxNTVeNTAxMS5iL2A0YSNoL2twMmRjcmdgLS1kMS9zcw%3D%3D&btag=e00090000&expire=1712004173&l=2024033020415140083C34E0C36C3073EC&ply_type=2&policy=2&signature=6cd59a84b6434654ff3bb3b9b113d51e&tk=tt_chain_token
video/mp4,bytesbytes 0-1159269/1159270,1711831332.134837,1711831332.135893,1711831333.805865,1711831335.3904371,dump,video,/video/tos/useast5/tos-useast5-ve-0068c002-tx/ogg3GlqejLIzmkHiCNGDfuLxNfAgAA3QRmGCII/?a=1988&bti=NDU3ZjAwOg%3D%3D&ch=0&cr=3&dr=0&lr=unwatermarked&cd=0%7C0%7C0%7C&cv=1&br=1202&bt=601&cs=0&ds=6&ft=4KJMyMzm8Zmo0WYJ1-4jVNAZdpWrKsd.&mime_type=video_mp4&qs=0&rc=PDY1PDc5NGk5NjpoNDxmPEBpanVnN3c5cm5ycTMzZzczNEBjNTQzNWM0XzQxXzNiM2BfYSNuc2BuMmRrby1gLS1kMS9zcw%3D%3D&btag=e00088000&expire=1712004127&l=2024033020415140083C34E0C36C3073EC&ply_type=2&policy=2&signature=00f5b7e2ccccd9778b72484ff07234b6&tk=tt_chain_token
video/mp4,bytesbytes 0-2580059/2580060,1711831337.648142,1711831337.6498501,1711831337.697218,1711831337.8557272,dump,video,/video/tos/useast5/tos-useast5-ve-0068c001-tx/oAfl5jRfEDD10UGEBBFMXQ6EDWEgIgB6AIgSUA/?a=1988&bti=NDU3ZjAwOg%3D%3D&ch=0&cr=3&dr=0&lr=unwatermarked&cd=0%7C0%7C0%7C&cv=1&br=3536&bt=1768&cs=0&ds=6&ft=4KJMyMzm8Zmo0CYJ1-4jVrXZdpWrKsd.&mime_type=video_mp4&qs=0&rc=NzgzaGQzaWc6OWU6MzVpO0Bpajc8N3c5cjgzcTMzZzczNEA2MjVeMTA1Xi4xMF9eYjUxYSMyMDAyMmRzM15gLS1kMS9zcw%3D%3D&btag=e00088000&expire=1712004137&l=20240330204205B79333B8EA9DAC300859&ply_type=2&policy=2&signature=2629ec4f064a108b8ec4cb832dcf39f2&tk=tt_chain_token
video/mp4,bytesbytes 0-1136372/1136373,1711831339.545614,1711831339.546885,1711831340.111153,1711831340.448289,dump,video,/video/tos/useast2a/tos-useast2a-ve-0068c004/ocYIJrQXoFOyACSFKLffjhgB4EIEfCEDEWx9H4/?a=1988&bti=NDU3ZjAwOg%3D%3D&ch=0&cr=3&dr=0&lr=unwatermarked&cd=0%7C0%7C0%7C&cv=1&br=1572&bt=786&cs=0&ds=6&ft=4KJMyMzm8Zmo0SYJ1-4jV6AsdpWrKsd.&mime_type=video_mp4&qs=0&rc=O2g0NmhnOzlmODc1NzQ8OEBpMzc7NXk5cjpmcTMzNzczM0AwMy8xYzMvNi4xLWI1MzRgYSNtcDZoMmRzYl9gLS1kMTZzcw%3D%3D&btag=e00088000&expire=1712004143&l=20240330204211F7DE445B5EFC7430A646&ply_type=2&policy=2&signature=dfccdd30c4be7ad5d9691e9f18ff8d0b&tk=tt_chain_token
video/mp4,bytesbytes 0-1165660/1165661,1711831341.574579,1711831341.57519,1711831342.055079,1711831342.507655,dump,video,/video/tos/useast2a/tos-useast2a-pve-0068/owUhRlBD4LiEEUw1BAEHhfEftYDQGFIDQXJBsV/?a=1988&bti=NDU3ZjAwOg%3D%3D&ch=0&cr=3&dr=0&lr=unwatermarked&cd=0%7C0%7C0%7C&cv=1&br=1614&bt=807&cs=0&ds=6&ft=4KJMyMzm8Zmo0SYJ1-4jV6AsdpWrKsd.&mime_type=video_mp4&qs=0&rc=ZTw8PDc4Nmk6PGk7PDkzO0BpMzQ0cnk5cmVvcTMzNzczM0A0Yy4wYTUuX2IxMTZhMjM1YSNqY2cuMmRjL2RgLS1kMTZzcw%3D%3D&btag=e00088000&expire=1712004143&l=20240330204211F7DE445B5EFC7430A646&ply_type=2&policy=2&signature=8f593bdb66b67c9dd2e07f233b36297c&tk=tt_chain_token
video/mp4,bytesbytes 0-681997/681998,1711831343.573024,1711831343.574774,1711831343.782659,1711831344.087297,dump,video,/video/tos/useast2a/tos-useast2a-pve-0068/oMAgKsnhBXyEvA8a47BFPIpvkeTIiOioAKZCTN/?a=1988&bti=NDU3ZjAwOg%3D%3D&ch=0&cr=3&dr=0&lr=unwatermarked&cd=0%7C0%7C0%7C&cv=1&br=1042&bt=521&cs=0&ds=6&ft=4KJMyMzm8Zmo0SYJ1-4jV6AsdpWrKsd.&mime_type=video_mp4&qs=0&rc=NDY8Zmk7aDw0ODdkPDYzZUBpajo3bXI5cjxucTMzNzczM0AtYzY1MzE0X2IxYi0vYTJeYSM2c19fMmRrcWRgLS1kMTZzcw%3D%3D&btag=e00088000&expire=1712004142&l=20240330204211F7DE445B5EFC7430A646&ply_type=2&policy=2&signature=80cbafbdb69efd614cbb248dba6d677f&tk=tt_chain_token
video/mp4,bytesbytes 0-1858140/1858141,1711831346.2232802,1711831346.2239208,1711831346.4401238,1711831346.76987,dump,video,/video/tos/useast5/tos-useast5-ve-0068c002-tx/oEhSFGBgYHLTHf9eIAEaPkLUYtj4rAgeIRQCAE/?a=1988&bti=NDU3ZjAwOg%3D%3D&ch=0&cr=3&dr=0&lr=unwatermarked&cd=0%7C0%7C0%7C&cv=1&br=2638&bt=1319&cs=0&ds=6&ft=4KJMyMzm8Zmo0SYJ1-4jV6AsdpWrKsd.&mime_type=video_mp4&qs=0&rc=PDZlPDZpZDNlZDQ0OmU3NEBpMztqO2s5cmk8cTMzZzczNEAzMV41Xy8wNTQxYmIwMTNfYSNfcHIvMmRrZF9gLS1kMS9zcw%3D%3D&btag=e00088000&expire=1712004143&l=20240330204211F7DE445B5EFC7430A646&ply_type=2&policy=2&signature=47fffc6e15e774bcf544a71f2b20756c&tk=tt_chain_token
video/mp4,bytesbytes 0-22235879/22235880,1711831351.6784809,1711831351.679729,1711831351.7660449,1711831353.028231,dump,video,/video/tos/useast2a/tos-useast2a-ve-0068c002/oMEBiByvRCzNxLqyIQVRifLYJOeklEA9RB3VQF/?a=1988&bti=NDU3ZjAwOg%3D%3D&ch=0&cr=3&dr=0&lr=unwatermarked&cd=0%7C0%7C0%7C&cv=1&br=4014&bt=2007&cs=0&ds=6&ft=4KJMyMzm8Zmo0SYJ1-4jV6AsdpWrKsd.&mime_type=video_mp4&qs=0&rc=OWRkZmhpM2Y2ZTVmZTNlO0BpamtleW05cmY2cTMzNzgzM0A1LjUvMzRfNi0xLi9hXy0wYSMyY2JrMmRjXm1gLS1kLzZzcw%3D%3D&btag=e00090000&expire=1712004218&l=20240330204211F7DE445B5EFC7430A646&ply_type=2&policy=2&signature=b4368edabff359cf0defdc1e3099387b&tk=tt_chain_token
video/mp4,bytesbytes 0-8217452/8217453,1711831354.351016,1711831354.351593,1711831354.371291,1711831354.850563,dump,video,/video/tos/useast5/tos-useast5-ve-0068c002-tx/o4HAQkIGrVeHBpeg0LdpIbSIpPLrfjA6AzCVNA/?a=1988&bti=NDU3ZjAwOg%3D%3D&ch=0&cr=3&dr=0&lr=unwatermarked&cd=0%7C0%7C0%7C&cv=1&br=2052&bt=1026&cs=0&ds=6&ft=4KJMyMzm8Zmo0eYJ1-4jVNn.dpWrKsd.&mime_type=video_mp4&qs=0&rc=NzxpZmdmOjxnaDM0aGg8OUBpamczcXQ5cjlocTMzZzczNEA0MWE0Ly0zXy4xYl4yNjIuYSNoLnBeMmRjZG5gLS1kMS9zcw%3D%3D&btag=e00090000&expire=1712004208&l=20240330204225F7DE445B5EFC7430A964&ply_type=2&policy=2&signature=70c6f1863aa08964495ae72091b188ce&tk=tt_chain_token
video/mp4,bytesbytes 0-2723550/2723551,1711831360.606823,1711831360.607438,1711831360.626802,1711831360.8251169,dump,video,/video/tos/useast5/tos-useast5-ve-0068c003-tx/oIfgkR1WAAPOHLGNjLe89LGCfK1jIIIkXYh5AX/?a=1988&bti=NDU3ZjAwOg%3D%3D&ch=0&cr=3&dr=0&lr=unwatermarked&cd=0%7C0%7C0%7C&cv=1&br=1908&bt=954&cs=0&ds=6&ft=4KJMyMzm8Zmo0eYJ1-4jVNn.dpWrKsd.&mime_type=video_mp4&qs=0&rc=Zjc3aDM8ZWZmNjk3OTo5NkBpMzY0aWs5cnl4cTMzZzczNEAvNjU0Mi5hXl4xYjQvL15jYSM2Zm1lMmQ0Z2lgLS1kMS9zcw%3D%3D&btag=e00088000&expire=1712004168&l=20240330204225F7DE445B5EFC7430A964&ply_type=2&policy=2&signature=ff14913747fd72464a9b07820041e3d5&tk=tt_chain_token
video/mp4,bytesbytes 0-2998607/2998608,1711831362.4196029,1711831362.4205499,1711831362.4518132,1711831362.689305,dump,video,/video/tos/ie/tos-ie-ve-0068c001-ie/oMII6FLogCCNJfD7EfUR3uQAECD17eoXrDwAjM/?a=1988&bti=NDU3ZjAwOg%3D%3D&ch=0&cr=3&dr=0&lr=unwatermarked&cd=0%7C0%7C0%7C&cv=1&br=1632&bt=816&cs=0&ds=6&ft=4KJMyMzm8Zmo0KYJ1-4jVA.WdpWrKsd.&mime_type=video_mp4&qs=0&rc=NTc5NzRnOGY6OzUzPDg5aEBpamd4OW45cjgzcTMzazczNEBgYzU0YDBhNjAxMS8uLzZiYSNxamteMmRzbHFgLS1kMTRzcw%3D%3D&btag=e00088000&expire=1712004182&l=20240330204233E15E7091EF080832049C&ply_type=2&policy=2&signature=7f41ec5658db05ea7d9d0ba6087b02f3&tk=tt_chain_token
video/mp4,bytesbytes 0-6163506/6163507,1711831364.311178,1711831364.311795,1711831364.342389,1711831364.7739341,dump,video,/video/tos/useast5/tos-useast5-pve-0068-tx/osFFPSACigrPV52cB4YpZ8aiIQOB8MgjPUE4E/?a=1988&bti=NDU3ZjAwOg%3D%3D&ch=0&cr=3&dr=0&lr=unwatermarked&cd=0%7C0%7C0%7C&cv=1&br=3150&bt=1575&cs=0&ds=6&ft=4KJMyMzm8Zmo0KYJ1-4jVA.WdpWrKsd.&mime_type=video_mp4&qs=0&rc=ODs5aGk6NTNpZ2U3PGhnZ0BpanZmaHA5cmxwcTMzZzczNEAvYzIyNTZhXi0xY19eYV82YSM0MmBkMmQ0ai9gLS1kMS9zcw%3D%3D&btag=e00088000&expire=1712004184&l=20240330204233E15E7091EF080832049C&ply_type=2&policy=2&signature=8392630214b60265f241a9a2638a7b55&tk=tt_chain_token
video/mp4,bytesbytes 0-6311486/6311487,1711831366.327596,1711831366.327883,1711831366.352139,1711831366.726358,dump,video,/video/tos/useast5/tos-useast5-ve-0068c002-tx/owOCMwVeYQeMLHAGQUdOj5FGAIGIkTgfL3EKIC/?a=1988&bti=NDU3ZjAwOg%3D%3D&ch=0&cr=3&dr=0&lr=unwatermarked&cd=0%7C0%7C0%7C&cv=1&br=1158&bt=579&cs=0&ds=6&ft=4KJMyMzm8Zmo0KYJ1-4jVA.WdpWrKsd.&mime_type=video_mp4&qs=0&rc=OTk4ODg4Nzs1NTYzOGRlNEBpajVpaWs5cjU6cjMzZzczNEAzNS9iMi4zXmExM2JjYWEvYSNnZHNlMmRrMjFgLS1kMS9zcw%3D%3D&btag=e00090000&expire=1712004239&l=20240330204233E15E7091EF080832049C&ply_type=2&policy=2&signature=ad529420fed2a20f5f4eb4b9cb6a7102&tk=tt_chain_token
video/mp4,bytesbytes 0-5356237/5356238,1711831368.1565702,1711831368.158279,1711831368.189664,1711831368.572103,dump,video,/video/tos/useast5/tos-useast5-ve-0068c004-tx/oMYAQOFaNdSqGFeLDgDAIRBrR8mgiBwEKcEOfm/?a=1988&bti=NDU3ZjAwOg%3D%3D&ch=0&cr=3&dr=0&lr=unwatermarked&cd=0%7C0%7C0%7C&cv=1&br=1892&bt=946&cs=0&ds=6&ft=4KJMyMzm8Zmo0KYJ1-4jVA.WdpWrKsd.&mime_type=video_mp4&qs=0&rc=MzxpNDw8M2llNzNmZmRmZkBpajV2Nm85cnR2cjMzZzczNEBeMy41LzJhXjYxYGAuMTMxYSNnLWhzMmRrNS9gLS1kMS9zcw%3D%3D&btag=e00088000&expire=1712004198&l=20240330204233E15E7091EF080832049C&ply_type=2&policy=2&signature=251d39ef586901bb43602b65313ec180&tk=tt_chain_token
video/mp4,bytesbytes 0-6643872/6643873,1711831370.266568,1711831370.2670562,1711831370.283649,1711831370.7024288,dump,video,/video/tos/useast2a/tos-useast2a-ve-0068c001-euttp/oQXfPZT6RWu8E20RgtZekNAyAGLrf8enTAkGTI/?a=1988&bti=NDU3ZjAwOg%3D%3D&ch=0&cr=3&dr=0&lr=unwatermarked&cd=0%7C0%7C0%7C&cv=1&br=842&bt=421&cs=0&ds=6&ft=4KJMyMzm8Zmo0KYJ1-4jVA.WdpWrKsd.&mime_type=video_mp4&qs=0&rc=aWloZjlnZWVkN2U2ZDc2OkBpajc3bHA5cndxcTMzZjczM0A1NDA1MDA0XjIxL2BiMGJgYSNzb2NiMmRrMXNgLS1kMWNzcw%3D%3D&btag=e00090000&expire=1712004277&l=20240330204233E15E7091EF080832049C&ply_type=2&policy=2&signature=76a0ea9ad9fa8d9caf95a09c9b814807&tk=tt_chain_token
video/mp4,bytesbytes 0-15744847/15744848,1711831372.1616378,1711831372.1624541,1711831372.186632,1711831373.955107,dump,video,/video/tos/useast5/tos-useast5-ve-0068c003-tx/o0fQeW7EgIXIkD5C7mfM8H4jSzAXADlA809LR2/?a=1988&bti=NDU3ZjAwOg%3D%3D&ch=0&cr=3&dr=0&lr=unwatermarked&cd=0%7C0%7C0%7C&cv=1&br=2726&bt=1363&cs=0&ds=6&ft=4KJMyMzm8Zmo0KYJ1-4jVA.WdpWrKsd.&mime_type=video_mp4&qs=0&rc=OjRlOzM2PGg4PDdmODZlOUBpM3h4a3Q5cnBscTMzZzczNEAtLzNeMzQ0XmIxLjU1YTJiYSNzcWpwMmRjaG1gLS1kMS9zcw%3D%3D&btag=e00090000&expire=1712004244&l=20240330204233E15E7091EF080832049C&ply_type=2&policy=2&signature=d533709b21c7371b0ca20bc7ed5f9cf1&tk=tt_chain_token
video/mp4,bytesbytes 0-12998330/12998331,1711831374.197813,1711831374.198326,1711831374.2196531,1711831375.518145,dump,video,/video/tos/useast5/tos-useast5-ve-0068c003-tx/oEIMmQpByAZ2QjIiiMZDKAInCBvof91wAIEqXx/?a=1988&bti=NDU3ZjAwOg%3D%3D&ch=0&cr=3&dr=0&lr=unwatermarked&cd=0%7C0%7C0%7C&cv=1&br=2654&bt=1327&cs=0&ds=6&ft=4KJMyMzm8Zmo0KYJ1-4jVA.WdpWrKsd.&mime_type=video_mp4&qs=0&rc=OWlpNWg6O2RpZWYzOjk2OkBpM2p2anA5cnI5cTMzZzczNEBhXy9hYmAyNS0xNGA0XmNiYSMxZDJnMmRzYGhgLS1kMS9zcw%3D%3D&btag=e00090000&expire=1712004230&l=20240330204233E15E7091EF080832049C&ply_type=2&policy=2&signature=ba85634bdccfad4f4c71b7e4c4ee6703&tk=tt_chain_token
video/mp4,bytesbytes 0-965642/965643,1711831376.116889,1711831376.117374,1711831376.1479611,1711831376.3359501,dump,video,/video/tos/useast5/tos-useast5-pve-0068-tx/o8JgDqsrHGivIk3ewsLeAAQIjALs6OXeI8CLCR/?a=1988&bti=NDU3ZjAwOg%3D%3D&ch=0&cr=3&dr=0&lr=unwatermarked&cd=0%7C0%7C0%7C&cv=1&br=1984&bt=992&cs=0&ds=6&ft=4KJMyMzm8Zmo0KYJ1-4jVA.WdpWrKsd.&mime_type=video_mp4&qs=0&rc=OTQ4ZTtkNGY8OTszNTpkZEBpanU7OWw5cjU7cTMzZzczNEAzMC8xXzQvNjYxNC8uYy8uYSMyb2ptMmRzZGNgLS1kMS9zcw%3D%3D&btag=e00088000&expire=1712004162&l=20240330204233E15E7091EF080832049C&ply_type=2&policy=2&signature=d84efcac1714a75ab4dddf43ba13ed35&tk=tt_chain_token
video/mp4,bytesbytes 0-1118586/1118587,1711831378.0035892,1711831378.004725,1711831378.0501409,1711831378.156644,dump,video,/video/tos/useast2a/tos-useast2a-ve-0068-euttp/ogpgeLG4jIGXREEpVBIIBWEASQggv2BdgLefeT/?a=1988&bti=NDU3ZjAwOg%3D%3D&ch=0&cr=3&dr=0&lr=unwatermarked&cd=0%7C0%7C0%7C&cv=1&br=2544&bt=1272&cs=0&ds=6&ft=4KJMyMzm8Zmo0KYJ1-4jVA.WdpWrKsd.&mime_type=video_mp4&qs=0&rc=Zzo7ZWdkNmk4aGlkNWk5NkBpaml3M3c5cm9ucTMzZjczM0BhYS5fMjA1NjIxMmJfYTQvYSNjZC9oMmQ0aS1gLS1kMWNzcw%3D%3D&btag=e00088000&expire=1712004160&l=20240330204233E15E7091EF080832049C&ply_type=2&policy=2&signature=b34d08e746994ce6639640ea4263f5bf&tk=tt_chain_token
video/mp4,bytesbytes 0-5623601/5623602,1711831380.0351,1711831380.0363462,1711831380.106001,1711831380.483788,dump,video,/video/tos/useast5/tos-useast5-pve-0068-tx/oUeYKQFXLPH748L8C6FEABDsIfAjz4XEIpfnkG/?a=1988&bti=NDU3ZjAwOg%3D%3D&ch=0&cr=3&dr=0&lr=unwatermarked&cd=0%7C0%7C0%7C&cv=1&br=3404&bt=1702&cs=0&ds=6&ft=4KJMyMzm8Zmo0KYJ1-4jVA.WdpWrKsd.&mime_type=video_mp4&qs=0&rc=M2RlODplOzk1ZWRlZTo1N0BpanZoaXc5cnU5cTMzZzczNEBfLTMtNWA2X18xXzMuMTJhYSNfY2VeMmQ0LXJgLS1kMS9zcw%3D%3D&btag=e00088000&expire=1712004180&l=20240330204233E15E7091EF080832049C&ply_type=2&policy=2&signature=fc3acfc24debef697c092fea7ca6d083&tk=tt_chain_token
