video/mp4,bytesbytes 0-752760/752761,1714075097.294218,1714075097.2945101,1714075097.34817,1714075097.458974,dump,video,/video/tos/useast8/tos-useast8-ve-0068c003-tx2/oYWOQV0VoDA9U1fiH1F2ERmWkEkAaBjAIrfzDE/?a=1988&bti=NDU3ZjAwOg%3D%3D&ch=0&cr=3&dr=0&lr=unwatermarked&cd=0%7C0%7C0%7C&cv=1&br=1992&bt=996&cs=0&ds=6&ft=4KJMyMzm8Zmo0CddC-4jVGN.dpWrKsd.&mime_type=video_mp4&qs=0&rc=Zmg3OWRlO2lmZjozZDxlZ0BpM2dxaHU5cmRvcjMzaTczNEAtYzMuYC8uNTMxYmExMzIyYSNhMWoyMmQ0NC5gLS1kMTJzcw%3D%3D&btag=e00088000&expire=1714247075&l=2024042519442908138BB9B70657044307&ply_type=2&policy=2&signature=3e83146bb9ede18b812a8278bcb77694&tk=tt_chain_token
video/mp4,bytesbytes 0-614399/1266301,1714075101.207585,1714075101.208113,1714075101.22634,1714075101.2848582,dump,video,/video/tos/useast5/tos-useast5-ve-0068c002-tx/oshjTLIQnBsx4XkXIS2hKGAIGeAhLHQeeCNMkE/?a=1988&bti=NDU3ZjAwOg%3D%3D&ch=0&cr=3&dr=0&lr=unwatermarked&cd=0%7C0%7C0%7C&cv=1&br=1408&bt=704&cs=0&ds=6&ft=4KJMyMzm8Zmo0CddC-4jVGN.dpWrKsd.&mime_type=video_mp4&qs=0&rc=OTw0aTNoN2g4NDU1OjhmO0Bpang6a245cm5scjMzZzczNEA0LjRjLWAvNjAxMjExLy4vYSNkcjJxMmQ0YV9gLS1kMS9zcw%3D%3D&btag=e00088000&expire=1714247084&l=2024042519442908138BB9B70657044307&ply_type=2&policy=2&signature=ee6af8df09fb88a73ec5e4991048bd80&tk=tt_chain_token&__vid=TT-vCache-7356393984345820459
video/mp4,bytesbytes 614400-1266114/1266301,1714075101.311371,1714075101.312991,1714075101.333004,1714075101.412019,dump,video,/video/tos/useast5/tos-useast5-ve-0068c002-tx/oshjTLIQnBsx4XkXIS2hKGAIGeAhLHQeeCNMkE/?a=1988&bti=NDU3ZjAwOg%3D%3D&ch=0&cr=3&dr=0&lr=unwatermarked&cd=0%7C0%7C0%7C&cv=1&br=1408&bt=704&cs=0&ds=6&ft=4KJMyMzm8Zmo0CddC-4jVGN.dpWrKsd.&mime_type=video_mp4&qs=0&rc=OTw0aTNoN2g4NDU1OjhmO0Bpang6a245cm5scjMzZzczNEA0LjRjLWAvNjAxMjExLy4vYSNkcjJxMmQ0YV9gLS1kMS9zcw%3D%3D&btag=e00088000&expire=1714247084&l=2024042519442908138BB9B70657044307&ply_type=2&policy=2&signature=ee6af8df09fb88a73ec5e4991048bd80&tk=tt_chain_token&__vid=TT-vCache-7356393984345820459
video/mp4,bytesbytes 0-1023999/27855835,1714075102.215712,1714075102.216832,1714075102.235053,1714075102.3012018,dump,video,/video/tos/useast5/tos-useast5-ve-0068c004-tx/o0NzhAjRPSgDFEIlX8FfDBgeW5AIKOQyR1D1EV/?a=1988&bti=NDU3ZjAwOg%3D%3D&ch=0&cr=3&dr=0&lr=unwatermarked&cd=0%7C0%7C0%7C&cv=1&br=3030&bt=1515&cs=0&ds=6&ft=4KJMyMzm8Zmo0CddC-4jVGN.dpWrKsd.&mime_type=video_mp4&qs=0&rc=MzZnaDQzNmg5ODdmaGU2M0BpamVla3Q5cjhpcTMzZzczNEBhMTRfMWEuNjMxLTI1XjYvYSMwMGhwMmRjMmxgLS1kMS9zcw%3D%3D&btag=e00090000&expire=1714247213&l=2024042519442908138BB9B70657044307&ply_type=2&policy=2&signature=0b1a2f956198d46737518842fafba0ce&tk=tt_chain_token&__vid=TT-vCache-7345638262804958507
video/mp4,bytesbytes 1024000-2652679/27855835,1714075102.3250592,1714075102.325459,1714075102.344054,1714075102.448123,dump,video,/video/tos/useast5/tos-useast5-ve-0068c004-tx/o0NzhAjRPSgDFEIlX8FfDBgeW5AIKOQyR1D1EV/?a=1988&bti=NDU3ZjAwOg%3D%3D&ch=0&cr=3&dr=0&lr=unwatermarked&cd=0%7C0%7C0%7C&cv=1&br=3030&bt=1515&cs=0&ds=6&ft=4KJMyMzm8Zmo0CddC-4jVGN.dpWrKsd.&mime_type=video_mp4&qs=0&rc=MzZnaDQzNmg5ODdmaGU2M0BpamVla3Q5cjhpcTMzZzczNEBhMTRfMWEuNjMxLTI1XjYvYSMwMGhwMmRjMmxgLS1kMS9zcw%3D%3D&btag=e00090000&expire=1714247213&l=2024042519442908138BB9B70657044307&ply_type=2&policy=2&signature=0b1a2f956198d46737518842fafba0ce&tk=tt_chain_token&__vid=TT-vCache-7345638262804958507
video/mp4,bytesbytes 1266115-1266300/1266301,1714075109.598902,1714075109.599832,1714075109.623569,1714075109.6245959,dump,video,/video/tos/useast5/tos-useast5-ve-0068c002-tx/oshjTLIQnBsx4XkXIS2hKGAIGeAhLHQeeCNMkE/?a=1988&bti=NDU3ZjAwOg%3D%3D&ch=0&cr=3&dr=0&lr=unwatermarked&cd=0%7C0%7C0%7C&cv=1&br=1408&bt=704&cs=0&ds=6&ft=4KJMyMzm8Zmo0CddC-4jVGN.dpWrKsd.&mime_type=video_mp4&qs=0&rc=OTw0aTNoN2g4NDU1OjhmO0Bpang6a245cm5scjMzZzczNEA0LjRjLWAvNjAxMjExLy4vYSNkcjJxMmQ0YV9gLS1kMS9zcw%3D%3D&btag=e00088000&expire=1714247084&l=2024042519442908138BB9B70657044307&ply_type=2&policy=2&signature=ee6af8df09fb88a73ec5e4991048bd80&tk=tt_chain_token&__vid=TT-vCache-7356393984345820459
video/mp4,bytesbytes 0-614399/2427162,1714075114.77865,1714075114.7798898,1714075114.8541281,1714075115.724687,dump,video,/video/tos/useast5/tos-useast5-ve-0068c002-tx/o8viZQA4BMiUBjLYCNEIEd3CgNhR8YwhKydU7/?a=1988&bti=NDU3ZjAwOg%3D%3D&ch=0&cr=3&dr=0&lr=unwatermarked&cd=0%7C0%7C0%7C&cv=1&br=3168&bt=1584&cs=0&ds=6&ft=4KJMyMzm8Zmo0YUdC-4jVbhadpWrKsd.&mime_type=video_mp4&qs=0&rc=ZjhnZDVmNTYzNGg7MzU5NUBpajQ8bWw5cnJpcTMzZzczNEAuMTEyLzIxNi0xLzA1Yy9eYSMzby0zMmRrLWBgLS1kMS9zcw%3D%3D&btag=e00088000&expire=1714247909&l=20240425195817F22D2E39319C8E055579&ply_type=2&policy=2&signature=36fde74c395456caa4c2a2a4bbe5a3ac&tk=tt_chain_token&__vid=TT-vCache-7338880016404499758
video/mp4,bytesbytes 614400-1800853/2427162,1714075115.746528,1714075115.7475588,1714075115.761705,1714075116.084426,dump,video,/video/tos/useast5/tos-useast5-ve-0068c002-tx/o8viZQA4BMiUBjLYCNEIEd3CgNhR8YwhKydU7/?a=1988&bti=NDU3ZjAwOg%3D%3D&ch=0&cr=3&dr=0&lr=unwatermarked&cd=0%7C0%7C0%7C&cv=1&br=3168&bt=1584&cs=0&ds=6&ft=4KJMyMzm8Zmo0YUdC-4jVbhadpWrKsd.&mime_type=video_mp4&qs=0&rc=ZjhnZDVmNTYzNGg7MzU5NUBpajQ8bWw5cnJpcTMzZzczNEAuMTEyLzIxNi0xLzA1Yy9eYSMzby0zMmRrLWBgLS1kMS9zcw%3D%3D&btag=e00088000&expire=1714247909&l=20240425195817F22D2E39319C8E055579&ply_type=2&policy=2&signature=36fde74c395456caa4c2a2a4bbe5a3ac&tk=tt_chain_token&__vid=TT-vCache-7338880016404499758
video/mp4,bytesbytes 1800854-2426951/2427162,1714075116.1147242,1714075116.118169,1714075116.204015,1714075116.336399,dump,video,/video/tos/useast5/tos-useast5-ve-0068c002-tx/o8viZQA4BMiUBjLYCNEIEd3CgNhR8YwhKydU7/?a=1988&bti=NDU3ZjAwOg%3D%3D&ch=0&cr=3&dr=0&lr=unwatermarked&cd=0%7C0%7C0%7C&cv=1&br=3168&bt=1584&cs=0&ds=6&ft=4KJMyMzm8Zmo0YUdC-4jVbhadpWrKsd.&mime_type=video_mp4&qs=0&rc=ZjhnZDVmNTYzNGg7MzU5NUBpajQ8bWw5cnJpcTMzZzczNEAuMTEyLzIxNi0xLzA1Yy9eYSMzby0zMmRrLWBgLS1kMS9zcw%3D%3D&btag=e00088000&expire=1714247909&l=20240425195817F22D2E39319C8E055579&ply_type=2&policy=2&signature=36fde74c395456caa4c2a2a4bbe5a3ac&tk=tt_chain_token&__vid=TT-vCache-7338880016404499758
video/mp4,bytesbytes 0-614399/10695215,1714075116.406919,1714075116.4082959,1714075116.44137,1714075116.559797,dump,video,/video/tos/useast5/tos-useast5-ve-0068c001-tx/oQQDIjCLW8xgELd666nGeAgIkuHeAbFZfIU5IY/?a=1988&bti=NDU3ZjAwOg%3D%3D&ch=0&cr=3&dr=0&lr=unwatermarked&cd=0%7C0%7C0%7C&cv=1&br=2420&bt=1210&cs=0&ds=6&ft=4KJMyMzm8Zmo0YUdC-4jVbhadpWrKsd.&mime_type=video_mp4&qs=0&rc=ZzlnNTNnaDs2M2c3MzY0aUBpanF4cXg5cjZmcTMzZzczNEBhMjYtXmJiXzYxYDI1XzFiYSNicWdkMmRjLnBgLS1kMS9zcw%3D%3D&btag=e00090000&expire=1714247967&l=20240425195817F22D2E39319C8E055579&ply_type=2&policy=2&signature=503ecf2aeb2c294b872972057ce09529&tk=tt_chain_token&__vid=TT-vCache-7347835725036916010
video/mp4,bytesbytes 614400-1565014/10695215,1714075116.580779,1714075116.582242,1714075116.6341739,1714075116.975968,dump,video,/video/tos/useast5/tos-useast5-ve-0068c001-tx/oQQDIjCLW8xgELd666nGeAgIkuHeAbFZfIU5IY/?a=1988&bti=NDU3ZjAwOg%3D%3D&ch=0&cr=3&dr=0&lr=unwatermarked&cd=0%7C0%7C0%7C&cv=1&br=2420&bt=1210&cs=0&ds=6&ft=4KJMyMzm8Zmo0YUdC-4jVbhadpWrKsd.&mime_type=video_mp4&qs=0&rc=ZzlnNTNnaDs2M2c3MzY0aUBpanF4cXg5cjZmcTMzZzczNEBhMjYtXmJiXzYxYDI1XzFiYSNicWdkMmRjLnBgLS1kMS9zcw%3D%3D&btag=e00090000&expire=1714247967&l=20240425195817F22D2E39319C8E055579&ply_type=2&policy=2&signature=503ecf2aeb2c294b872972057ce09529&tk=tt_chain_token&__vid=TT-vCache-7347835725036916010
video/mp4,bytesbytes 1565015-4092303/10695215,1714075117.0141928,1714075117.01805,1714075117.0399969,1714075117.446326,dump,video,/video/tos/useast5/tos-useast5-ve-0068c001-tx/oQQDIjCLW8xgELd666nGeAgIkuHeAbFZfIU5IY/?a=1988&bti=NDU3ZjAwOg%3D%3D&ch=0&cr=3&dr=0&lr=unwatermarked&cd=0%7C0%7C0%7C&cv=1&br=2420&bt=1210&cs=0&ds=6&ft=4KJMyMzm8Zmo0YUdC-4jVbhadpWrKsd.&mime_type=video_mp4&qs=0&rc=ZzlnNTNnaDs2M2c3MzY0aUBpanF4cXg5cjZmcTMzZzczNEBhMjYtXmJiXzYxYDI1XzFiYSNicWdkMmRjLnBgLS1kMS9zcw%3D%3D&btag=e00090000&expire=1714247967&l=20240425195817F22D2E39319C8E055579&ply_type=2&policy=2&signature=503ecf2aeb2c294b872972057ce09529&tk=tt_chain_token&__vid=TT-vCache-7347835725036916010
video/mp4,bytesbytes 2652680-5188765/27855835,1714075121.5715158,1714075121.5727491,1714075121.5885131,1714075121.9590201,dump,video,/video/tos/useast5/tos-useast5-ve-0068c004-tx/o0NzhAjRPSgDFEIlX8FfDBgeW5AIKOQyR1D1EV/?a=1988&bti=NDU3ZjAwOg%3D%3D&ch=0&cr=3&dr=0&lr=unwatermarked&cd=0%7C0%7C0%7C&cv=1&br=3030&bt=1515&cs=0&ds=6&ft=4KJMyMzm8Zmo0CddC-4jVGN.dpWrKsd.&mime_type=video_mp4&qs=0&rc=MzZnaDQzNmg5ODdmaGU2M0BpamVla3Q5cjhpcTMzZzczNEBhMTRfMWEuNjMxLTI1XjYvYSMwMGhwMmRjMmxgLS1kMS9zcw%3D%3D&btag=e00090000&expire=1714247213&l=2024042519442908138BB9B70657044307&ply_type=2&policy=2&signature=0b1a2f956198d46737518842fafba0ce&tk=tt_chain_token&__vid=TT-vCache-7345638262804958507
video/mp4,bytesbytes 5188766-8420210/27855835,1714075122.0639172,1714075122.065325,1714075122.078812,1714075122.454564,dump,video,/video/tos/useast5/tos-useast5-ve-0068c004-tx/o0NzhAjRPSgDFEIlX8FfDBgeW5AIKOQyR1D1EV/?a=1988&bti=NDU3ZjAwOg%3D%3D&ch=0&cr=3&dr=0&lr=unwatermarked&cd=0%7C0%7C0%7C&cv=1&br=3030&bt=1515&cs=0&ds=6&ft=4KJMyMzm8Zmo0CddC-4jVGN.dpWrKsd.&mime_type=video_mp4&qs=0&rc=MzZnaDQzNmg5ODdmaGU2M0BpamVla3Q5cjhpcTMzZzczNEBhMTRfMWEuNjMxLTI1XjYvYSMwMGhwMmRjMmxgLS1kMS9zcw%3D%3D&btag=e00090000&expire=1714247213&l=2024042519442908138BB9B70657044307&ply_type=2&policy=2&signature=0b1a2f956198d46737518842fafba0ce&tk=tt_chain_token&__vid=TT-vCache-7345638262804958507
video/mp4,bytesbytes 0-614399/3287083,1714075126.8883011,1714075126.890215,1714075126.933516,1714075127.010327,dump,video,/video/tos/useast5/tos-useast5-pve-0068-tx/oYFilCAgIuIprtDgIPy4XEfXybI7QBE46QiwAB/?a=1988&bti=NDU3ZjAwOg%3D%3D&ch=0&cr=3&dr=0&lr=unwatermarked&cd=0%7C0%7C0%7C&cv=1&br=1866&bt=933&cs=0&ds=6&ft=4KJMyMzm8Zmo0YUdC-4jVbhadpWrKsd.&mime_type=video_mp4&qs=0&rc=NWZlNmkzaTczODtlZTZpZkBpajh4N2w5cjN4cTMzZzczNEA1Yl9hNDZhXzIxNTYyY2EuYSNmLS9wMmQ0b19gLS1kMS9zcw%3D%3D&btag=e00088000&expire=1714247925&l=20240425195817F22D2E39319C8E055579&ply_type=2&policy=2&signature=a36bd3e009e874f9dca9d602232819cb&tk=tt_chain_token&__vid=TT-vCache-7338595302506614058
video/mp4,bytesbytes 614400-878446/3287083,1714075127.032396,1714075127.033957,1714075127.053379,1714075127.073292,dump,video,/video/tos/useast5/tos-useast5-pve-0068-tx/oYFilCAgIuIprtDgIPy4XEfXybI7QBE46QiwAB/?a=1988&bti=NDU3ZjAwOg%3D%3D&ch=0&cr=3&dr=0&lr=unwatermarked&cd=0%7C0%7C0%7C&cv=1&br=1866&bt=933&cs=0&ds=6&ft=4KJMyMzm8Zmo0YUdC-4jVbhadpWrKsd.&mime_type=video_mp4&qs=0&rc=NWZlNmkzaTczODtlZTZpZkBpajh4N2w5cjN4cTMzZzczNEA1Yl9hNDZhXzIxNTYyY2EuYSNmLS9wMmQ0b19gLS1kMS9zcw%3D%3D&btag=e00088000&expire=1714247925&l=20240425195817F22D2E39319C8E055579&ply_type=2&policy=2&signature=a36bd3e009e874f9dca9d602232819cb&tk=tt_chain_token&__vid=TT-vCache-7338595302506614058
video/mp4,bytesbytes 878447-2910178/3287083,1714075127.091018,1714075127.0927172,1714075127.122305,1714075127.328235,dump,video,/video/tos/useast5/tos-useast5-pve-0068-tx/oYFilCAgIuIprtDgIPy4XEfXybI7QBE46QiwAB/?a=1988&bti=NDU3ZjAwOg%3D%3D&ch=0&cr=3&dr=0&lr=unwatermarked&cd=0%7C0%7C0%7C&cv=1&br=1866&bt=933&cs=0&ds=6&ft=4KJMyMzm8Zmo0YUdC-4jVbhadpWrKsd.&mime_type=video_mp4&qs=0&rc=NWZlNmkzaTczODtlZTZpZkBpajh4N2w5cjN4cTMzZzczNEA1Yl9hNDZhXzIxNTYyY2EuYSNmLS9wMmQ0b19gLS1kMS9zcw%3D%3D&btag=e00088000&expire=1714247925&l=20240425195817F22D2E39319C8E055579&ply_type=2&policy=2&signature=a36bd3e009e874f9dca9d602232819cb&tk=tt_chain_token&__vid=TT-vCache-7338595302506614058
video/mp4,bytesbytes 8420211-10958301/27855835,1714075127.598429,1714075127.6001291,1714075127.616905,1714075127.886764,dump,video,/video/tos/useast5/tos-useast5-ve-0068c004-tx/o0NzhAjRPSgDFEIlX8FfDBgeW5AIKOQyR1D1EV/?a=1988&bti=NDU3ZjAwOg%3D%3D&ch=0&cr=3&dr=0&lr=unwatermarked&cd=0%7C0%7C0%7C&cv=1&br=3030&bt=1515&cs=0&ds=6&ft=4KJMyMzm8Zmo0CddC-4jVGN.dpWrKsd.&mime_type=video_mp4&qs=0&rc=MzZnaDQzNmg5ODdmaGU2M0BpamVla3Q5cjhpcTMzZzczNEBhMTRfMWEuNjMxLTI1XjYvYSMwMGhwMmRjMmxgLS1kMS9zcw%3D%3D&btag=e00090000&expire=1714247213&l=2024042519442908138BB9B70657044307&ply_type=2&policy=2&signature=0b1a2f956198d46737518842fafba0ce&tk=tt_chain_token&__vid=TT-vCache-7345638262804958507
video/mp4,bytesbytes 2426952-2427161/2427162,1714075133.580899,1714075133.581297,1714075133.617206,1714075133.617547,dump,video,/video/tos/useast5/tos-useast5-ve-0068c002-tx/o8viZQA4BMiUBjLYCNEIEd3CgNhR8YwhKydU7/?a=1988&bti=NDU3ZjAwOg%3D%3D&ch=0&cr=3&dr=0&lr=unwatermarked&cd=0%7C0%7C0%7C&cv=1&br=3168&bt=1584&cs=0&ds=6&ft=4KJMyMzm8Zmo0YUdC-4jVbhadpWrKsd.&mime_type=video_mp4&qs=0&rc=ZjhnZDVmNTYzNGg7MzU5NUBpajQ8bWw5cnJpcTMzZzczNEAuMTEyLzIxNi0xLzA1Yy9eYSMzby0zMmRrLWBgLS1kMS9zcw%3D%3D&btag=e00088000&expire=1714247909&l=20240425195817F22D2E39319C8E055579&ply_type=2&policy=2&signature=36fde74c395456caa4c2a2a4bbe5a3ac&tk=tt_chain_token&__vid=TT-vCache-7338880016404499758
video/mp4,bytesbytes 0-614399/1175474,1714075138.87262,1714075138.874296,1714075138.96489,1714075139.0209038,dump,video,/video/tos/useast5/tos-useast5-ve-0068c003-tx/oYBRIHTJg0gASBQAjBNCysAUiiZvNc4aIiiEE/?a=1988&bti=NDU3ZjAwOg%3D%3D&ch=0&cr=3&dr=0&lr=unwatermarked&cd=0%7C0%7C0%7C&cv=1&br=2526&bt=1263&cs=0&ds=6&ft=4KJMyMzm8Zmo0YUdC-4jVbhadpWrKsd.&mime_type=video_mp4&qs=0&rc=OGU8NDU4ZWk6NzhmNjw6Z0Bpamw8am45cnYzcjMzZzczNEBhMjMzLV5fXzYxYDMzYDYtYSM1NDAzMmRrZGRgLS1kMS9zcw%3D%3D&btag=e00088000&expire=1714247905&l=20240425195817F22D2E39319C8E055579&ply_type=2&policy=2&signature=1952f5f640c9df82d242ebb425db5274&tk=tt_chain_token&__vid=TT-vCache-7358891053782551850
video/mp4,bytesbytes 614400-760259/1175474,1714075139.036126,1714075139.037052,1714075139.054849,1714075139.064367,dump,video,/video/tos/useast5/tos-useast5-ve-0068c003-tx/oYBRIHTJg0gASBQAjBNCysAUiiZvNc4aIiiEE/?a=1988&bti=NDU3ZjAwOg%3D%3D&ch=0&cr=3&dr=0&lr=unwatermarked&cd=0%7C0%7C0%7C&cv=1&br=2526&bt=1263&cs=0&ds=6&ft=4KJMyMzm8Zmo0YUdC-4jVbhadpWrKsd.&mime_type=video_mp4&qs=0&rc=OGU8NDU4ZWk6NzhmNjw6Z0Bpamw8am45cnYzcjMzZzczNEBhMjMzLV5fXzYxYDMzYDYtYSM1NDAzMmRrZGRgLS1kMS9zcw%3D%3D&btag=e00088000&expire=1714247905&l=20240425195817F22D2E39319C8E055579&ply_type=2&policy=2&signature=1952f5f640c9df82d242ebb425db5274&tk=tt_chain_token&__vid=TT-vCache-7358891053782551850
video/mp4,bytesbytes 760260-1175473/1175474,1714075139.0828109,1714075139.0834298,1714075139.094021,1714075139.1273038,dump,video,/video/tos/useast5/tos-useast5-ve-0068c003-tx/oYBRIHTJg0gASBQAjBNCysAUiiZvNc4aIiiEE/?a=1988&bti=NDU3ZjAwOg%3D%3D&ch=0&cr=3&dr=0&lr=unwatermarked&cd=0%7C0%7C0%7C&cv=1&br=2526&bt=1263&cs=0&ds=6&ft=4KJMyMzm8Zmo0YUdC-4jVbhadpWrKsd.&mime_type=video_mp4&qs=0&rc=OGU8NDU4ZWk6NzhmNjw6Z0Bpamw8am45cnYzcjMzZzczNEBhMjMzLV5fXzYxYDMzYDYtYSM1NDAzMmRrZGRgLS1kMS9zcw%3D%3D&btag=e00088000&expire=1714247905&l=20240425195817F22D2E39319C8E055579&ply_type=2&policy=2&signature=1952f5f640c9df82d242ebb425db5274&tk=tt_chain_token&__vid=TT-vCache-7358891053782551850
video/mp4,bytesbytes 4092304-5798370/10695215,1714075145.578449,1714075145.579398,1714075145.606076,1714075145.72416,dump,video,/video/tos/useast5/tos-useast5-ve-0068c001-tx/oQQDIjCLW8xgELd666nGeAgIkuHeAbFZfIU5IY/?a=1988&bti=NDU3ZjAwOg%3D%3D&ch=0&cr=3&dr=0&lr=unwatermarked&cd=0%7C0%7C0%7C&cv=1&br=2420&bt=1210&cs=0&ds=6&ft=4KJMyMzm8Zmo0YUdC-4jVbhadpWrKsd.&mime_type=video_mp4&qs=0&rc=ZzlnNTNnaDs2M2c3MzY0aUBpanF4cXg5cjZmcTMzZzczNEBhMjYtXmJiXzYxYDI1XzFiYSNicWdkMmRjLnBgLS1kMS9zcw%3D%3D&btag=e00090000&expire=1714247967&l=20240425195817F22D2E39319C8E055579&ply_type=2&policy=2&signature=503ecf2aeb2c294b872972057ce09529&tk=tt_chain_token&__vid=TT-vCache-7347835725036916010
video/mp4,bytesbytes 5798371-7082092/10695215,1714075150.273867,1714075150.275012,1714075150.300373,1714075150.381757,dump,video,/video/tos/useast5/tos-useast5-ve-0068c001-tx/oQQDIjCLW8xgELd666nGeAgIkuHeAbFZfIU5IY/?a=1988&bti=NDU3ZjAwOg%3D%3D&ch=0&cr=3&dr=0&lr=unwatermarked&cd=0%7C0%7C0%7C&cv=1&br=2420&bt=1210&cs=0&ds=6&ft=4KJMyMzm8Zmo0YUdC-4jVbhadpWrKsd.&mime_type=video_mp4&qs=0&rc=ZzlnNTNnaDs2M2c3MzY0aUBpanF4cXg5cjZmcTMzZzczNEBhMjYtXmJiXzYxYDI1XzFiYSNicWdkMmRjLnBgLS1kMS9zcw%3D%3D&btag=e00090000&expire=1714247967&l=20240425195817F22D2E39319C8E055579&ply_type=2&policy=2&signature=503ecf2aeb2c294b872972057ce09529&tk=tt_chain_token&__vid=TT-vCache-7347835725036916010
video/mp4,bytesbytes 0-614399/1602518,1714075150.891221,1714075150.892398,1714075150.983074,1714075151.0380878,dump,video,/video/tos/useast5/tos-useast5-ve-0068c004-tx/o8jABDLvz4QyiBA6Ib0SI2nBwi1CpCQqpDfhEh/?a=1988&bti=NDU3ZjAwOg%3D%3D&ch=0&cr=3&dr=0&lr=unwatermarked&cd=0%7C0%7C0%7C&cv=1&br=4316&bt=2158&cs=0&ds=6&ft=4KJMyMzm8Zmo0YUdC-4jVbhadpWrKsd.&mime_type=video_mp4&qs=0&rc=ZDw2aTpoNjllaThlNjg5O0BpMzpmdHQ5cmVncTMzZzczNEBgMGNjMy4zXi4xYmMxYWE0YSM2NGRoMmRranBgLS1kMS9zcw%3D%3D&btag=e00088000&expire=1714247903&l=20240425195817F22D2E39319C8E055579&ply_type=2&policy=2&signature=edea9406a53990330bef9514b33cab3c&tk=tt_chain_token&__vid=TT-vCache-7347863682648460586
video/mp4,bytesbytes 614400-731821/1602518,1714075151.0527291,1714075151.05381,1714075151.09275,1714075151.1204531,dump,video,/video/tos/useast5/tos-useast5-ve-0068c004-tx/o8jABDLvz4QyiBA6Ib0SI2nBwi1CpCQqpDfhEh/?a=1988&bti=NDU3ZjAwOg%3D%3D&ch=0&cr=3&dr=0&lr=unwatermarked&cd=0%7C0%7C0%7C&cv=1&br=4316&bt=2158&cs=0&ds=6&ft=4KJMyMzm8Zmo0YUdC-4jVbhadpWrKsd.&mime_type=video_mp4&qs=0&rc=ZDw2aTpoNjllaThlNjg5O0BpMzpmdHQ5cmVncTMzZzczNEBgMGNjMy4zXi4xYmMxYWE0YSM2NGRoMmRranBgLS1kMS9zcw%3D%3D&btag=e00088000&expire=1714247903&l=20240425195817F22D2E39319C8E055579&ply_type=2&policy=2&signature=edea9406a53990330bef9514b33cab3c&tk=tt_chain_token&__vid=TT-vCache-7347863682648460586
video/mp4,bytesbytes 731822-1602338/1602518,1714075151.1356878,1714075151.1367412,1714075151.160096,1714075151.263469,dump,video,/video/tos/useast5/tos-useast5-ve-0068c004-tx/o8jABDLvz4QyiBA6Ib0SI2nBwi1CpCQqpDfhEh/?a=1988&bti=NDU3ZjAwOg%3D%3D&ch=0&cr=3&dr=0&lr=unwatermarked&cd=0%7C0%7C0%7C&cv=1&br=4316&bt=2158&cs=0&ds=6&ft=4KJMyMzm8Zmo0YUdC-4jVbhadpWrKsd.&mime_type=video_mp4&qs=0&rc=ZDw2aTpoNjllaThlNjg5O0BpMzpmdHQ5cmVncTMzZzczNEBgMGNjMy4zXi4xYmMxYWE0YSM2NGRoMmRranBgLS1kMS9zcw%3D%3D&btag=e00088000&expire=1714247903&l=20240425195817F22D2E39319C8E055579&ply_type=2&policy=2&signature=edea9406a53990330bef9514b33cab3c&tk=tt_chain_token&__vid=TT-vCache-7347863682648460586
video/mp4,bytesbytes 1602339-1602517/1602518,1714075151.2756631,1714075151.276501,1714075151.3009448,1714075151.326355,dump,video,/video/tos/useast5/tos-useast5-ve-0068c004-tx/o8jABDLvz4QyiBA6Ib0SI2nBwi1CpCQqpDfhEh/?a=1988&bti=NDU3ZjAwOg%3D%3D&ch=0&cr=3&dr=0&lr=unwatermarked&cd=0%7C0%7C0%7C&cv=1&br=4316&bt=2158&cs=0&ds=6&ft=4KJMyMzm8Zmo0YUdC-4jVbhadpWrKsd.&mime_type=video_mp4&qs=0&rc=ZDw2aTpoNjllaThlNjg5O0BpMzpmdHQ5cmVncTMzZzczNEBgMGNjMy4zXi4xYmMxYWE0YSM2NGRoMmRranBgLS1kMS9zcw%3D%3D&btag=e00088000&expire=1714247903&l=20240425195817F22D2E39319C8E055579&ply_type=2&policy=2&signature=edea9406a53990330bef9514b33cab3c&tk=tt_chain_token&__vid=TT-vCache-7347863682648460586
video/mp4,bytesbytes 2910179-3286891/3287083,1714075157.576839,1714075157.577481,1714075157.6134882,1714075157.658793,dump,video,/video/tos/useast5/tos-useast5-pve-0068-tx/oYFilCAgIuIprtDgIPy4XEfXybI7QBE46QiwAB/?a=1988&bti=NDU3ZjAwOg%3D%3D&ch=0&cr=3&dr=0&lr=unwatermarked&cd=0%7C0%7C0%7C&cv=1&br=1866&bt=933&cs=0&ds=6&ft=4KJMyMzm8Zmo0YUdC-4jVbhadpWrKsd.&mime_type=video_mp4&qs=0&rc=NWZlNmkzaTczODtlZTZpZkBpajh4N2w5cjN4cTMzZzczNEA1Yl9hNDZhXzIxNTYyY2EuYSNmLS9wMmQ0b19gLS1kMS9zcw%3D%3D&btag=e00088000&expire=1714247925&l=20240425195817F22D2E39319C8E055579&ply_type=2&policy=2&signature=a36bd3e009e874f9dca9d602232819cb&tk=tt_chain_token&__vid=TT-vCache-7338595302506614058
video/mp4,bytesbytes 3286892-3287082/3287083,1714075157.760812,1714075157.7615511,1714075157.772704,1714075157.7735722,dump,video,/video/tos/useast5/tos-useast5-pve-0068-tx/oYFilCAgIuIprtDgIPy4XEfXybI7QBE46QiwAB/?a=1988&bti=NDU3ZjAwOg%3D%3D&ch=0&cr=3&dr=0&lr=unwatermarked&cd=0%7C0%7C0%7C&cv=1&br=1866&bt=933&cs=0&ds=6&ft=4KJMyMzm8Zmo0YUdC-4jVbhadpWrKsd.&mime_type=video_mp4&qs=0&rc=NWZlNmkzaTczODtlZTZpZkBpajh4N2w5cjN4cTMzZzczNEA1Yl9hNDZhXzIxNTYyY2EuYSNmLS9wMmQ0b19gLS1kMS9zcw%3D%3D&btag=e00088000&expire=1714247925&l=20240425195817F22D2E39319C8E055579&ply_type=2&policy=2&signature=a36bd3e009e874f9dca9d602232819cb&tk=tt_chain_token&__vid=TT-vCache-7338595302506614058
video/mp4,bytesbytes 0-614399/3127678,1714075162.8792572,1714075162.8804648,1714075162.9204018,1714075162.96414,dump,video,/video/tos/useast5/tos-useast5-pve-0068-tx/ocw2wEDJQFAbImBDigESeVEFDsFlfRFMmb64gO/?a=1988&bti=NDU3ZjAwOg%3D%3D&ch=0&cr=3&dr=0&lr=unwatermarked&cd=0%7C0%7C0%7C&cv=1&br=3252&bt=1626&cs=0&ds=6&ft=4KJMyMzm8Zmo0YUdC-4jVbhadpWrKsd.&mime_type=video_mp4&qs=0&rc=aTVkPDpmZWc2ZzZkNDQ1O0BpajplNnA5cmw4cjMzZzczNEAzNDVhMDUyXjUxNmFjYTUtYSM1amBgMmRjYTNgLS1kMS9zcw%3D%3D&btag=e00088000&expire=1714247913&l=20240425195817F22D2E39319C8E055579&ply_type=2&policy=2&signature=bd1acdef9577f0dccfa43b4679705f3d&tk=tt_chain_token&__vid=TT-vCache-7353348585188019502
video/mp4,bytesbytes 614400-838545/3127678,1714075162.981664,1714075162.9826329,1714075163.000798,1714075163.008599,dump,video,/video/tos/useast5/tos-useast5-pve-0068-tx/ocw2wEDJQFAbImBDigESeVEFDsFlfRFMmb64gO/?a=1988&bti=NDU3ZjAwOg%3D%3D&ch=0&cr=3&dr=0&lr=unwatermarked&cd=0%7C0%7C0%7C&cv=1&br=3252&bt=1626&cs=0&ds=6&ft=4KJMyMzm8Zmo0YUdC-4jVbhadpWrKsd.&mime_type=video_mp4&qs=0&rc=aTVkPDpmZWc2ZzZkNDQ1O0BpajplNnA5cmw4cjMzZzczNEAzNDVhMDUyXjUxNmFjYTUtYSM1amBgMmRjYTNgLS1kMS9zcw%3D%3D&btag=e00088000&expire=1714247913&l=20240425195817F22D2E39319C8E055579&ply_type=2&policy=2&signature=bd1acdef9577f0dccfa43b4679705f3d&tk=tt_chain_token&__vid=TT-vCache-7353348585188019502
video/mp4,bytesbytes 838546-3127348/3127678,1714075163.0252512,1714075163.027122,1714075163.0409422,1714075163.184096,dump,video,/video/tos/useast5/tos-useast5-pve-0068-tx/ocw2wEDJQFAbImBDigESeVEFDsFlfRFMmb64gO/?a=1988&bti=NDU3ZjAwOg%3D%3D&ch=0&cr=3&dr=0&lr=unwatermarked&cd=0%7C0%7C0%7C&cv=1&br=3252&bt=1626&cs=0&ds=6&ft=4KJMyMzm8Zmo0YUdC-4jVbhadpWrKsd.&mime_type=video_mp4&qs=0&rc=aTVkPDpmZWc2ZzZkNDQ1O0BpajplNnA5cmw4cjMzZzczNEAzNDVhMDUyXjUxNmFjYTUtYSM1amBgMmRjYTNgLS1kMS9zcw%3D%3D&btag=e00088000&expire=1714247913&l=20240425195817F22D2E39319C8E055579&ply_type=2&policy=2&signature=bd1acdef9577f0dccfa43b4679705f3d&tk=tt_chain_token&__vid=TT-vCache-7353348585188019502
video/mp4,bytesbytes 0-614399/2593301,1714075174.911634,1714075174.912999,1714075174.936658,1714075175.001632,dump,video,/video/tos/useast5/tos-useast5-pve-0068-tx/owSB9idAnPMDfqs1gE8RZ9fBEyDFp4ElgQUIhO/?a=1988&bti=NDU3ZjAwOg%3D%3D&ch=0&cr=3&dr=0&lr=unwatermarked&cd=0%7C0%7C0%7C&cv=1&br=5256&bt=2628&cs=0&ds=6&ft=4KJMyMzm8Zmo0YUdC-4jVbhadpWrKsd.&mime_type=video_mp4&qs=0&rc=NmlkOmRkPGhkOTZpNWloZEBpM3NzbXA5cnlpcTMzZzczNEA0MDIyNDM0NmIxYzEuYi8wYSMyLmheMmRjLW5gLS1kMS9zcw%3D%3D&btag=e00088000&expire=1714247905&l=20240425195817F22D2E39319C8E055579&ply_type=2&policy=2&signature=405592a1107ed8b5db12b8099fa3cff4&tk=tt_chain_token&__vid=TT-vCache-7346761506756939054
video/mp4,bytesbytes 614400-745164/2593301,1714075175.0184472,1714075175.019716,1714075175.035517,1714075175.046765,dump,video,/video/tos/useast5/tos-useast5-pve-0068-tx/owSB9idAnPMDfqs1gE8RZ9fBEyDFp4ElgQUIhO/?a=1988&bti=NDU3ZjAwOg%3D%3D&ch=0&cr=3&dr=0&lr=unwatermarked&cd=0%7C0%7C0%7C&cv=1&br=5256&bt=2628&cs=0&ds=6&ft=4KJMyMzm8Zmo0YUdC-4jVbhadpWrKsd.&mime_type=video_mp4&qs=0&rc=NmlkOmRkPGhkOTZpNWloZEBpM3NzbXA5cnlpcTMzZzczNEA0MDIyNDM0NmIxYzEuYi8wYSMyLmheMmRjLW5gLS1kMS9zcw%3D%3D&btag=e00088000&expire=1714247905&l=20240425195817F22D2E39319C8E055579&ply_type=2&policy=2&signature=405592a1107ed8b5db12b8099fa3cff4&tk=tt_chain_token&__vid=TT-vCache-7346761506756939054
video/mp4,bytesbytes 745165-2593149/2593301,1714075175.061143,1714075175.062175,1714075175.0813131,1714075175.190207,dump,video,/video/tos/useast5/tos-useast5-pve-0068-tx/owSB9idAnPMDfqs1gE8RZ9fBEyDFp4ElgQUIhO/?a=1988&bti=NDU3ZjAwOg%3D%3D&ch=0&cr=3&dr=0&lr=unwatermarked&cd=0%7C0%7C0%7C&cv=1&br=5256&bt=2628&cs=0&ds=6&ft=4KJMyMzm8Zmo0YUdC-4jVbhadpWrKsd.&mime_type=video_mp4&qs=0&rc=NmlkOmRkPGhkOTZpNWloZEBpM3NzbXA5cnlpcTMzZzczNEA0MDIyNDM0NmIxYzEuYi8wYSMyLmheMmRjLW5gLS1kMS9zcw%3D%3D&btag=e00088000&expire=1714247905&l=20240425195817F22D2E39319C8E055579&ply_type=2&policy=2&signature=405592a1107ed8b5db12b8099fa3cff4&tk=tt_chain_token&__vid=TT-vCache-7346761506756939054
video/mp4,bytesbytes 2593150-2593300/2593301,1714075175.215827,1714075175.2169878,1714075175.229393,1714075175.230619,dump,video,/video/tos/useast5/tos-useast5-pve-0068-tx/owSB9idAnPMDfqs1gE8RZ9fBEyDFp4ElgQUIhO/?a=1988&bti=NDU3ZjAwOg%3D%3D&ch=0&cr=3&dr=0&lr=unwatermarked&cd=0%7C0%7C0%7C&cv=1&br=5256&bt=2628&cs=0&ds=6&ft=4KJMyMzm8Zmo0YUdC-4jVbhadpWrKsd.&mime_type=video_mp4&qs=0&rc=NmlkOmRkPGhkOTZpNWloZEBpM3NzbXA5cnlpcTMzZzczNEA0MDIyNDM0NmIxYzEuYi8wYSMyLmheMmRjLW5gLS1kMS9zcw%3D%3D&btag=e00088000&expire=1714247905&l=20240425195817F22D2E39319C8E055579&ply_type=2&policy=2&signature=405592a1107ed8b5db12b8099fa3cff4&tk=tt_chain_token&__vid=TT-vCache-7346761506756939054
video/mp4,bytesbytes 0-614399/1217145,1714075186.897333,1714075186.8984692,1714075186.920556,1714075186.96058,dump,video,/video/tos/useast5/tos-useast5-pve-0068-tx/osXBEDAFfIK0TRQgMTE6WxE4zlj3DfvBSIBlgr/?a=1988&bti=NDU3ZjAwOg%3D%3D&ch=0&cr=3&dr=0&lr=unwatermarked&cd=0%7C0%7C0%7C&cv=1&br=2144&bt=1072&cs=0&ds=6&ft=4KJMyMzm8Zmo0YUdC-4jVbhadpWrKsd.&mime_type=video_mp4&qs=0&rc=OTk5ZTk1MzozN2Q5PGRkaEBpanBpN3Q5cndycTMzZzczNEAuYF41Yi5iX2MxY2EyLi5jYSNmci4wMmRzbGlgLS1kMS9zcw%3D%3D&btag=e00088000&expire=1714247906&l=20240425195817F22D2E39319C8E055579&ply_type=2&policy=2&signature=4b0d9cfdb39db888b23a1eb8e48579a8&tk=tt_chain_token&__vid=TT-vCache-7344117990134238507
video/mp4,bytesbytes 614400-700303/1217145,1714075186.9748878,1714075186.976432,1714075186.990392,1714075186.9927738,dump,video,/video/tos/useast5/tos-useast5-pve-0068-tx/osXBEDAFfIK0TRQgMTE6WxE4zlj3DfvBSIBlgr/?a=1988&bti=NDU3ZjAwOg%3D%3D&ch=0&cr=3&dr=0&lr=unwatermarked&cd=0%7C0%7C0%7C&cv=1&br=2144&bt=1072&cs=0&ds=6&ft=4KJMyMzm8Zmo0YUdC-4jVbhadpWrKsd.&mime_type=video_mp4&qs=0&rc=OTk5ZTk1MzozN2Q5PGRkaEBpanBpN3Q5cndycTMzZzczNEAuYF41Yi5iX2MxY2EyLi5jYSNmci4wMmRzbGlgLS1kMS9zcw%3D%3D&btag=e00088000&expire=1714247906&l=20240425195817F22D2E39319C8E055579&ply_type=2&policy=2&signature=4b0d9cfdb39db888b23a1eb8e48579a8&tk=tt_chain_token&__vid=TT-vCache-7344117990134238507
video/mp4,bytesbytes 700304-1216772/1217145,1714075187.015243,1714075187.017191,1714075187.0331671,1714075187.0642262,dump,video,/video/tos/useast5/tos-useast5-pve-0068-tx/osXBEDAFfIK0TRQgMTE6WxE4zlj3DfvBSIBlgr/?a=1988&bti=NDU3ZjAwOg%3D%3D&ch=0&cr=3&dr=0&lr=unwatermarked&cd=0%7C0%7C0%7C&cv=1&br=2144&bt=1072&cs=0&ds=6&ft=4KJMyMzm8Zmo0YUdC-4jVbhadpWrKsd.&mime_type=video_mp4&qs=0&rc=OTk5ZTk1MzozN2Q5PGRkaEBpanBpN3Q5cndycTMzZzczNEAuYF41Yi5iX2MxY2EyLi5jYSNmci4wMmRzbGlgLS1kMS9zcw%3D%3D&btag=e00088000&expire=1714247906&l=20240425195817F22D2E39319C8E055579&ply_type=2&policy=2&signature=4b0d9cfdb39db888b23a1eb8e48579a8&tk=tt_chain_token&__vid=TT-vCache-7344117990134238507
video/mp4,bytesbytes 1216773-1217144/1217145,1714075187.079167,1714075187.079978,1714075187.090956,1714075187.0919192,dump,video,/video/tos/useast5/tos-useast5-pve-0068-tx/osXBEDAFfIK0TRQgMTE6WxE4zlj3DfvBSIBlgr/?a=1988&bti=NDU3ZjAwOg%3D%3D&ch=0&cr=3&dr=0&lr=unwatermarked&cd=0%7C0%7C0%7C&cv=1&br=2144&bt=1072&cs=0&ds=6&ft=4KJMyMzm8Zmo0YUdC-4jVbhadpWrKsd.&mime_type=video_mp4&qs=0&rc=OTk5ZTk1MzozN2Q5PGRkaEBpanBpN3Q5cndycTMzZzczNEAuYF41Yi5iX2MxY2EyLi5jYSNmci4wMmRzbGlgLS1kMS9zcw%3D%3D&btag=e00088000&expire=1714247906&l=20240425195817F22D2E39319C8E055579&ply_type=2&policy=2&signature=4b0d9cfdb39db888b23a1eb8e48579a8&tk=tt_chain_token&__vid=TT-vCache-7344117990134238507
video/mp4,bytesbytes 3127349-3127677/3127678,1714075193.634848,1714075193.635257,1714075193.6590369,1714075193.659425,dump,video,/video/tos/useast5/tos-useast5-pve-0068-tx/ocw2wEDJQFAbImBDigESeVEFDsFlfRFMmb64gO/?a=1988&bti=NDU3ZjAwOg%3D%3D&ch=0&cr=3&dr=0&lr=unwatermarked&cd=0%7C0%7C0%7C&cv=1&br=3252&bt=1626&cs=0&ds=6&ft=4KJMyMzm8Zmo0YUdC-4jVbhadpWrKsd.&mime_type=video_mp4&qs=0&rc=aTVkPDpmZWc2ZzZkNDQ1O0BpajplNnA5cmw4cjMzZzczNEAzNDVhMDUyXjUxNmFjYTUtYSM1amBgMmRjYTNgLS1kMS9zcw%3D%3D&btag=e00088000&expire=1714247913&l=20240425195817F22D2E39319C8E055579&ply_type=2&policy=2&signature=bd1acdef9577f0dccfa43b4679705f3d&tk=tt_chain_token&__vid=TT-vCache-7353348585188019502
video/mp4,bytesbytes 0-614399/1721671,1714075222.833767,1714075222.835552,1714075223.155673,1714075223.368052,dump,video,/video/tos/useast5/tos-useast5-ve-0068c004-tx/osLsxgDUmIDeOWjLBkFEgbDGEBARGQSIQcf4Sd/?a=1988&bti=NDU3ZjAwOg%3D%3D&ch=0&cr=3&dr=0&lr=unwatermarked&cd=0%7C0%7C0%7C&cv=1&br=2534&bt=1267&cs=0&ds=6&ft=4KJMyMzm8Zmo0xkdC-4jVRtrdpWrKsd.&mime_type=video_mp4&qs=0&rc=PDw6NDRmO2Q7ZWRlZDQ1aEBpM2U6NGw5cmt3cjMzZzczNEAvL2JfYjU2X2AxLjI2NWM2YSMybGI0MmRrYS9gLS1kMS9zcw%3D%3D&btag=e00088000&expire=1714248016&l=20240425200005A49AF6D661ED5D04B289&ply_type=2&policy=2&signature=bce4036ee2b6b829c1ffaeff2f087958&tk=tt_chain_token&__vid=TT-vCache-7351520978909908266
video/mp4,bytesbytes 614400-1302779/1721671,1714075223.385003,1714075223.386074,1714075223.402836,1714075223.451071,dump,video,/video/tos/useast5/tos-useast5-ve-0068c004-tx/osLsxgDUmIDeOWjLBkFEgbDGEBARGQSIQcf4Sd/?a=1988&bti=NDU3ZjAwOg%3D%3D&ch=0&cr=3&dr=0&lr=unwatermarked&cd=0%7C0%7C0%7C&cv=1&br=2534&bt=1267&cs=0&ds=6&ft=4KJMyMzm8Zmo0xkdC-4jVRtrdpWrKsd.&mime_type=video_mp4&qs=0&rc=PDw6NDRmO2Q7ZWRlZDQ1aEBpM2U6NGw5cmt3cjMzZzczNEAvL2JfYjU2X2AxLjI2NWM2YSMybGI0MmRrYS9gLS1kMS9zcw%3D%3D&btag=e00088000&expire=1714248016&l=20240425200005A49AF6D661ED5D04B289&ply_type=2&policy=2&signature=bce4036ee2b6b829c1ffaeff2f087958&tk=tt_chain_token&__vid=TT-vCache-7351520978909908266
video/mp4,bytesbytes 1302780-1721324/1721671,1714075223.474035,1714075223.476995,1714075223.501228,1714075223.5300732,dump,video,/video/tos/useast5/tos-useast5-ve-0068c004-tx/osLsxgDUmIDeOWjLBkFEgbDGEBARGQSIQcf4Sd/?a=1988&bti=NDU3ZjAwOg%3D%3D&ch=0&cr=3&dr=0&lr=unwatermarked&cd=0%7C0%7C0%7C&cv=1&br=2534&bt=1267&cs=0&ds=6&ft=4KJMyMzm8Zmo0xkdC-4jVRtrdpWrKsd.&mime_type=video_mp4&qs=0&rc=PDw6NDRmO2Q7ZWRlZDQ1aEBpM2U6NGw5cmt3cjMzZzczNEAvL2JfYjU2X2AxLjI2NWM2YSMybGI0MmRrYS9gLS1kMS9zcw%3D%3D&btag=e00088000&expire=1714248016&l=20240425200005A49AF6D661ED5D04B289&ply_type=2&policy=2&signature=bce4036ee2b6b829c1ffaeff2f087958&tk=tt_chain_token&__vid=TT-vCache-7351520978909908266
video/mp4,bytesbytes 0-1023999/101484522,1714075223.6305869,1714075223.631186,1714075223.756832,1714075223.810596,dump,video,/video/tos/useast5/tos-useast5-ve-0068c002-tx/oE15QFBmDgkIzIRSBEPefjZAwOFDGFwUCSWWnE/?a=1988&bti=NDU3ZjAwOg%3D%3D&ch=0&cr=3&dr=0&lr=unwatermarked&cd=0%7C0%7C0%7C&cv=1&br=3034&bt=1517&cs=0&ds=6&ft=4KJMyMzm8Zmo0xkdC-4jVRtrdpWrKsd.&mime_type=video_mp4&qs=0&rc=NGU1O2Y8aGVkZ2Y6ZTNmM0BpamZoaXI5cjY1cjMzZzczNEBjLTJiLTA1Xy4xYF8wNV9gYSNoajNhMmRrXmBgLS1kMS9zcw%3D%3D&btag=e000a0000&expire=1714248528&l=20240425200005A49AF6D661ED5D04B289&ply_type=2&policy=2&signature=cf416b2c17a1b335f672937e787d7c6b&tk=tt_chain_token&__vid=TT-vCache-7356678285436357934
video/mp4,bytesbytes 1024000-4238921/101484522,1714075223.8437471,1714075223.844404,1714075223.857163,1714075224.2092018,dump,video,/video/tos/useast5/tos-useast5-ve-0068c002-tx/oE15QFBmDgkIzIRSBEPefjZAwOFDGFwUCSWWnE/?a=1988&bti=NDU3ZjAwOg%3D%3D&ch=0&cr=3&dr=0&lr=unwatermarked&cd=0%7C0%7C0%7C&cv=1&br=3034&bt=1517&cs=0&ds=6&ft=4KJMyMzm8Zmo0xkdC-4jVRtrdpWrKsd.&mime_type=video_mp4&qs=0&rc=NGU1O2Y8aGVkZ2Y6ZTNmM0BpamZoaXI5cjY1cjMzZzczNEBjLTJiLTA1Xy4xYF8wNV9gYSNoajNhMmRrXmBgLS1kMS9zcw%3D%3D&btag=e000a0000&expire=1714248528&l=20240425200005A49AF6D661ED5D04B289&ply_type=2&policy=2&signature=cf416b2c17a1b335f672937e787d7c6b&tk=tt_chain_token&__vid=TT-vCache-7356678285436357934
video/mp4,bytesbytes 0-614399/3667165,1714075224.25414,1714075224.2549329,1714075224.329035,1714075224.502037,dump,video,/video/tos/useast5/tos-useast5-ve-0068c003-tx/o49IofyT3AIjDOGIgQ9EAfCkkHpFQpJFLJbqf3/?a=1988&bti=NDU3ZjAwOg%3D%3D&ch=0&cr=3&dr=0&lr=unwatermarked&cd=0%7C0%7C0%7C&cv=1&br=1994&bt=997&cs=0&ds=6&ft=4KJMyMzm8Zmo0xkdC-4jVRtrdpWrKsd.&mime_type=video_mp4&qs=0&rc=NjpmMzY6Z2hpNWQ5aDhmaEBpMzc0ang5cnlzcTMzZzczNEA0Ni4xMV41X2AxMzQ1LTBhYSNua2luMmRzMzZgLS1kMS9zcw%3D%3D&btag=e00088000&expire=1714248034&l=20240425200005A49AF6D661ED5D04B289&ply_type=2&policy=2&signature=047665a8cabe364048fd0e19b91ebe58&tk=tt_chain_token&__vid=TT-vCache-7337370545593257259
video/mp4,bytesbytes 614400-1150347/3667165,1714075224.518095,1714075224.519418,1714075224.565901,1714075224.632396,dump,video,/video/tos/useast5/tos-useast5-ve-0068c003-tx/o49IofyT3AIjDOGIgQ9EAfCkkHpFQpJFLJbqf3/?a=1988&bti=NDU3ZjAwOg%3D%3D&ch=0&cr=3&dr=0&lr=unwatermarked&cd=0%7C0%7C0%7C&cv=1&br=1994&bt=997&cs=0&ds=6&ft=4KJMyMzm8Zmo0xkdC-4jVRtrdpWrKsd.&mime_type=video_mp4&qs=0&rc=NjpmMzY6Z2hpNWQ5aDhmaEBpMzc0ang5cnlzcTMzZzczNEA0Ni4xMV41X2AxMzQ1LTBhYSNua2luMmRzMzZgLS1kMS9zcw%3D%3D&btag=e00088000&expire=1714248034&l=20240425200005A49AF6D661ED5D04B289&ply_type=2&policy=2&signature=047665a8cabe364048fd0e19b91ebe58&tk=tt_chain_token&__vid=TT-vCache-7337370545593257259
video/mp4,bytesbytes 1150348-2358576/3667165,1714075224.6540768,1714075224.654591,1714075224.684792,1714075224.8375769,dump,video,/video/tos/useast5/tos-useast5-ve-0068c003-tx/o49IofyT3AIjDOGIgQ9EAfCkkHpFQpJFLJbqf3/?a=1988&bti=NDU3ZjAwOg%3D%3D&ch=0&cr=3&dr=0&lr=unwatermarked&cd=0%7C0%7C0%7C&cv=1&br=1994&bt=997&cs=0&ds=6&ft=4KJMyMzm8Zmo0xkdC-4jVRtrdpWrKsd.&mime_type=video_mp4&qs=0&rc=NjpmMzY6Z2hpNWQ5aDhmaEBpMzc0ang5cnlzcTMzZzczNEA0Ni4xMV41X2AxMzQ1LTBhYSNua2luMmRzMzZgLS1kMS9zcw%3D%3D&btag=e00088000&expire=1714248034&l=20240425200005A49AF6D661ED5D04B289&ply_type=2&policy=2&signature=047665a8cabe364048fd0e19b91ebe58&tk=tt_chain_token&__vid=TT-vCache-7337370545593257259
video/mp4,bytesbytes 1721325-1721670/1721671,1714075229.782518,1714075229.783175,1714075229.807554,1714075229.8110049,dump,video,/video/tos/useast5/tos-useast5-ve-0068c004-tx/osLsxgDUmIDeOWjLBkFEgbDGEBARGQSIQcf4Sd/?a=1988&bti=NDU3ZjAwOg%3D%3D&ch=0&cr=3&dr=0&lr=unwatermarked&cd=0%7C0%7C0%7C&cv=1&br=2534&bt=1267&cs=0&ds=6&ft=4KJMyMzm8Zmo0xkdC-4jVRtrdpWrKsd.&mime_type=video_mp4&qs=0&rc=PDw6NDRmO2Q7ZWRlZDQ1aEBpM2U6NGw5cmt3cjMzZzczNEAvL2JfYjU2X2AxLjI2NWM2YSMybGI0MmRrYS9gLS1kMS9zcw%3D%3D&btag=e00088000&expire=1714248016&l=20240425200005A49AF6D661ED5D04B289&ply_type=2&policy=2&signature=bce4036ee2b6b829c1ffaeff2f087958&tk=tt_chain_token&__vid=TT-vCache-7351520978909908266
video/mp4,bytesbytes 0-614399/1368384,1714075235.066632,1714075235.068107,1714075235.0981371,1714075235.1467159,dump,video,/video/tos/useast5/tos-useast5-ve-0068c004-tx/oIj8SI4EDFxMIBhegEfCAbQTyFFaBlDEm5zR8w/?a=1988&bti=NDU3ZjAwOg%3D%3D&ch=0&cr=3&dr=0&lr=unwatermarked&cd=0%7C0%7C0%7C&cv=1&br=1422&bt=711&cs=0&ds=6&ft=4KJMyMzm8Zmo0xkdC-4jVRtrdpWrKsd.&mime_type=video_mp4&qs=0&rc=M2g3ZzozOzVmPGRlZjZmaEBpanhlZXY5cmg7cTMzZzczNEBjNjAuYS4tNjUxNDRiMGBhYSNtZjVlMmQ0M2xgLS1kMS9zcw%3D%3D&btag=e00088000&expire=1714248021&l=20240425200005A49AF6D661ED5D04B289&ply_type=2&policy=2&signature=bb37c24e7c5d6da6fcbb9d7265e12cbb&tk=tt_chain_token&__vid=TT-vCache-7345516132385721646
video/mp4,bytesbytes 614400-947123/1368384,1714075235.160981,1714075235.162573,1714075235.1825988,1714075235.265665,dump,video,/video/tos/useast5/tos-useast5-ve-0068c004-tx/oIj8SI4EDFxMIBhegEfCAbQTyFFaBlDEm5zR8w/?a=1988&bti=NDU3ZjAwOg%3D%3D&ch=0&cr=3&dr=0&lr=unwatermarked&cd=0%7C0%7C0%7C&cv=1&br=1422&bt=711&cs=0&ds=6&ft=4KJMyMzm8Zmo0xkdC-4jVRtrdpWrKsd.&mime_type=video_mp4&qs=0&rc=M2g3ZzozOzVmPGRlZjZmaEBpanhlZXY5cmg7cTMzZzczNEBjNjAuYS4tNjUxNDRiMGBhYSNtZjVlMmQ0M2xgLS1kMS9zcw%3D%3D&btag=e00088000&expire=1714248021&l=20240425200005A49AF6D661ED5D04B289&ply_type=2&policy=2&signature=bb37c24e7c5d6da6fcbb9d7265e12cbb&tk=tt_chain_token&__vid=TT-vCache-7345516132385721646
video/mp4,bytesbytes 947124-1368030/1368384,1714075235.282567,1714075235.284393,1714075235.300818,1714075235.33298,dump,video,/video/tos/useast5/tos-useast5-ve-0068c004-tx/oIj8SI4EDFxMIBhegEfCAbQTyFFaBlDEm5zR8w/?a=1988&bti=NDU3ZjAwOg%3D%3D&ch=0&cr=3&dr=0&lr=unwatermarked&cd=0%7C0%7C0%7C&cv=1&br=1422&bt=711&cs=0&ds=6&ft=4KJMyMzm8Zmo0xkdC-4jVRtrdpWrKsd.&mime_type=video_mp4&qs=0&rc=M2g3ZzozOzVmPGRlZjZmaEBpanhlZXY5cmg7cTMzZzczNEBjNjAuYS4tNjUxNDRiMGBhYSNtZjVlMmQ0M2xgLS1kMS9zcw%3D%3D&btag=e00088000&expire=1714248021&l=20240425200005A49AF6D661ED5D04B289&ply_type=2&policy=2&signature=bb37c24e7c5d6da6fcbb9d7265e12cbb&tk=tt_chain_token&__vid=TT-vCache-7345516132385721646
video/mp4,bytesbytes 4238922-6706909/101484522,1714075241.803571,1714075241.804287,1714075241.835019,1714075242.027444,dump,video,/video/tos/useast5/tos-useast5-ve-0068c002-tx/oE15QFBmDgkIzIRSBEPefjZAwOFDGFwUCSWWnE/?a=1988&bti=NDU3ZjAwOg%3D%3D&ch=0&cr=3&dr=0&lr=unwatermarked&cd=0%7C0%7C0%7C&cv=1&br=3034&bt=1517&cs=0&ds=6&ft=4KJMyMzm8Zmo0xkdC-4jVRtrdpWrKsd.&mime_type=video_mp4&qs=0&rc=NGU1O2Y8aGVkZ2Y6ZTNmM0BpamZoaXI5cjY1cjMzZzczNEBjLTJiLTA1Xy4xYF8wNV9gYSNoajNhMmRrXmBgLS1kMS9zcw%3D%3D&btag=e000a0000&expire=1714248528&l=20240425200005A49AF6D661ED5D04B289&ply_type=2&policy=2&signature=cf416b2c17a1b335f672937e787d7c6b&tk=tt_chain_token&__vid=TT-vCache-7356678285436357934
video/mp4,bytesbytes 6706910-9815409/101484522,1714075242.083966,1714075242.085357,1714075242.0997279,1714075242.313705,dump,video,/video/tos/useast5/tos-useast5-ve-0068c002-tx/oE15QFBmDgkIzIRSBEPefjZAwOFDGFwUCSWWnE/?a=1988&bti=NDU3ZjAwOg%3D%3D&ch=0&cr=3&dr=0&lr=unwatermarked&cd=0%7C0%7C0%7C&cv=1&br=3034&bt=1517&cs=0&ds=6&ft=4KJMyMzm8Zmo0xkdC-4jVRtrdpWrKsd.&mime_type=video_mp4&qs=0&rc=NGU1O2Y8aGVkZ2Y6ZTNmM0BpamZoaXI5cjY1cjMzZzczNEBjLTJiLTA1Xy4xYF8wNV9gYSNoajNhMmRrXmBgLS1kMS9zcw%3D%3D&btag=e000a0000&expire=1714248528&l=20240425200005A49AF6D661ED5D04B289&ply_type=2&policy=2&signature=cf416b2c17a1b335f672937e787d7c6b&tk=tt_chain_token&__vid=TT-vCache-7356678285436357934
video/mp4,bytesbytes 0-614399/1664134,1714075247.0928829,1714075247.093827,1714075247.120777,1714075247.1530151,dump,video,/video/tos/useast5/tos-useast5-ve-0068c001-tx/okcRXzgCfAQnfKIFgDRmc5B6pEDSFELd8NDISr/?a=1988&bti=NDU3ZjAwOg%3D%3D&ch=0&cr=3&dr=0&lr=unwatermarked&cd=0%7C0%7C0%7C&cv=1&br=2176&bt=1088&cs=0&ds=6&ft=4KJMyMzm8Zmo0xkdC-4jVRtrdpWrKsd.&mime_type=video_mp4&qs=0&rc=ZDxmODhkNWQ1Ojw7PDM1M0BpanNyNm85cjhncjMzZzczNEBeX2IzMzFgNmAxMjYyLl8yYSNycWVzMmRzMjFgLS1kMS9zcw%3D%3D&btag=e00088000&expire=1714248017&l=20240425200005A49AF6D661ED5D04B289&ply_type=2&policy=2&signature=a9ad3b764d8e80ac28c8e1c39de14d5d&tk=tt_chain_token&__vid=TT-vCache-7352359060500499754
video/mp4,bytesbytes 614400-1177446/1664134,1714075247.16704,1714075247.168396,1714075247.201612,1714075247.236798,dump,video,/video/tos/useast5/tos-useast5-ve-0068c001-tx/okcRXzgCfAQnfKIFgDRmc5B6pEDSFELd8NDISr/?a=1988&bti=NDU3ZjAwOg%3D%3D&ch=0&cr=3&dr=0&lr=unwatermarked&cd=0%7C0%7C0%7C&cv=1&br=2176&bt=1088&cs=0&ds=6&ft=4KJMyMzm8Zmo0xkdC-4jVRtrdpWrKsd.&mime_type=video_mp4&qs=0&rc=ZDxmODhkNWQ1Ojw7PDM1M0BpanNyNm85cjhncjMzZzczNEBeX2IzMzFgNmAxMjYyLl8yYSNycWVzMmRzMjFgLS1kMS9zcw%3D%3D&btag=e00088000&expire=1714248017&l=20240425200005A49AF6D661ED5D04B289&ply_type=2&policy=2&signature=a9ad3b764d8e80ac28c8e1c39de14d5d&tk=tt_chain_token&__vid=TT-vCache-7352359060500499754
video/mp4,bytesbytes 1177447-1663961/1664134,1714075247.264949,1714075247.265555,1714075247.291523,1714075247.33091,dump,video,/video/tos/useast5/tos-useast5-ve-0068c001-tx/okcRXzgCfAQnfKIFgDRmc5B6pEDSFELd8NDISr/?a=1988&bti=NDU3ZjAwOg%3D%3D&ch=0&cr=3&dr=0&lr=unwatermarked&cd=0%7C0%7C0%7C&cv=1&br=2176&bt=1088&cs=0&ds=6&ft=4KJMyMzm8Zmo0xkdC-4jVRtrdpWrKsd.&mime_type=video_mp4&qs=0&rc=ZDxmODhkNWQ1Ojw7PDM1M0BpanNyNm85cjhncjMzZzczNEBeX2IzMzFgNmAxMjYyLl8yYSNycWVzMmRzMjFgLS1kMS9zcw%3D%3D&btag=e00088000&expire=1714248017&l=20240425200005A49AF6D661ED5D04B289&ply_type=2&policy=2&signature=a9ad3b764d8e80ac28c8e1c39de14d5d&tk=tt_chain_token&__vid=TT-vCache-7352359060500499754
video/mp4,bytesbytes 9815410-12570097/101484522,1714075248.622179,1714075248.623785,1714075248.647893,1714075248.850759,dump,video,/video/tos/useast5/tos-useast5-ve-0068c002-tx/oE15QFBmDgkIzIRSBEPefjZAwOFDGFwUCSWWnE/?a=1988&bti=NDU3ZjAwOg%3D%3D&ch=0&cr=3&dr=0&lr=unwatermarked&cd=0%7C0%7C0%7C&cv=1&br=3034&bt=1517&cs=0&ds=6&ft=4KJMyMzm8Zmo0xkdC-4jVRtrdpWrKsd.&mime_type=video_mp4&qs=0&rc=NGU1O2Y8aGVkZ2Y6ZTNmM0BpamZoaXI5cjY1cjMzZzczNEBjLTJiLTA1Xy4xYF8wNV9gYSNoajNhMmRrXmBgLS1kMS9zcw%3D%3D&btag=e000a0000&expire=1714248528&l=20240425200005A49AF6D661ED5D04B289&ply_type=2&policy=2&signature=cf416b2c17a1b335f672937e787d7c6b&tk=tt_chain_token&__vid=TT-vCache-7356678285436357934
video/mp4,bytesbytes 2358577-3667164/3667165,1714075253.7916958,1714075253.792618,1714075253.820052,1714075253.959157,dump,video,/video/tos/useast5/tos-useast5-ve-0068c003-tx/o49IofyT3AIjDOGIgQ9EAfCkkHpFQpJFLJbqf3/?a=1988&bti=NDU3ZjAwOg%3D%3D&ch=0&cr=3&dr=0&lr=unwatermarked&cd=0%7C0%7C0%7C&cv=1&br=1994&bt=997&cs=0&ds=6&ft=4KJMyMzm8Zmo0xkdC-4jVRtrdpWrKsd.&mime_type=video_mp4&qs=0&rc=NjpmMzY6Z2hpNWQ5aDhmaEBpMzc0ang5cnlzcTMzZzczNEA0Ni4xMV41X2AxMzQ1LTBhYSNua2luMmRzMzZgLS1kMS9zcw%3D%3D&btag=e00088000&expire=1714248034&l=20240425200005A49AF6D661ED5D04B289&ply_type=2&policy=2&signature=047665a8cabe364048fd0e19b91ebe58&tk=tt_chain_token&__vid=TT-vCache-7337370545593257259
video/mp4,bytesbytes 0-614399/2181504,1714075259.093142,1714075259.094442,1714075259.139052,1714075259.169365,dump,video,/video/tos/useast5/tos-useast5-ve-0068c001-tx/oo7wxYItAyFCJ5pyIqsABV9H5iEzIQipFLC9fB/?a=1988&bti=NDU3ZjAwOg%3D%3D&ch=0&cr=3&dr=0&lr=unwatermarked&cd=0%7C0%7C0%7C&cv=1&br=4750&bt=2375&cs=0&ds=6&ft=4KJMyMzm8Zmo0xkdC-4jVRtrdpWrKsd.&mime_type=video_mp4&qs=0&rc=NTk3aDUzaDNnaThkOTtlO0BpM3JvZnM5cnBscTMzZzczNEBfNV42YmNhXmExMmEuYzBiYSNqXmNtMmRzMmhgLS1kMS9zcw%3D%3D&btag=e00088000&expire=1714248013&l=20240425200005A49AF6D661ED5D04B289&ply_type=2&policy=2&signature=fbccbb092dfe2a14b6a351965f21e1c3&tk=tt_chain_token&__vid=TT-vCache-7343439689552022827
video/mp4,bytesbytes 614400-2181249/2181504,1714075259.1854131,1714075259.186665,1714075259.206023,1714075259.4171782,dump,video,/video/tos/useast5/tos-useast5-ve-0068c001-tx/oo7wxYItAyFCJ5pyIqsABV9H5iEzIQipFLC9fB/?a=1988&bti=NDU3ZjAwOg%3D%3D&ch=0&cr=3&dr=0&lr=unwatermarked&cd=0%7C0%7C0%7C&cv=1&br=4750&bt=2375&cs=0&ds=6&ft=4KJMyMzm8Zmo0xkdC-4jVRtrdpWrKsd.&mime_type=video_mp4&qs=0&rc=NTk3aDUzaDNnaThkOTtlO0BpM3JvZnM5cnBscTMzZzczNEBfNV42YmNhXmExMmEuYzBiYSNqXmNtMmRzMmhgLS1kMS9zcw%3D%3D&btag=e00088000&expire=1714248013&l=20240425200005A49AF6D661ED5D04B289&ply_type=2&policy=2&signature=fbccbb092dfe2a14b6a351965f21e1c3&tk=tt_chain_token&__vid=TT-vCache-7343439689552022827
video/mp4,bytesbytes 2181250-2181503/2181504,1714075259.467155,1714075259.468866,1714075259.4804559,1714075259.4809449,dump,video,/video/tos/useast5/tos-useast5-ve-0068c001-tx/oo7wxYItAyFCJ5pyIqsABV9H5iEzIQipFLC9fB/?a=1988&bti=NDU3ZjAwOg%3D%3D&ch=0&cr=3&dr=0&lr=unwatermarked&cd=0%7C0%7C0%7C&cv=1&br=4750&bt=2375&cs=0&ds=6&ft=4KJMyMzm8Zmo0xkdC-4jVRtrdpWrKsd.&mime_type=video_mp4&qs=0&rc=NTk3aDUzaDNnaThkOTtlO0BpM3JvZnM5cnBscTMzZzczNEBfNV42YmNhXmExMmEuYzBiYSNqXmNtMmRzMmhgLS1kMS9zcw%3D%3D&btag=e00088000&expire=1714248013&l=20240425200005A49AF6D661ED5D04B289&ply_type=2&policy=2&signature=fbccbb092dfe2a14b6a351965f21e1c3&tk=tt_chain_token&__vid=TT-vCache-7343439689552022827
video/mp4,bytesbytes 1368031-1368383/1368384,1714075265.79109,1714075265.791523,1714075265.80431,1714075265.8045812,dump,video,/video/tos/useast5/tos-useast5-ve-0068c004-tx/oIj8SI4EDFxMIBhegEfCAbQTyFFaBlDEm5zR8w/?a=1988&bti=NDU3ZjAwOg%3D%3D&ch=0&cr=3&dr=0&lr=unwatermarked&cd=0%7C0%7C0%7C&cv=1&br=1422&bt=711&cs=0&ds=6&ft=4KJMyMzm8Zmo0xkdC-4jVRtrdpWrKsd.&mime_type=video_mp4&qs=0&rc=M2g3ZzozOzVmPGRlZjZmaEBpanhlZXY5cmg7cTMzZzczNEBjNjAuYS4tNjUxNDRiMGBhYSNtZjVlMmQ0M2xgLS1kMS9zcw%3D%3D&btag=e00088000&expire=1714248021&l=20240425200005A49AF6D661ED5D04B289&ply_type=2&policy=2&signature=bb37c24e7c5d6da6fcbb9d7265e12cbb&tk=tt_chain_token&__vid=TT-vCache-7345516132385721646
video/mp4,bytesbytes 0-614399/1060625,1714075271.0958369,1714075271.0976949,1714075271.12639,1714075271.1607559,dump,video,/video/tos/useast5/tos-useast5-ve-0068c001-tx/ogRGXAADfYfSRFcJMkDO8TCAIeIJA5EglAeLGk/?a=1988&bti=NDU3ZjAwOg%3D%3D&ch=0&cr=3&dr=0&lr=unwatermarked&cd=0%7C0%7C0%7C&cv=1&br=2348&bt=1174&cs=0&ds=6&ft=4KJMyMzm8Zmo0xkdC-4jVRtrdpWrKsd.&mime_type=video_mp4&qs=0&rc=Ozc7PGc6OzQ7NTdkOmg3ZEBpanhyOWo5cmk3cTMzZzczNEAvLmExMGFiNWAxLjUzM18yYSNfNl5tMmRzZC1gLS1kMS9zcw%3D%3D&btag=e00088000&expire=1714248013&l=20240425200005A49AF6D661ED5D04B289&ply_type=2&policy=2&signature=8fe36cc8ce8575947e3a9eb9786c037c&tk=tt_chain_token&__vid=TT-vCache-7331939533732252970
video/mp4,bytesbytes 614400-1060287/1060625,1714075271.17469,1714075271.1771991,1714075271.1963232,1714075271.2202308,dump,video,/video/tos/useast5/tos-useast5-ve-0068c001-tx/ogRGXAADfYfSRFcJMkDO8TCAIeIJA5EglAeLGk/?a=1988&bti=NDU3ZjAwOg%3D%3D&ch=0&cr=3&dr=0&lr=unwatermarked&cd=0%7C0%7C0%7C&cv=1&br=2348&bt=1174&cs=0&ds=6&ft=4KJMyMzm8Zmo0xkdC-4jVRtrdpWrKsd.&mime_type=video_mp4&qs=0&rc=Ozc7PGc6OzQ7NTdkOmg3ZEBpanhyOWo5cmk3cTMzZzczNEAvLmExMGFiNWAxLjUzM18yYSNfNl5tMmRzZC1gLS1kMS9zcw%3D%3D&btag=e00088000&expire=1714248013&l=20240425200005A49AF6D661ED5D04B289&ply_type=2&policy=2&signature=8fe36cc8ce8575947e3a9eb9786c037c&tk=tt_chain_token&__vid=TT-vCache-7331939533732252970
video/mp4,bytesbytes 1060288-1060624/1060625,1714075271.23946,1714075271.240439,1714075271.254053,1714075271.254972,dump,video,/video/tos/useast5/tos-useast5-ve-0068c001-tx/ogRGXAADfYfSRFcJMkDO8TCAIeIJA5EglAeLGk/?a=1988&bti=NDU3ZjAwOg%3D%3D&ch=0&cr=3&dr=0&lr=unwatermarked&cd=0%7C0%7C0%7C&cv=1&br=2348&bt=1174&cs=0&ds=6&ft=4KJMyMzm8Zmo0xkdC-4jVRtrdpWrKsd.&mime_type=video_mp4&qs=0&rc=Ozc7PGc6OzQ7NTdkOmg3ZEBpanhyOWo5cmk3cTMzZzczNEAvLmExMGFiNWAxLjUzM18yYSNfNl5tMmRzZC1gLS1kMS9zcw%3D%3D&btag=e00088000&expire=1714248013&l=20240425200005A49AF6D661ED5D04B289&ply_type=2&policy=2&signature=8fe36cc8ce8575947e3a9eb9786c037c&tk=tt_chain_token&__vid=TT-vCache-7331939533732252970
video/mp4,bytesbytes 1663962-1664133/1664134,1714075277.8201559,1714075277.820966,1714075277.84263,1714075277.843155,dump,video,/video/tos/useast5/tos-useast5-ve-0068c001-tx/okcRXzgCfAQnfKIFgDRmc5B6pEDSFELd8NDISr/?a=1988&bti=NDU3ZjAwOg%3D%3D&ch=0&cr=3&dr=0&lr=unwatermarked&cd=0%7C0%7C0%7C&cv=1&br=2176&bt=1088&cs=0&ds=6&ft=4KJMyMzm8Zmo0xkdC-4jVRtrdpWrKsd.&mime_type=video_mp4&qs=0&rc=ZDxmODhkNWQ1Ojw7PDM1M0BpanNyNm85cjhncjMzZzczNEBeX2IzMzFgNmAxMjYyLl8yYSNycWVzMmRzMjFgLS1kMS9zcw%3D%3D&btag=e00088000&expire=1714248017&l=20240425200005A49AF6D661ED5D04B289&ply_type=2&policy=2&signature=a9ad3b764d8e80ac28c8e1c39de14d5d&tk=tt_chain_token&__vid=TT-vCache-7352359060500499754
video/mp4,bytesbytes 0-614399/1125659,1714075283.102716,1714075283.104192,1714075283.4644742,1714075283.504158,dump,video,/video/tos/useast5/tos-useast5-pve-0068-tx/oYCEObpIUEZiBgBVKQuyTa2za4WB1PPiQAEbY/?a=1988&bti=NDU3ZjAwOg%3D%3D&ch=0&cr=3&dr=0&lr=unwatermarked&cd=0%7C0%7C0%7C&cv=1&br=2912&bt=1456&cs=0&ds=6&ft=4KJMyMzm8Zmo0xkdC-4jVRtrdpWrKsd.&mime_type=video_mp4&qs=0&rc=NGk0O2kzZTpkZzk7Njw6aEBpMzxncHA5cmRvcDMzZzczNEAtMDNeMzAwNS8xYS5eY2AtYSM1NGphMmQ0ZG5gLS1kMS9zcw%3D%3D&btag=e00088000&expire=1714248012&l=20240425200005A49AF6D661ED5D04B289&ply_type=2&policy=2&signature=eba44e137914ab57df838040cfebb5b6&tk=tt_chain_token&__vid=TT-vCache-7328861536800329002
video/mp4,bytesbytes 614400-1125311/1125659,1714075283.519936,1714075283.521228,1714075283.551423,1714075283.575735,dump,video,/video/tos/useast5/tos-useast5-pve-0068-tx/oYCEObpIUEZiBgBVKQuyTa2za4WB1PPiQAEbY/?a=1988&bti=NDU3ZjAwOg%3D%3D&ch=0&cr=3&dr=0&lr=unwatermarked&cd=0%7C0%7C0%7C&cv=1&br=2912&bt=1456&cs=0&ds=6&ft=4KJMyMzm8Zmo0xkdC-4jVRtrdpWrKsd.&mime_type=video_mp4&qs=0&rc=NGk0O2kzZTpkZzk7Njw6aEBpMzxncHA5cmRvcDMzZzczNEAtMDNeMzAwNS8xYS5eY2AtYSM1NGphMmQ0ZG5gLS1kMS9zcw%3D%3D&btag=e00088000&expire=1714248012&l=20240425200005A49AF6D661ED5D04B289&ply_type=2&policy=2&signature=eba44e137914ab57df838040cfebb5b6&tk=tt_chain_token&__vid=TT-vCache-7328861536800329002
video/mp4,bytesbytes 1125312-1125658/1125659,1714075283.592049,1714075283.5933828,1714075283.6146061,1714075283.617671,dump,video,/video/tos/useast5/tos-useast5-pve-0068-tx/oYCEObpIUEZiBgBVKQuyTa2za4WB1PPiQAEbY/?a=1988&bti=NDU3ZjAwOg%3D%3D&ch=0&cr=3&dr=0&lr=unwatermarked&cd=0%7C0%7C0%7C&cv=1&br=2912&bt=1456&cs=0&ds=6&ft=4KJMyMzm8Zmo0xkdC-4jVRtrdpWrKsd.&mime_type=video_mp4&qs=0&rc=NGk0O2kzZTpkZzk7Njw6aEBpMzxncHA5cmRvcDMzZzczNEAtMDNeMzAwNS8xYS5eY2AtYSM1NGphMmQ0ZG5gLS1kMS9zcw%3D%3D&btag=e00088000&expire=1714248012&l=20240425200005A49AF6D661ED5D04B289&ply_type=2&policy=2&signature=eba44e137914ab57df838040cfebb5b6&tk=tt_chain_token&__vid=TT-vCache-7328861536800329002
video/mp4,bytesbytes 0-1023999/18481295,1714075295.1286001,1714075295.130584,1714075295.171659,1714075295.306159,dump,video,/video/tos/useast5/tos-useast5-pve-0068-tx/o0DlQSAsIB4EwQENzfRpEfkDlCkytgsJgyAjFm/?a=1988&bti=NDU3ZjAwOg%3D%3D&ch=0&cr=3&dr=0&lr=unwatermarked&cd=0%7C0%7C0%7C&cv=1&br=1518&bt=759&cs=0&ds=6&ft=4KJMyMzm8Zmo0xkdC-4jVRtrdpWrKsd.&mime_type=video_mp4&qs=0&rc=ZDhlNWU0NWUzZWU7PDw7O0BpanA0a2w5cmVncjMzZzczNEA2X2EvNTEvNTUxXzA1NV81YSNgbDRgMmQ0LjZgLS1kMS9zcw%3D%3D&btag=e00098000&expire=1714248196&l=20240425200005A49AF6D661ED5D04B289&ply_type=2&policy=2&signature=f7e24b08cf0d0aeab415d65fff67cec3&tk=tt_chain_token&__vid=TT-vCache-7355173103833500971
video/mp4,bytesbytes 1024000-2426649/18481295,1714075295.338511,1714075295.3393779,1714075295.3558779,1714075295.42883,dump,video,/video/tos/useast5/tos-useast5-pve-0068-tx/o0DlQSAsIB4EwQENzfRpEfkDlCkytgsJgyAjFm/?a=1988&bti=NDU3ZjAwOg%3D%3D&ch=0&cr=3&dr=0&lr=unwatermarked&cd=0%7C0%7C0%7C&cv=1&br=1518&bt=759&cs=0&ds=6&ft=4KJMyMzm8Zmo0xkdC-4jVRtrdpWrKsd.&mime_type=video_mp4&qs=0&rc=ZDhlNWU0NWUzZWU7PDw7O0BpanA0a2w5cmVncjMzZzczNEA2X2EvNTEvNTUxXzA1NV81YSNgbDRgMmQ0LjZgLS1kMS9zcw%3D%3D&btag=e00098000&expire=1714248196&l=20240425200005A49AF6D661ED5D04B289&ply_type=2&policy=2&signature=f7e24b08cf0d0aeab415d65fff67cec3&tk=tt_chain_token&__vid=TT-vCache-7355173103833500971
video/mp4,bytesbytes 0-1023999/48516169,1714075307.106077,1714075307.1074219,1714075307.129024,1714075307.2010539,dump,video,/video/tos/useast5/tos-useast5-ve-0068c003-tx/oYXEIvfOxFWgiALWAOKR9Y4C5fJWAYefYaFGIQ/?a=1988&bti=NDU3ZjAwOg%3D%3D&ch=0&cr=3&dr=0&lr=unwatermarked&cd=0%7C0%7C0%7C&cv=1&br=4070&bt=2035&cs=0&ds=6&ft=4KJMyMzm8Zmo0xkdC-4jVRtrdpWrKsd.&mime_type=video_mp4&qs=0&rc=PDg6ODY2ZGU7NDQ0NDs7M0BpMzhwdWo5cnBrcTMzZzgzNEBhLS0uLi9hNS0xLTQuMV4xYSNmMm4uMmQ0M3NgLS1kLy9zcw%3D%3D&btag=e00098000&expire=1714248192&l=20240425200005A49AF6D661ED5D04B289&ply_type=2&policy=2&signature=2505df1c5846f8a5599c755f022d1522&tk=tt_chain_token&__vid=TT-vCache-7349616402858396970
video/mp4,bytesbytes 1024000-3545897/48516169,1714075307.229009,1714075307.2300391,1714075307.333708,1714075307.550646,dump,video,/video/tos/useast5/tos-useast5-ve-0068c003-tx/oYXEIvfOxFWgiALWAOKR9Y4C5fJWAYefYaFGIQ/?a=1988&bti=NDU3ZjAwOg%3D%3D&ch=0&cr=3&dr=0&lr=unwatermarked&cd=0%7C0%7C0%7C&cv=1&br=4070&bt=2035&cs=0&ds=6&ft=4KJMyMzm8Zmo0xkdC-4jVRtrdpWrKsd.&mime_type=video_mp4&qs=0&rc=PDg6ODY2ZGU7NDQ0NDs7M0BpMzhwdWo5cnBrcTMzZzgzNEBhLS0uLi9hNS0xLTQuMV4xYSNmMm4uMmQ0M3NgLS1kLy9zcw%3D%3D&btag=e00098000&expire=1714248192&l=20240425200005A49AF6D661ED5D04B289&ply_type=2&policy=2&signature=2505df1c5846f8a5599c755f022d1522&tk=tt_chain_token&__vid=TT-vCache-7349616402858396970
video/mp4,bytesbytes 0-614399/930755,1714075319.090595,1714075319.091955,1714075319.123523,1714075319.152543,dump,video,/video/tos/useast5/tos-useast5-ve-0068c001-tx/ooMven4i83I8OEwIDAiyAnPBwUpbMBNdP89CC3/?a=1988&bti=NDU3ZjAwOg%3D%3D&ch=0&cr=3&dr=0&lr=unwatermarked&cd=0%7C0%7C0%7C&cv=1&br=2410&bt=1205&cs=0&ds=6&ft=4KJMyMzm8Zmo0xkdC-4jVRtrdpWrKsd.&mime_type=video_mp4&qs=0&rc=aDU0OjU0MzRoNTU1Zjs1OkBpM2Zqd3E5cnhzcTMzZzczNEAwY2AvYF5eNV4xMC8vLV8xYSNeMXNnMmQ0bGtgLS1kMS9zcw%3D%3D&btag=e00088000&expire=1714248012&l=20240425200005A49AF6D661ED5D04B289&ply_type=2&policy=2&signature=1caa4b151344af102c8829dada8546ff&tk=tt_chain_token&__vid=TT-vCache-7345262945045073198
video/mp4,bytesbytes 614400-930571/930755,1714075319.1680682,1714075319.169295,1714075319.180983,1714075319.208649,dump,video,/video/tos/useast5/tos-useast5-ve-0068c001-tx/ooMven4i83I8OEwIDAiyAnPBwUpbMBNdP89CC3/?a=1988&bti=NDU3ZjAwOg%3D%3D&ch=0&cr=3&dr=0&lr=unwatermarked&cd=0%7C0%7C0%7C&cv=1&br=2410&bt=1205&cs=0&ds=6&ft=4KJMyMzm8Zmo0xkdC-4jVRtrdpWrKsd.&mime_type=video_mp4&qs=0&rc=aDU0OjU0MzRoNTU1Zjs1OkBpM2Zqd3E5cnhzcTMzZzczNEAwY2AvYF5eNV4xMC8vLV8xYSNeMXNnMmQ0bGtgLS1kMS9zcw%3D%3D&btag=e00088000&expire=1714248012&l=20240425200005A49AF6D661ED5D04B289&ply_type=2&policy=2&signature=1caa4b151344af102c8829dada8546ff&tk=tt_chain_token&__vid=TT-vCache-7345262945045073198
video/mp4,bytesbytes 930572-930754/930755,1714075319.2312372,1714075319.232507,1714075319.245676,1714075319.259186,dump,video,/video/tos/useast5/tos-useast5-ve-0068c001-tx/ooMven4i83I8OEwIDAiyAnPBwUpbMBNdP89CC3/?a=1988&bti=NDU3ZjAwOg%3D%3D&ch=0&cr=3&dr=0&lr=unwatermarked&cd=0%7C0%7C0%7C&cv=1&br=2410&bt=1205&cs=0&ds=6&ft=4KJMyMzm8Zmo0xkdC-4jVRtrdpWrKsd.&mime_type=video_mp4&qs=0&rc=aDU0OjU0MzRoNTU1Zjs1OkBpM2Zqd3E5cnhzcTMzZzczNEAwY2AvYF5eNV4xMC8vLV8xYSNeMXNnMmQ0bGtgLS1kMS9zcw%3D%3D&btag=e00088000&expire=1714248012&l=20240425200005A49AF6D661ED5D04B289&ply_type=2&policy=2&signature=1caa4b151344af102c8829dada8546ff&tk=tt_chain_token&__vid=TT-vCache-7345262945045073198
video/mp4,bytesbytes 2426650-4101403/18481295,1714075325.833514,1714075325.834174,1714075325.849061,1714075325.970554,dump,video,/video/tos/useast5/tos-useast5-pve-0068-tx/o0DlQSAsIB4EwQENzfRpEfkDlCkytgsJgyAjFm/?a=1988&bti=NDU3ZjAwOg%3D%3D&ch=0&cr=3&dr=0&lr=unwatermarked&cd=0%7C0%7C0%7C&cv=1&br=1518&bt=759&cs=0&ds=6&ft=4KJMyMzm8Zmo0xkdC-4jVRtrdpWrKsd.&mime_type=video_mp4&qs=0&rc=ZDhlNWU0NWUzZWU7PDw7O0BpanA0a2w5cmVncjMzZzczNEA2X2EvNTEvNTUxXzA1NV81YSNgbDRgMmQ0LjZgLS1kMS9zcw%3D%3D&btag=e00098000&expire=1714248196&l=20240425200005A49AF6D661ED5D04B289&ply_type=2&policy=2&signature=f7e24b08cf0d0aeab415d65fff67cec3&tk=tt_chain_token&__vid=TT-vCache-7355173103833500971
video/mp4,bytesbytes 0-614399/1547017,1714075331.151734,1714075331.153524,1714075331.181138,1714075331.206306,dump,video,/video/tos/useast5/tos-useast5-pve-0068-tx/ocjYvHcMA0eI9gKMi5kFEfsOQCwfyCBd7AD0IQ/?a=1988&bti=NDU3ZjAwOg%3D%3D&ch=0&cr=3&dr=0&lr=unwatermarked&cd=0%7C0%7C0%7C&cv=1&br=1610&bt=805&cs=0&ds=6&ft=4KJMyMzm8Zmo0xkdC-4jVRtrdpWrKsd.&mime_type=video_mp4&qs=0&rc=ZDY8M2ZmNGlmZzk1ZzxkOEBpanhzOXQ5cnF2cjMzZzczNEAuNDZeMzIwNmMxYy8zYF42YSNsYC0xMmQ0c2JgLS1kMS9zcw%3D%3D&btag=e00088000&expire=1714248021&l=20240425200005A49AF6D661ED5D04B289&ply_type=2&policy=2&signature=6b47f9fef908ed0020a9e03e129e2623&tk=tt_chain_token&__vid=TT-vCache-7358266577738927403
video/mp4,bytesbytes 614400-877195/1547017,1714075331.2190661,1714075331.220684,1714075331.242302,1714075331.2649379,dump,video,/video/tos/useast5/tos-useast5-pve-0068-tx/ocjYvHcMA0eI9gKMi5kFEfsOQCwfyCBd7AD0IQ/?a=1988&bti=NDU3ZjAwOg%3D%3D&ch=0&cr=3&dr=0&lr=unwatermarked&cd=0%7C0%7C0%7C&cv=1&br=1610&bt=805&cs=0&ds=6&ft=4KJMyMzm8Zmo0xkdC-4jVRtrdpWrKsd.&mime_type=video_mp4&qs=0&rc=ZDY8M2ZmNGlmZzk1ZzxkOEBpanhzOXQ5cnF2cjMzZzczNEAuNDZeMzIwNmMxYy8zYF42YSNsYC0xMmQ0c2JgLS1kMS9zcw%3D%3D&btag=e00088000&expire=1714248021&l=20240425200005A49AF6D661ED5D04B289&ply_type=2&policy=2&signature=6b47f9fef908ed0020a9e03e129e2623&tk=tt_chain_token&__vid=TT-vCache-7358266577738927403
video/mp4,bytesbytes 877196-1546835/1547017,1714075331.280287,1714075331.283076,1714075331.298796,1714075331.3284621,dump,video,/video/tos/useast5/tos-useast5-pve-0068-tx/ocjYvHcMA0eI9gKMi5kFEfsOQCwfyCBd7AD0IQ/?a=1988&bti=NDU3ZjAwOg%3D%3D&ch=0&cr=3&dr=0&lr=unwatermarked&cd=0%7C0%7C0%7C&cv=1&br=1610&bt=805&cs=0&ds=6&ft=4KJMyMzm8Zmo0xkdC-4jVRtrdpWrKsd.&mime_type=video_mp4&qs=0&rc=ZDY8M2ZmNGlmZzk1ZzxkOEBpanhzOXQ5cnF2cjMzZzczNEAuNDZeMzIwNmMxYy8zYF42YSNsYC0xMmQ0c2JgLS1kMS9zcw%3D%3D&btag=e00088000&expire=1714248021&l=20240425200005A49AF6D661ED5D04B289&ply_type=2&policy=2&signature=6b47f9fef908ed0020a9e03e129e2623&tk=tt_chain_token&__vid=TT-vCache-7358266577738927403
video/mp4,bytesbytes 3545898-7577234/48516169,1714075337.862411,1714075337.863353,1714075337.9107819,1714075338.373091,dump,video,/video/tos/useast5/tos-useast5-ve-0068c003-tx/oYXEIvfOxFWgiALWAOKR9Y4C5fJWAYefYaFGIQ/?a=1988&bti=NDU3ZjAwOg%3D%3D&ch=0&cr=3&dr=0&lr=unwatermarked&cd=0%7C0%7C0%7C&cv=1&br=4070&bt=2035&cs=0&ds=6&ft=4KJMyMzm8Zmo0xkdC-4jVRtrdpWrKsd.&mime_type=video_mp4&qs=0&rc=PDg6ODY2ZGU7NDQ0NDs7M0BpMzhwdWo5cnBrcTMzZzgzNEBhLS0uLi9hNS0xLTQuMV4xYSNmMm4uMmQ0M3NgLS1kLy9zcw%3D%3D&btag=e00098000&expire=1714248192&l=20240425200005A49AF6D661ED5D04B289&ply_type=2&policy=2&signature=2505df1c5846f8a5599c755f022d1522&tk=tt_chain_token&__vid=TT-vCache-7349616402858396970
video/mp4,bytesbytes 7577235-13684891/48516169,1714075338.434902,1714075338.4359732,1714075338.49545,1714075339.609288,dump,video,/video/tos/useast5/tos-useast5-ve-0068c003-tx/oYXEIvfOxFWgiALWAOKR9Y4C5fJWAYefYaFGIQ/?a=1988&bti=NDU3ZjAwOg%3D%3D&ch=0&cr=3&dr=0&lr=unwatermarked&cd=0%7C0%7C0%7C&cv=1&br=4070&bt=2035&cs=0&ds=6&ft=4KJMyMzm8Zmo0xkdC-4jVRtrdpWrKsd.&mime_type=video_mp4&qs=0&rc=PDg6ODY2ZGU7NDQ0NDs7M0BpMzhwdWo5cnBrcTMzZzgzNEBhLS0uLi9hNS0xLTQuMV4xYSNmMm4uMmQ0M3NgLS1kLy9zcw%3D%3D&btag=e00098000&expire=1714248192&l=20240425200005A49AF6D661ED5D04B289&ply_type=2&policy=2&signature=2505df1c5846f8a5599c755f022d1522&tk=tt_chain_token&__vid=TT-vCache-7349616402858396970
video/mp4,bytesbytes 0-614399/2313146,1714075343.141796,1714075343.1431098,1714075343.160245,1714075343.2365701,dump,video,/video/tos/useast5/tos-useast5-ve-0068c004-tx/okIjBkLAKtPSKbceGHQMevLWDEgCZAezIUIakJ/?a=1988&bti=NDU3ZjAwOg%3D%3D&ch=0&cr=3&dr=0&lr=unwatermarked&cd=0%7C0%7C0%7C&cv=1&br=3674&bt=1837&cs=0&ds=6&ft=4KJMyMzm8Zmo0xkdC-4jVRtrdpWrKsd.&mime_type=video_mp4&qs=0&rc=ZWQ1N2RpNjZmPDo2Zjw5Z0BpM2lzZHY5cmU4cTMzZzczNEA1MC41NDEuNjAxL2I2MTQ2YSM0MzVuMmRjLWNgLS1kMS9zcw%3D%3D&btag=e00088000&expire=1714248015&l=20240425200005A49AF6D661ED5D04B289&ply_type=2&policy=2&signature=987003ce1f34257ca9d4075bd309faeb&tk=tt_chain_token&__vid=TT-vCache-7340392928688295210
video/mp4,bytesbytes 614400-1892631/2313146,1714075343.251368,1714075343.252695,1714075343.264412,1714075343.4067771,dump,video,/video/tos/useast5/tos-useast5-ve-0068c004-tx/okIjBkLAKtPSKbceGHQMevLWDEgCZAezIUIakJ/?a=1988&bti=NDU3ZjAwOg%3D%3D&ch=0&cr=3&dr=0&lr=unwatermarked&cd=0%7C0%7C0%7C&cv=1&br=3674&bt=1837&cs=0&ds=6&ft=4KJMyMzm8Zmo0xkdC-4jVRtrdpWrKsd.&mime_type=video_mp4&qs=0&rc=ZWQ1N2RpNjZmPDo2Zjw5Z0BpM2lzZHY5cmU4cTMzZzczNEA1MC41NDEuNjAxL2I2MTQ2YSM0MzVuMmRjLWNgLS1kMS9zcw%3D%3D&btag=e00088000&expire=1714248015&l=20240425200005A49AF6D661ED5D04B289&ply_type=2&policy=2&signature=987003ce1f34257ca9d4075bd309faeb&tk=tt_chain_token&__vid=TT-vCache-7340392928688295210
video/mp4,bytesbytes 1892632-2312966/2313146,1714075343.428499,1714075343.4302862,1714075343.448294,1714075343.491982,dump,video,/video/tos/useast5/tos-useast5-ve-0068c004-tx/okIjBkLAKtPSKbceGHQMevLWDEgCZAezIUIakJ/?a=1988&bti=NDU3ZjAwOg%3D%3D&ch=0&cr=3&dr=0&lr=unwatermarked&cd=0%7C0%7C0%7C&cv=1&br=3674&bt=1837&cs=0&ds=6&ft=4KJMyMzm8Zmo0xkdC-4jVRtrdpWrKsd.&mime_type=video_mp4&qs=0&rc=ZWQ1N2RpNjZmPDo2Zjw5Z0BpM2lzZHY5cmU4cTMzZzczNEA1MC41NDEuNjAxL2I2MTQ2YSM0MzVuMmRjLWNgLS1kMS9zcw%3D%3D&btag=e00088000&expire=1714248015&l=20240425200005A49AF6D661ED5D04B289&ply_type=2&policy=2&signature=987003ce1f34257ca9d4075bd309faeb&tk=tt_chain_token&__vid=TT-vCache-7340392928688295210
video/mp4,bytesbytes 2312967-2313145/2313146,1714075343.513043,1714075343.51367,1714075343.539644,1714075343.540778,dump,video,/video/tos/useast5/tos-useast5-ve-0068c004-tx/okIjBkLAKtPSKbceGHQMevLWDEgCZAezIUIakJ/?a=1988&bti=NDU3ZjAwOg%3D%3D&ch=0&cr=3&dr=0&lr=unwatermarked&cd=0%7C0%7C0%7C&cv=1&br=3674&bt=1837&cs=0&ds=6&ft=4KJMyMzm8Zmo0xkdC-4jVRtrdpWrKsd.&mime_type=video_mp4&qs=0&rc=ZWQ1N2RpNjZmPDo2Zjw5Z0BpM2lzZHY5cmU4cTMzZzczNEA1MC41NDEuNjAxL2I2MTQ2YSM0MzVuMmRjLWNgLS1kMS9zcw%3D%3D&btag=e00088000&expire=1714248015&l=20240425200005A49AF6D661ED5D04B289&ply_type=2&policy=2&signature=987003ce1f34257ca9d4075bd309faeb&tk=tt_chain_token&__vid=TT-vCache-7340392928688295210
video/mp4,bytesbytes 13684892-19039818/48516169,1714075348.739344,1714075348.7408,1714075348.7611678,1714075349.239424,dump,video,/video/tos/useast5/tos-useast5-ve-0068c003-tx/oYXEIvfOxFWgiALWAOKR9Y4C5fJWAYefYaFGIQ/?a=1988&bti=NDU3ZjAwOg%3D%3D&ch=0&cr=3&dr=0&lr=unwatermarked&cd=0%7C0%7C0%7C&cv=1&br=4070&bt=2035&cs=0&ds=6&ft=4KJMyMzm8Zmo0xkdC-4jVRtrdpWrKsd.&mime_type=video_mp4&qs=0&rc=PDg6ODY2ZGU7NDQ0NDs7M0BpMzhwdWo5cnBrcTMzZzgzNEBhLS0uLi9hNS0xLTQuMV4xYSNmMm4uMmQ0M3NgLS1kLy9zcw%3D%3D&btag=e00098000&expire=1714248192&l=20240425200005A49AF6D661ED5D04B289&ply_type=2&policy=2&signature=2505df1c5846f8a5599c755f022d1522&tk=tt_chain_token&__vid=TT-vCache-7349616402858396970
video/mp4,bytesbytes 0-614399/920910,1714075355.167959,1714075355.169316,1714075355.21469,1714075355.2639968,dump,video,/video/tos/useast8/tos-useast8-pve-0068-tx2/ocfLioj1I0Ddd3XEyeFgBQpBIyGmIAC9fbcqAA/?a=1988&bti=NDU3ZjAwOg%3D%3D&ch=0&cr=3&dr=0&lr=unwatermarked&cd=0%7C0%7C0%7C&cv=1&br=1420&bt=710&cs=0&ds=6&ft=4KJMyMzm8Zmo0xkdC-4jVRtrdpWrKsd.&mime_type=video_mp4&qs=0&rc=Z2Q0OWQ5ZmU1Ojc2MzdmNUBpamd1N3g5cjN5cDMzaTczNEAzXzMvL2JeNWMxYzM1Xl9eYSNwNW1kMmRjZHFgLS1kMTJzcw%3D%3D&btag=e00088000&expire=1714248016&l=20240425200005A49AF6D661ED5D04B289&ply_type=2&policy=2&signature=cbb3b6818f973bd2383deee01dd6e805&tk=tt_chain_token&__vid=TT-vCache-7330725522743282974
video/mp4,bytesbytes 614400-655906/920910,1714075355.281368,1714075355.283699,1714075355.297822,1714075355.304699,dump,video,/video/tos/useast8/tos-useast8-pve-0068-tx2/ocfLioj1I0Ddd3XEyeFgBQpBIyGmIAC9fbcqAA/?a=1988&bti=NDU3ZjAwOg%3D%3D&ch=0&cr=3&dr=0&lr=unwatermarked&cd=0%7C0%7C0%7C&cv=1&br=1420&bt=710&cs=0&ds=6&ft=4KJMyMzm8Zmo0xkdC-4jVRtrdpWrKsd.&mime_type=video_mp4&qs=0&rc=Z2Q0OWQ5ZmU1Ojc2MzdmNUBpamd1N3g5cjN5cDMzaTczNEAzXzMvL2JeNWMxYzM1Xl9eYSNwNW1kMmRjZHFgLS1kMTJzcw%3D%3D&btag=e00088000&expire=1714248016&l=20240425200005A49AF6D661ED5D04B289&ply_type=2&policy=2&signature=cbb3b6818f973bd2383deee01dd6e805&tk=tt_chain_token&__vid=TT-vCache-7330725522743282974
video/mp4,bytesbytes 655907-920386/920910,1714075355.320003,1714075355.3210912,1714075355.3383439,1714075355.365149,dump,video,/video/tos/useast8/tos-useast8-pve-0068-tx2/ocfLioj1I0Ddd3XEyeFgBQpBIyGmIAC9fbcqAA/?a=1988&bti=NDU3ZjAwOg%3D%3D&ch=0&cr=3&dr=0&lr=unwatermarked&cd=0%7C0%7C0%7C&cv=1&br=1420&bt=710&cs=0&ds=6&ft=4KJMyMzm8Zmo0xkdC-4jVRtrdpWrKsd.&mime_type=video_mp4&qs=0&rc=Z2Q0OWQ5ZmU1Ojc2MzdmNUBpamd1N3g5cjN5cDMzaTczNEAzXzMvL2JeNWMxYzM1Xl9eYSNwNW1kMmRjZHFgLS1kMTJzcw%3D%3D&btag=e00088000&expire=1714248016&l=20240425200005A49AF6D661ED5D04B289&ply_type=2&policy=2&signature=cbb3b6818f973bd2383deee01dd6e805&tk=tt_chain_token&__vid=TT-vCache-7330725522743282974
video/mp4,bytesbytes 1546836-1547016/1547017,1714075361.8840241,1714075361.8848839,1714075361.8944309,1714075361.895047,dump,video,/video/tos/useast5/tos-useast5-pve-0068-tx/ocjYvHcMA0eI9gKMi5kFEfsOQCwfyCBd7AD0IQ/?a=1988&bti=NDU3ZjAwOg%3D%3D&ch=0&cr=3&dr=0&lr=unwatermarked&cd=0%7C0%7C0%7C&cv=1&br=1610&bt=805&cs=0&ds=6&ft=4KJMyMzm8Zmo0xkdC-4jVRtrdpWrKsd.&mime_type=video_mp4&qs=0&rc=ZDY8M2ZmNGlmZzk1ZzxkOEBpanhzOXQ5cnF2cjMzZzczNEAuNDZeMzIwNmMxYy8zYF42YSNsYC0xMmQ0c2JgLS1kMS9zcw%3D%3D&btag=e00088000&expire=1714248021&l=20240425200005A49AF6D661ED5D04B289&ply_type=2&policy=2&signature=6b47f9fef908ed0020a9e03e129e2623&tk=tt_chain_token&__vid=TT-vCache-7358266577738927403
video/mp4,bytesbytes 0-614399/8512008,1714075367.2385862,1714075367.241545,1714075367.2655108,1714075367.30085,dump,video,/video/tos/useast5/tos-useast5-ve-0068c003-tx/oUfKS4gIEiDABSRFXaBvAm7azQwDREgPQsmJfp/?a=1988&bti=NDU3ZjAwOg%3D%3D&ch=0&cr=3&dr=0&lr=unwatermarked&cd=0%7C0%7C0%7C&cv=1&br=4432&bt=2216&cs=0&ds=6&ft=4KJMyMzm8Zmo0xkdC-4jVRtrdpWrKsd.&mime_type=video_mp4&qs=0&rc=ODY6NTg8ZDY7NjRmMzYzO0BpajdrOHM5cjtxcjMzZzczNEA0LTEtLmJiNTAxMGEvYjM2YSNoNnNwMmRrYS9gLS1kMS9zcw%3D%3D&btag=e00088000&expire=1714248036&l=20240425200005A49AF6D661ED5D04B289&ply_type=2&policy=2&signature=9fdfe3e04a05c2dc228bdc18f7559a29&tk=tt_chain_token&__vid=TT-vCache-7351412829871869230
video/mp4,bytesbytes 614400-2078729/8512008,1714075367.3163898,1714075367.3187652,1714075367.338648,1714075367.425976,dump,video,/video/tos/useast5/tos-useast5-ve-0068c003-tx/oUfKS4gIEiDABSRFXaBvAm7azQwDREgPQsmJfp/?a=1988&bti=NDU3ZjAwOg%3D%3D&ch=0&cr=3&dr=0&lr=unwatermarked&cd=0%7C0%7C0%7C&cv=1&br=4432&bt=2216&cs=0&ds=6&ft=4KJMyMzm8Zmo0xkdC-4jVRtrdpWrKsd.&mime_type=video_mp4&qs=0&rc=ODY6NTg8ZDY7NjRmMzYzO0BpajdrOHM5cjtxcjMzZzczNEA0LTEtLmJiNTAxMGEvYjM2YSNoNnNwMmRrYS9gLS1kMS9zcw%3D%3D&btag=e00088000&expire=1714248036&l=20240425200005A49AF6D661ED5D04B289&ply_type=2&policy=2&signature=9fdfe3e04a05c2dc228bdc18f7559a29&tk=tt_chain_token&__vid=TT-vCache-7351412829871869230
video/mp4,bytesbytes 2078730-7148448/8512008,1714075367.4482791,1714075367.456615,1714075367.470934,1714075367.733768,dump,video,/video/tos/useast5/tos-useast5-ve-0068c003-tx/oUfKS4gIEiDABSRFXaBvAm7azQwDREgPQsmJfp/?a=1988&bti=NDU3ZjAwOg%3D%3D&ch=0&cr=3&dr=0&lr=unwatermarked&cd=0%7C0%7C0%7C&cv=1&br=4432&bt=2216&cs=0&ds=6&ft=4KJMyMzm8Zmo0xkdC-4jVRtrdpWrKsd.&mime_type=video_mp4&qs=0&rc=ODY6NTg8ZDY7NjRmMzYzO0BpajdrOHM5cjtxcjMzZzczNEA0LTEtLmJiNTAxMGEvYjM2YSNoNnNwMmRrYS9gLS1kMS9zcw%3D%3D&btag=e00088000&expire=1714248036&l=20240425200005A49AF6D661ED5D04B289&ply_type=2&policy=2&signature=9fdfe3e04a05c2dc228bdc18f7559a29&tk=tt_chain_token&__vid=TT-vCache-7351412829871869230
video/mp4,bytesbytes 0-614399/1161548,1714075379.164746,1714075379.166114,1714075379.266158,1714075379.304346,dump,video,/video/tos/useast8/tos-useast8-pve-0068-tx2/oYIXEQEGRzv1AoBlli7zfUjCgb8ECiBAVueZBo/?a=1988&bti=NDU3ZjAwOg%3D%3D&ch=0&cr=3&dr=0&lr=unwatermarked&cd=0%7C0%7C0%7C&cv=1&br=2382&bt=1191&cs=0&ds=6&ft=4KJMyMzm8Zmo0xkdC-4jVRtrdpWrKsd.&mime_type=video_mp4&qs=0&rc=OGQ0aDtnZWlmZzlmMzxkO0BpM254anY5cjR2cTMzaTczNEBgYC4tMC5gXy8xMDJfMDEzYSNkcGlmMmRjb19gLS1kMTJzcw%3D%3D&btag=e00088000&expire=1714248013&l=20240425200005A49AF6D661ED5D04B289&ply_type=2&policy=2&signature=bf9ec644051e8e8e578be3cc5296673f&tk=tt_chain_token&__vid=TT-vCache-7338560101298490655
video/mp4,bytesbytes 614400-627107/1161548,1714075379.3236108,1714075379.324994,1714075379.345991,1714075379.3480499,dump,video,/video/tos/useast8/tos-useast8-pve-0068-tx2/oYIXEQEGRzv1AoBlli7zfUjCgb8ECiBAVueZBo/?a=1988&bti=NDU3ZjAwOg%3D%3D&ch=0&cr=3&dr=0&lr=unwatermarked&cd=0%7C0%7C0%7C&cv=1&br=2382&bt=1191&cs=0&ds=6&ft=4KJMyMzm8Zmo0xkdC-4jVRtrdpWrKsd.&mime_type=video_mp4&qs=0&rc=OGQ0aDtnZWlmZzlmMzxkO0BpM254anY5cjR2cTMzaTczNEBgYC4tMC5gXy8xMDJfMDEzYSNkcGlmMmRjb19gLS1kMTJzcw%3D%3D&btag=e00088000&expire=1714248013&l=20240425200005A49AF6D661ED5D04B289&ply_type=2&policy=2&signature=bf9ec644051e8e8e578be3cc5296673f&tk=tt_chain_token&__vid=TT-vCache-7338560101298490655
video/mp4,bytesbytes 627108-1161022/1161548,1714075379.36143,1714075379.362499,1714075379.385395,1714075379.407653,dump,video,/video/tos/useast8/tos-useast8-pve-0068-tx2/oYIXEQEGRzv1AoBlli7zfUjCgb8ECiBAVueZBo/?a=1988&bti=NDU3ZjAwOg%3D%3D&ch=0&cr=3&dr=0&lr=unwatermarked&cd=0%7C0%7C0%7C&cv=1&br=2382&bt=1191&cs=0&ds=6&ft=4KJMyMzm8Zmo0xkdC-4jVRtrdpWrKsd.&mime_type=video_mp4&qs=0&rc=OGQ0aDtnZWlmZzlmMzxkO0BpM254anY5cjR2cTMzaTczNEBgYC4tMC5gXy8xMDJfMDEzYSNkcGlmMmRjb19gLS1kMTJzcw%3D%3D&btag=e00088000&expire=1714248013&l=20240425200005A49AF6D661ED5D04B289&ply_type=2&policy=2&signature=bf9ec644051e8e8e578be3cc5296673f&tk=tt_chain_token&__vid=TT-vCache-7338560101298490655
video/mp4,bytesbytes 1161023-1161547/1161548,1714075379.4248981,1714075379.4260118,1714075379.442531,1714075379.443226,dump,video,/video/tos/useast8/tos-useast8-pve-0068-tx2/oYIXEQEGRzv1AoBlli7zfUjCgb8ECiBAVueZBo/?a=1988&bti=NDU3ZjAwOg%3D%3D&ch=0&cr=3&dr=0&lr=unwatermarked&cd=0%7C0%7C0%7C&cv=1&br=2382&bt=1191&cs=0&ds=6&ft=4KJMyMzm8Zmo0xkdC-4jVRtrdpWrKsd.&mime_type=video_mp4&qs=0&rc=OGQ0aDtnZWlmZzlmMzxkO0BpM254anY5cjR2cTMzaTczNEBgYC4tMC5gXy8xMDJfMDEzYSNkcGlmMmRjb19gLS1kMTJzcw%3D%3D&btag=e00088000&expire=1714248013&l=20240425200005A49AF6D661ED5D04B289&ply_type=2&policy=2&signature=bf9ec644051e8e8e578be3cc5296673f&tk=tt_chain_token&__vid=TT-vCache-7338560101298490655
video/mp4,bytesbytes 920387-920909/920910,1714075385.863787,1714075385.864188,1714075385.8837278,1714075385.8842392,dump,video,/video/tos/useast8/tos-useast8-pve-0068-tx2/ocfLioj1I0Ddd3XEyeFgBQpBIyGmIAC9fbcqAA/?a=1988&bti=NDU3ZjAwOg%3D%3D&ch=0&cr=3&dr=0&lr=unwatermarked&cd=0%7C0%7C0%7C&cv=1&br=1420&bt=710&cs=0&ds=6&ft=4KJMyMzm8Zmo0xkdC-4jVRtrdpWrKsd.&mime_type=video_mp4&qs=0&rc=Z2Q0OWQ5ZmU1Ojc2MzdmNUBpamd1N3g5cjN5cDMzaTczNEAzXzMvL2JeNWMxYzM1Xl9eYSNwNW1kMmRjZHFgLS1kMTJzcw%3D%3D&btag=e00088000&expire=1714248016&l=20240425200005A49AF6D661ED5D04B289&ply_type=2&policy=2&signature=cbb3b6818f973bd2383deee01dd6e805&tk=tt_chain_token&__vid=TT-vCache-7330725522743282974
video/mp4,bytesbytes 0-614399/18046091,1714075391.1591291,1714075391.160875,1714075391.2080991,1714075391.245644,dump,video,/video/tos/useast5/tos-useast5-pve-0068-tx/ogag4Iil3slAYiagbGEQBF9ERDPDwgAS7Qff6g/?a=1988&bti=NDU3ZjAwOg%3D%3D&ch=0&cr=3&dr=0&lr=unwatermarked&cd=0%7C0%7C0%7C&cv=1&br=4506&bt=2253&cs=0&ds=6&ft=4KJMyMzm8Zmo0xkdC-4jVRtrdpWrKsd.&mime_type=video_mp4&qs=0&rc=NGZoZjU5OzNmaDo2M2Q3NkBpM2pxNnA5cjxycTMzZzczNEAtMS01NTUwXmIxLjEyYjAxYSMzbmNgMmRjLW9gLS1kMS9zcw%3D%3D&btag=e00090000&expire=1714248068&l=20240425200005A49AF6D661ED5D04B289&ply_type=2&policy=2&signature=825f2ee0b9fa31d3572473928fb4aae5&tk=tt_chain_token&__vid=TT-vCache-7347482864595897643
video/mp4,bytesbytes 614400-1591286/18046091,1714075391.263566,1714075391.26519,1714075391.285661,1714075391.3726752,dump,video,/video/tos/useast5/tos-useast5-pve-0068-tx/ogag4Iil3slAYiagbGEQBF9ERDPDwgAS7Qff6g/?a=1988&bti=NDU3ZjAwOg%3D%3D&ch=0&cr=3&dr=0&lr=unwatermarked&cd=0%7C0%7C0%7C&cv=1&br=4506&bt=2253&cs=0&ds=6&ft=4KJMyMzm8Zmo0xkdC-4jVRtrdpWrKsd.&mime_type=video_mp4&qs=0&rc=NGZoZjU5OzNmaDo2M2Q3NkBpM2pxNnA5cjxycTMzZzczNEAtMS01NTUwXmIxLjEyYjAxYSMzbmNgMmRjLW9gLS1kMS9zcw%3D%3D&btag=e00090000&expire=1714248068&l=20240425200005A49AF6D661ED5D04B289&ply_type=2&policy=2&signature=825f2ee0b9fa31d3572473928fb4aae5&tk=tt_chain_token&__vid=TT-vCache-7347482864595897643
video/mp4,bytesbytes 1591287-5090664/18046091,1714075391.39572,1714075391.397606,1714075391.4150279,1714075391.693341,dump,video,/video/tos/useast5/tos-useast5-pve-0068-tx/ogag4Iil3slAYiagbGEQBF9ERDPDwgAS7Qff6g/?a=1988&bti=NDU3ZjAwOg%3D%3D&ch=0&cr=3&dr=0&lr=unwatermarked&cd=0%7C0%7C0%7C&cv=1&br=4506&bt=2253&cs=0&ds=6&ft=4KJMyMzm8Zmo0xkdC-4jVRtrdpWrKsd.&mime_type=video_mp4&qs=0&rc=NGZoZjU5OzNmaDo2M2Q3NkBpM2pxNnA5cjxycTMzZzczNEAtMS01NTUwXmIxLjEyYjAxYSMzbmNgMmRjLW9gLS1kMS9zcw%3D%3D&btag=e00090000&expire=1714248068&l=20240425200005A49AF6D661ED5D04B289&ply_type=2&policy=2&signature=825f2ee0b9fa31d3572473928fb4aae5&tk=tt_chain_token&__vid=TT-vCache-7347482864595897643
video/mp4,bytesbytes 7148449-8511646/8512008,1714075397.8959649,1714075397.8973792,1714075397.921668,1714075398.1505122,dump,video,/video/tos/useast5/tos-useast5-ve-0068c003-tx/oUfKS4gIEiDABSRFXaBvAm7azQwDREgPQsmJfp/?a=1988&bti=NDU3ZjAwOg%3D%3D&ch=0&cr=3&dr=0&lr=unwatermarked&cd=0%7C0%7C0%7C&cv=1&br=4432&bt=2216&cs=0&ds=6&ft=4KJMyMzm8Zmo0xkdC-4jVRtrdpWrKsd.&mime_type=video_mp4&qs=0&rc=ODY6NTg8ZDY7NjRmMzYzO0BpajdrOHM5cjtxcjMzZzczNEA0LTEtLmJiNTAxMGEvYjM2YSNoNnNwMmRrYS9gLS1kMS9zcw%3D%3D&btag=e00088000&expire=1714248036&l=20240425200005A49AF6D661ED5D04B289&ply_type=2&policy=2&signature=9fdfe3e04a05c2dc228bdc18f7559a29&tk=tt_chain_token&__vid=TT-vCache-7351412829871869230
video/mp4,bytesbytes 8511647-8512007/8512008,1714075398.182233,1714075398.1831,1714075398.2300642,1714075398.231193,dump,video,/video/tos/useast5/tos-useast5-ve-0068c003-tx/oUfKS4gIEiDABSRFXaBvAm7azQwDREgPQsmJfp/?a=1988&bti=NDU3ZjAwOg%3D%3D&ch=0&cr=3&dr=0&lr=unwatermarked&cd=0%7C0%7C0%7C&cv=1&br=4432&bt=2216&cs=0&ds=6&ft=4KJMyMzm8Zmo0xkdC-4jVRtrdpWrKsd.&mime_type=video_mp4&qs=0&rc=ODY6NTg8ZDY7NjRmMzYzO0BpajdrOHM5cjtxcjMzZzczNEA0LTEtLmJiNTAxMGEvYjM2YSNoNnNwMmRrYS9gLS1kMS9zcw%3D%3D&btag=e00088000&expire=1714248036&l=20240425200005A49AF6D661ED5D04B289&ply_type=2&policy=2&signature=9fdfe3e04a05c2dc228bdc18f7559a29&tk=tt_chain_token&__vid=TT-vCache-7351412829871869230
video/mp4,bytesbytes 0-434520/451096,1714075403.1844742,1714075403.185605,1714075403.207795,1714075403.254364,dump,video,/video/tos/useast8/tos-useast8-pve-0068-tx2/oYflhsRjE3BeVzhioqiUkIhwEF46EAB9dWGVkA/?a=1988&bti=NDU3ZjAwOg%3D%3D&ch=0&cr=3&dr=0&lr=unwatermarked&cd=0%7C0%7C0%7C&cv=1&br=968&bt=484&cs=0&ds=6&ft=4KJMyMzm8Zmo0xkdC-4jVRtrdpWrKsd.&mime_type=video_mp4&qs=0&rc=ZjY5Zzk6aDg8OWg0Z2c6aUBpanBwaHc5cmx0cTMzaTczNEA2LzIvYWJhNjUxXl80M18uYSMvbGZmMmRjaG1gLS1kMTJzcw%3D%3D&btag=e00088000&expire=1714248013&l=20240425200005A49AF6D661ED5D04B289&ply_type=2&policy=2&signature=ec5e82e03b7c755f38271c95139e6bbe&tk=tt_chain_token&__vid=TT-vCache-7346403398423481630
video/mp4,bytesbytes 434521-450910/451096,1714075403.2698472,1714075403.271146,1714075403.287678,1714075403.2887092,dump,video,/video/tos/useast8/tos-useast8-pve-0068-tx2/oYflhsRjE3BeVzhioqiUkIhwEF46EAB9dWGVkA/?a=1988&bti=NDU3ZjAwOg%3D%3D&ch=0&cr=3&dr=0&lr=unwatermarked&cd=0%7C0%7C0%7C&cv=1&br=968&bt=484&cs=0&ds=6&ft=4KJMyMzm8Zmo0xkdC-4jVRtrdpWrKsd.&mime_type=video_mp4&qs=0&rc=ZjY5Zzk6aDg8OWg0Z2c6aUBpanBwaHc5cmx0cTMzaTczNEA2LzIvYWJhNjUxXl80M18uYSMvbGZmMmRjaG1gLS1kMTJzcw%3D%3D&btag=e00088000&expire=1714248013&l=20240425200005A49AF6D661ED5D04B289&ply_type=2&policy=2&signature=ec5e82e03b7c755f38271c95139e6bbe&tk=tt_chain_token&__vid=TT-vCache-7346403398423481630
video/mp4,bytesbytes 450911-451095/451096,1714075403.316973,1714075403.322783,1714075403.339446,1714075403.340178,dump,video,/video/tos/useast8/tos-useast8-pve-0068-tx2/oYflhsRjE3BeVzhioqiUkIhwEF46EAB9dWGVkA/?a=1988&bti=NDU3ZjAwOg%3D%3D&ch=0&cr=3&dr=0&lr=unwatermarked&cd=0%7C0%7C0%7C&cv=1&br=968&bt=484&cs=0&ds=6&ft=4KJMyMzm8Zmo0xkdC-4jVRtrdpWrKsd.&mime_type=video_mp4&qs=0&rc=ZjY5Zzk6aDg8OWg0Z2c6aUBpanBwaHc5cmx0cTMzaTczNEA2LzIvYWJhNjUxXl80M18uYSMvbGZmMmRjaG1gLS1kMTJzcw%3D%3D&btag=e00088000&expire=1714248013&l=20240425200005A49AF6D661ED5D04B289&ply_type=2&policy=2&signature=ec5e82e03b7c755f38271c95139e6bbe&tk=tt_chain_token&__vid=TT-vCache-7346403398423481630
