video/mp4,bytesbytes 0-43194863/43194864,1711902149.7368839,1711902149.737181,1711902149.768755,1711902155.7822459,dump,video,/video/tos/useast5/tos-useast5-pve-0068-tx/oAbiajBrIT6Cpt8AqguBfBxIXBAiQMEwplayEv/?a=1988&bti=NDU3ZjAwOg%3D%3D&ch=0&cr=3&dr=0&lr=unwatermarked&cd=0%7C0%7C0%7C&cv=1&br=1972&bt=986&cs=0&ds=6&ft=4KJMyMzm8Zmo0Nyj1-4jVJnrdpWrKsd.&mime_type=video_mp4&qs=0&rc=M2c6ZjU0Zmk8NGQ0PDg7O0BpamQ7dXQ5cjM7cTMzZzczNEAzNGItYWAxXi4xMy0xNl4vYSNsMG82MmRza2RgLS1kMS9zcw%3D%3D&btag=e000a0000&expire=1712074926&l=202403311616236364437340EBE9512F93&ply_type=2&policy=2&signature=a2f5e79e80af067e8ddf6efc61efe1bf&tk=tt_chain_token
video/mp4,bytesbytes 0-9645648/9645649,1711902161.904771,1711902161.9053068,1711902162.0034502,1711902163.3043,dump,video,/video/tos/useast5/tos-useast5-pve-0068-tx/o8Aliw96JAMzQR5rgIiaf4SBBfmrzGOiDEBv5E/?a=1988&bti=NDU3ZjAwOg%3D%3D&ch=0&cr=3&dr=0&lr=unwatermarked&cd=0%7C0%7C0%7C&cv=1&br=2410&bt=1205&cs=0&ds=6&ft=4KJMyMzm8Zmo0Nyj1-4jVJnrdpWrKsd.&mime_type=video_mp4&qs=0&rc=ZjU1OWdoOjdlM2Q6MzU5ZEBpM2VlPG05cjN3cTMzZzczNEAxNS80XzQ1Xl4xXzFeYmMyYSNhNGstMmRzcXBgLS1kMS9zcw%3D%3D&btag=e00090000&expire=1712074646&l=202403311616236364437340EBE9512F93&ply_type=2&policy=2&signature=4493cb149a52b75b87fbb7793ed734ac&tk=tt_chain_token
video/mp4,bytesbytes 0-1773675/1773676,1711902171.884038,1711902171.884354,1711902171.921528,1711902172.1624289,dump,video,/video/tos/useast5/tos-useast5-ve-0068c003-tx/o8MBBUEpIigTiSzwgnoiSAyEEQZK4szBP6UZ3/?a=1988&bti=NDU3ZjAwOg%3D%3D&ch=0&cr=3&dr=0&lr=unwatermarked&cd=0%7C0%7C0%7C&cv=1&br=1704&bt=852&cs=0&ds=6&ft=4KJMyMzm8Zmo0Nyj1-4jVJnrdpWrKsd.&mime_type=video_mp4&qs=0&rc=aGQ0OmlpOGc4ODc5ZTg8NkBpM21kZnE5cmxscDMzZzczNEBjMTFgYDFgNjMxYDItXy1jYSNsMnNeMmQ0ZTZgLS1kMS9zcw%3D%3D&btag=e00088000&expire=1712074600&l=202403311616236364437340EBE9512F93&ply_type=2&policy=2&signature=1bd6e88eb4178f131e526f454d9f1366&tk=tt_chain_token
video/mp4,bytesbytes 0-873012/873013,1711902181.8436549,1711902181.844362,1711902181.870796,1711902182.1910882,dump,video,/video/tos/useast8/tos-useast8-pve-0068-tx2/okpIAE0aGMBQXAef3GubufbElyvDRFFfULhQtK/?a=1988&bti=NDU3ZjAwOg%3D%3D&ch=0&cr=3&dr=0&lr=unwatermarked&cd=0%7C0%7C0%7C&cv=1&br=2096&bt=1048&cs=0&ds=6&ft=4KJMyMzm8Zmo0xAj1-4jVVxZdpWrKsd.&mime_type=video_mp4&qs=0&rc=NWc2ZDg6ODlkNTlmZWQ0OUBpanM1dnQ5cjp5cTMzaTczNEBgMy4uYjVeXmIxYTZiLzQwYSNfXmgvMmRzZ2FgLS1kMTJzcw%3D%3D&btag=e00088000&expire=1712074956&l=202403311622292215EA4F19BDF6547BA5&ply_type=2&policy=2&signature=c3d80ab650bc73fd9998b51f1ccffec8&tk=tt_chain_token
video/mp4,bytesbytes 0-614399/3236789,1711902186.057994,1711902186.059922,1711902186.0939388,1711902186.182091,dump,video,/video/tos/useast5/tos-useast5-pve-0068-tx/okx8Df6aEEcSEPj0pQlgFBewIARIAFRajDNDS4/?a=1988&bti=NDU3ZjAwOg%3D%3D&ch=0&cr=3&dr=0&lr=unwatermarked&cd=0%7C0%7C0%7C&cv=1&br=1652&bt=826&cs=0&ds=6&ft=4KJMyMzm8Zmo0xAj1-4jVVxZdpWrKsd.&mime_type=video_mp4&qs=0&rc=M2U1NzRpZjs4Zzg4OmVoO0BpM248aXc5cnA7cTMzZzczNEAwLTAyMjUyNWMxLi8zLWNiYSNhMGZeMmRrbGxgLS1kMS9zcw%3D%3D&btag=e00088000&expire=1712074980&l=202403311622292215EA4F19BDF6547BA5&ply_type=2&policy=2&signature=601198fcc83fee7cbd80b6d6ac252bff&tk=tt_chain_token&__vid=TT-vCache-7345525777804512558
video/mp4,bytesbytes 614400-929474/3236789,1711902186.2051,1711902186.206951,1711902186.2227468,1711902186.2719932,dump,video,/video/tos/useast5/tos-useast5-pve-0068-tx/okx8Df6aEEcSEPj0pQlgFBewIARIAFRajDNDS4/?a=1988&bti=NDU3ZjAwOg%3D%3D&ch=0&cr=3&dr=0&lr=unwatermarked&cd=0%7C0%7C0%7C&cv=1&br=1652&bt=826&cs=0&ds=6&ft=4KJMyMzm8Zmo0xAj1-4jVVxZdpWrKsd.&mime_type=video_mp4&qs=0&rc=M2U1NzRpZjs4Zzg4OmVoO0BpM248aXc5cnA7cTMzZzczNEAwLTAyMjUyNWMxLi8zLWNiYSNhMGZeMmRrbGxgLS1kMS9zcw%3D%3D&btag=e00088000&expire=1712074980&l=202403311622292215EA4F19BDF6547BA5&ply_type=2&policy=2&signature=601198fcc83fee7cbd80b6d6ac252bff&tk=tt_chain_token&__vid=TT-vCache-7345525777804512558
video/mp4,bytesbytes 929475-2778238/3236789,1711902186.2939038,1711902186.2952251,1711902186.32754,1711902186.581132,dump,video,/video/tos/useast5/tos-useast5-pve-0068-tx/okx8Df6aEEcSEPj0pQlgFBewIARIAFRajDNDS4/?a=1988&bti=NDU3ZjAwOg%3D%3D&ch=0&cr=3&dr=0&lr=unwatermarked&cd=0%7C0%7C0%7C&cv=1&br=1652&bt=826&cs=0&ds=6&ft=4KJMyMzm8Zmo0xAj1-4jVVxZdpWrKsd.&mime_type=video_mp4&qs=0&rc=M2U1NzRpZjs4Zzg4OmVoO0BpM248aXc5cnA7cTMzZzczNEAwLTAyMjUyNWMxLi8zLWNiYSNhMGZeMmRrbGxgLS1kMS9zcw%3D%3D&btag=e00088000&expire=1712074980&l=202403311622292215EA4F19BDF6547BA5&ply_type=2&policy=2&signature=601198fcc83fee7cbd80b6d6ac252bff&tk=tt_chain_token&__vid=TT-vCache-7345525777804512558
video/mp4,bytesbytes 0-614399/2920748,1711902187.055319,1711902187.055799,1711902187.0852532,1711902187.1625128,dump,video,/video/tos/useast8/tos-useast8-pve-0068-tx2/oAmQKKGNLFCrDfHUkG8sAF6RseZQIUgeAXft2I/?a=1988&bti=NDU3ZjAwOg%3D%3D&ch=0&cr=3&dr=0&lr=unwatermarked&cd=0%7C0%7C0%7C&cv=1&br=3052&bt=1526&cs=0&ds=6&ft=4KJMyMzm8Zmo0xAj1-4jVVxZdpWrKsd.&mime_type=video_mp4&qs=0&rc=Zzc4aGk5OWczNDw7aTc8NkBpMzRtOHk5cm95cTMzaTczNEA1MDMxXzFgNTQxLy1hMDIvYSNfbmlfMmRjZi5gLS1kMTJzcw%3D%3D&btag=e00088000&expire=1712074965&l=202403311622292215EA4F19BDF6547BA5&ply_type=2&policy=2&signature=bab0cfe8d40bf3a3fa25d071cce407a4&tk=tt_chain_token&__vid=TT-vCache-7332982221927615774
video/mp4,bytesbytes 614400-2920219/2920748,1711902187.1840582,1711902187.185212,1711902187.228112,1711902187.5386739,dump,video,/video/tos/useast8/tos-useast8-pve-0068-tx2/oAmQKKGNLFCrDfHUkG8sAF6RseZQIUgeAXft2I/?a=1988&bti=NDU3ZjAwOg%3D%3D&ch=0&cr=3&dr=0&lr=unwatermarked&cd=0%7C0%7C0%7C&cv=1&br=3052&bt=1526&cs=0&ds=6&ft=4KJMyMzm8Zmo0xAj1-4jVVxZdpWrKsd.&mime_type=video_mp4&qs=0&rc=Zzc4aGk5OWczNDw7aTc8NkBpMzRtOHk5cm95cTMzaTczNEA1MDMxXzFgNTQxLy1hMDIvYSNfbmlfMmRjZi5gLS1kMTJzcw%3D%3D&btag=e00088000&expire=1712074965&l=202403311622292215EA4F19BDF6547BA5&ply_type=2&policy=2&signature=bab0cfe8d40bf3a3fa25d071cce407a4&tk=tt_chain_token&__vid=TT-vCache-7332982221927615774
video/mp4,bytesbytes 0-614399/694948,1711902188.058222,1711902188.058947,1711902188.58582,1711902188.804854,dump,video,/video/tos/useast5/tos-useast5-ve-0068c003-tx/oIGlNg4emAqwKRVcgIF8vXSDrfSHamFEDEBS8E/?a=1988&bti=NDU3ZjAwOg%3D%3D&ch=0&cr=3&dr=0&lr=unwatermarked&cd=0%7C0%7C0%7C&cv=1&br=1784&bt=892&cs=0&ds=6&ft=4KJMyMzm8Zmo0xAj1-4jVVxZdpWrKsd.&mime_type=video_mp4&qs=0&rc=ZTQzNjtoNWk1ODQ0ODU6ZkBpMzpzbHI5cmQ4cDMzZzczNEAyNTAwNTAwNWMxYjA0MzFeYSNyaF8uMmRzcHJgLS1kMS9zcw%3D%3D&btag=e00088000&expire=1712074956&l=202403311622292215EA4F19BDF6547BA5&ply_type=2&policy=2&signature=b413df780895487670bd05a44d7773e1&tk=tt_chain_token&__vid=TT-vCache-7330838004656966958
video/mp4,bytesbytes 614400-694532/694948,1711902188.8161001,1711902188.81724,1711902188.841163,1711902188.8487492,dump,video,/video/tos/useast5/tos-useast5-ve-0068c003-tx/oIGlNg4emAqwKRVcgIF8vXSDrfSHamFEDEBS8E/?a=1988&bti=NDU3ZjAwOg%3D%3D&ch=0&cr=3&dr=0&lr=unwatermarked&cd=0%7C0%7C0%7C&cv=1&br=1784&bt=892&cs=0&ds=6&ft=4KJMyMzm8Zmo0xAj1-4jVVxZdpWrKsd.&mime_type=video_mp4&qs=0&rc=ZTQzNjtoNWk1ODQ0ODU6ZkBpMzpzbHI5cmQ4cDMzZzczNEAyNTAwNTAwNWMxYjA0MzFeYSNyaF8uMmRzcHJgLS1kMS9zcw%3D%3D&btag=e00088000&expire=1712074956&l=202403311622292215EA4F19BDF6547BA5&ply_type=2&policy=2&signature=b413df780895487670bd05a44d7773e1&tk=tt_chain_token&__vid=TT-vCache-7330838004656966958
video/mp4,bytesbytes 694533-694947/694948,1711902188.860737,1711902188.862196,1711902188.887192,1711902188.888192,dump,video,/video/tos/useast5/tos-useast5-ve-0068c003-tx/oIGlNg4emAqwKRVcgIF8vXSDrfSHamFEDEBS8E/?a=1988&bti=NDU3ZjAwOg%3D%3D&ch=0&cr=3&dr=0&lr=unwatermarked&cd=0%7C0%7C0%7C&cv=1&br=1784&bt=892&cs=0&ds=6&ft=4KJMyMzm8Zmo0xAj1-4jVVxZdpWrKsd.&mime_type=video_mp4&qs=0&rc=ZTQzNjtoNWk1ODQ0ODU6ZkBpMzpzbHI5cmQ4cDMzZzczNEAyNTAwNTAwNWMxYjA0MzFeYSNyaF8uMmRzcHJgLS1kMS9zcw%3D%3D&btag=e00088000&expire=1712074956&l=202403311622292215EA4F19BDF6547BA5&ply_type=2&policy=2&signature=b413df780895487670bd05a44d7773e1&tk=tt_chain_token&__vid=TT-vCache-7330838004656966958
video/mp4,bytesbytes 2778239-3236417/3236789,1711902191.866229,1711902191.866945,1711902191.894816,1711902191.95893,dump,video,/video/tos/useast5/tos-useast5-pve-0068-tx/okx8Df6aEEcSEPj0pQlgFBewIARIAFRajDNDS4/?a=1988&bti=NDU3ZjAwOg%3D%3D&ch=0&cr=3&dr=0&lr=unwatermarked&cd=0%7C0%7C0%7C&cv=1&br=1652&bt=826&cs=0&ds=6&ft=4KJMyMzm8Zmo0xAj1-4jVVxZdpWrKsd.&mime_type=video_mp4&qs=0&rc=M2U1NzRpZjs4Zzg4OmVoO0BpM248aXc5cnA7cTMzZzczNEAwLTAyMjUyNWMxLi8zLWNiYSNhMGZeMmRrbGxgLS1kMS9zcw%3D%3D&btag=e00088000&expire=1712074980&l=202403311622292215EA4F19BDF6547BA5&ply_type=2&policy=2&signature=601198fcc83fee7cbd80b6d6ac252bff&tk=tt_chain_token&__vid=TT-vCache-7345525777804512558
video/mp4,bytesbytes 3236418-3236788/3236789,1711902192.5509472,1711902192.551871,1711902192.5779939,1711902192.579777,dump,video,/video/tos/useast5/tos-useast5-pve-0068-tx/okx8Df6aEEcSEPj0pQlgFBewIARIAFRajDNDS4/?a=1988&bti=NDU3ZjAwOg%3D%3D&ch=0&cr=3&dr=0&lr=unwatermarked&cd=0%7C0%7C0%7C&cv=1&br=1652&bt=826&cs=0&ds=6&ft=4KJMyMzm8Zmo0xAj1-4jVVxZdpWrKsd.&mime_type=video_mp4&qs=0&rc=M2U1NzRpZjs4Zzg4OmVoO0BpM248aXc5cnA7cTMzZzczNEAwLTAyMjUyNWMxLi8zLWNiYSNhMGZeMmRrbGxgLS1kMS9zcw%3D%3D&btag=e00088000&expire=1712074980&l=202403311622292215EA4F19BDF6547BA5&ply_type=2&policy=2&signature=601198fcc83fee7cbd80b6d6ac252bff&tk=tt_chain_token&__vid=TT-vCache-7345525777804512558
video/mp4,bytesbytes 0-1023999/22328058,1711902197.149552,1711902197.1507251,1711902197.250567,1711902197.387386,dump,video,/video/tos/useast5/tos-useast5-ve-0068c001-tx/oMEAVZJvzxcyiBA5IVoCIF3BwisCp8QXmQf2ES/?a=1988&bti=NDU3ZjAwOg%3D%3D&ch=0&cr=3&dr=0&lr=unwatermarked&cd=0%7C0%7C0%7C&cv=1&br=1472&bt=736&cs=0&ds=6&ft=4KJMyMzm8Zmo0xAj1-4jVVxZdpWrKsd.&mime_type=video_mp4&qs=0&rc=ZWk8aWg3NjQ5Ozk8Ozo0Z0BpM3E0OHM5cjxrcTMzZzczNEBhY2M0NF4xXjQxY18yYGIvYSMuZ25nMmRrXmxgLS1kMS9zcw%3D%3D&btag=e00098000&expire=1712075186&l=202403311622292215EA4F19BDF6547BA5&ply_type=2&policy=2&signature=ce0d6db6f547cba21b1907090e35f5f2&tk=tt_chain_token&__vid=TT-vCache-7345676830508059946
video/mp4,bytesbytes 1024000-1044792/22328058,1711902197.411147,1711902197.41202,1711902197.433208,1711902197.4344242,dump,video,/video/tos/useast5/tos-useast5-ve-0068c001-tx/oMEAVZJvzxcyiBA5IVoCIF3BwisCp8QXmQf2ES/?a=1988&bti=NDU3ZjAwOg%3D%3D&ch=0&cr=3&dr=0&lr=unwatermarked&cd=0%7C0%7C0%7C&cv=1&br=1472&bt=736&cs=0&ds=6&ft=4KJMyMzm8Zmo0xAj1-4jVVxZdpWrKsd.&mime_type=video_mp4&qs=0&rc=ZWk8aWg3NjQ5Ozk8Ozo0Z0BpM3E0OHM5cjxrcTMzZzczNEBhY2M0NF4xXjQxY18yYGIvYSMuZ25nMmRrXmxgLS1kMS9zcw%3D%3D&btag=e00098000&expire=1712075186&l=202403311622292215EA4F19BDF6547BA5&ply_type=2&policy=2&signature=ce0d6db6f547cba21b1907090e35f5f2&tk=tt_chain_token&__vid=TT-vCache-7345676830508059946
video/mp4,bytesbytes 1044793-2663631/22328058,1711902197.445241,1711902197.445895,1711902197.4714901,1711902197.6868181,dump,video,/video/tos/useast5/tos-useast5-ve-0068c001-tx/oMEAVZJvzxcyiBA5IVoCIF3BwisCp8QXmQf2ES/?a=1988&bti=NDU3ZjAwOg%3D%3D&ch=0&cr=3&dr=0&lr=unwatermarked&cd=0%7C0%7C0%7C&cv=1&br=1472&bt=736&cs=0&ds=6&ft=4KJMyMzm8Zmo0xAj1-4jVVxZdpWrKsd.&mime_type=video_mp4&qs=0&rc=ZWk8aWg3NjQ5Ozk8Ozo0Z0BpM3E0OHM5cjxrcTMzZzczNEBhY2M0NF4xXjQxY18yYGIvYSMuZ25nMmRrXmxgLS1kMS9zcw%3D%3D&btag=e00098000&expire=1712075186&l=202403311622292215EA4F19BDF6547BA5&ply_type=2&policy=2&signature=ce0d6db6f547cba21b1907090e35f5f2&tk=tt_chain_token&__vid=TT-vCache-7345676830508059946
video/mp4,bytesbytes 2920220-2920747/2920748,1711902201.916536,1711902201.91698,1711902201.931684,1711902201.9319549,dump,video,/video/tos/useast8/tos-useast8-pve-0068-tx2/oAmQKKGNLFCrDfHUkG8sAF6RseZQIUgeAXft2I/?a=1988&bti=NDU3ZjAwOg%3D%3D&ch=0&cr=3&dr=0&lr=unwatermarked&cd=0%7C0%7C0%7C&cv=1&br=3052&bt=1526&cs=0&ds=6&ft=4KJMyMzm8Zmo0xAj1-4jVVxZdpWrKsd.&mime_type=video_mp4&qs=0&rc=Zzc4aGk5OWczNDw7aTc8NkBpMzRtOHk5cm95cTMzaTczNEA1MDMxXzFgNTQxLy1hMDIvYSNfbmlfMmRjZi5gLS1kMTJzcw%3D%3D&btag=e00088000&expire=1712074965&l=202403311622292215EA4F19BDF6547BA5&ply_type=2&policy=2&signature=bab0cfe8d40bf3a3fa25d071cce407a4&tk=tt_chain_token&__vid=TT-vCache-7332982221927615774
video/mp4,bytesbytes 0-614399/1215562,1711902207.170263,1711902207.1714618,1711902207.273299,1711902207.359715,dump,video,/video/tos/useast5/tos-useast5-pve-0068-tx/o0sgZyULiRQAAiVP4QpIKwBDAcB8AJB1BEMfKa/?a=1988&bti=NDU3ZjAwOg%3D%3D&ch=0&cr=3&dr=0&lr=unwatermarked&cd=0%7C0%7C0%7C&cv=1&br=1998&bt=999&cs=0&ds=6&ft=4KJMyMzm8Zmo0xAj1-4jVVxZdpWrKsd.&mime_type=video_mp4&qs=0&rc=NDNoO2VmOGU1OjlkNTw4NkBpanRtb285cmgzcTMzZzgzNEBhNS0vL15iXzQxNmAzXy8wYSMxZDIyMmRjbWRgLS1kLy9zcw%3D%3D&btag=e00088000&expire=1712074959&l=202403311622292215EA4F19BDF6547BA5&ply_type=2&policy=2&signature=a27d22e811abbdc4435d1ab5099a9e5e&tk=tt_chain_token&__vid=TT-vCache-7340879659338435886
video/mp4,bytesbytes 311296-1030226/1215562,1711902207.447335,1711902207.447958,1711902207.486349,1711902207.5923278,dump,video,/video/tos/useast5/tos-useast5-pve-0068-tx/o0sgZyULiRQAAiVP4QpIKwBDAcB8AJB1BEMfKa/?a=1988&bti=NDU3ZjAwOg%3D%3D&ch=0&cr=3&dr=0&lr=unwatermarked&cd=0%7C0%7C0%7C&cv=1&br=1998&bt=999&cs=0&ds=6&ft=4KJMyMzm8Zmo0xAj1-4jVVxZdpWrKsd.&mime_type=video_mp4&qs=0&rc=NDNoO2VmOGU1OjlkNTw4NkBpanRtb285cmgzcTMzZzgzNEBhNS0vL15iXzQxNmAzXy8wYSMxZDIyMmRjbWRgLS1kLy9zcw%3D%3D&btag=e00088000&expire=1712074959&l=202403311622292215EA4F19BDF6547BA5&ply_type=2&policy=2&signature=a27d22e811abbdc4435d1ab5099a9e5e&tk=tt_chain_token&__vid=TT-vCache-7340879659338435886
video/mp4,bytesbytes 1030227-1215390/1215562,1711902207.6160371,1711902207.617034,1711902207.642712,1711902207.676262,dump,video,/video/tos/useast5/tos-useast5-pve-0068-tx/o0sgZyULiRQAAiVP4QpIKwBDAcB8AJB1BEMfKa/?a=1988&bti=NDU3ZjAwOg%3D%3D&ch=0&cr=3&dr=0&lr=unwatermarked&cd=0%7C0%7C0%7C&cv=1&br=1998&bt=999&cs=0&ds=6&ft=4KJMyMzm8Zmo0xAj1-4jVVxZdpWrKsd.&mime_type=video_mp4&qs=0&rc=NDNoO2VmOGU1OjlkNTw4NkBpanRtb285cmgzcTMzZzgzNEBhNS0vL15iXzQxNmAzXy8wYSMxZDIyMmRjbWRgLS1kLy9zcw%3D%3D&btag=e00088000&expire=1712074959&l=202403311622292215EA4F19BDF6547BA5&ply_type=2&policy=2&signature=a27d22e811abbdc4435d1ab5099a9e5e&tk=tt_chain_token&__vid=TT-vCache-7340879659338435886
video/mp4,bytesbytes 1215391-1215561/1215562,1711902207.684219,1711902207.684673,1711902207.7200289,1711902207.72126,dump,video,/video/tos/useast5/tos-useast5-pve-0068-tx/o0sgZyULiRQAAiVP4QpIKwBDAcB8AJB1BEMfKa/?a=1988&bti=NDU3ZjAwOg%3D%3D&ch=0&cr=3&dr=0&lr=unwatermarked&cd=0%7C0%7C0%7C&cv=1&br=1998&bt=999&cs=0&ds=6&ft=4KJMyMzm8Zmo0xAj1-4jVVxZdpWrKsd.&mime_type=video_mp4&qs=0&rc=NDNoO2VmOGU1OjlkNTw4NkBpanRtb285cmgzcTMzZzgzNEBhNS0vL15iXzQxNmAzXy8wYSMxZDIyMmRjbWRgLS1kLy9zcw%3D%3D&btag=e00088000&expire=1712074959&l=202403311622292215EA4F19BDF6547BA5&ply_type=2&policy=2&signature=a27d22e811abbdc4435d1ab5099a9e5e&tk=tt_chain_token&__vid=TT-vCache-7340879659338435886
video/mp4,bytesbytes 0-614399/1132511,1711902217.172818,1711902217.174448,1711902217.300603,1711902217.379294,dump,video,/video/tos/useast5/tos-useast5-ve-0068c003-tx/o8EesCREQDAf1INAglKgUulPSBFsCNoDBkxWui/?a=1988&bti=NDU3ZjAwOg%3D%3D&ch=0&cr=3&dr=0&lr=unwatermarked&cd=0%7C0%7C0%7C&cv=1&br=672&bt=336&cs=0&ds=6&ft=4KJMyMzm8Zmo0xAj1-4jVVxZdpWrKsd.&mime_type=video_mp4&qs=0&rc=Omk6Omk2ZjplOGZpZTU1NkBpajRyZGs5cjg0cDMzZzczNEA1MzMxLmE2XjAxYzZeYTU0YSNfY2Y2MmRramRgLS1kMS9zcw%3D%3D&btag=e00088000&expire=1712074976&l=202403311622292215EA4F19BDF6547BA5&ply_type=2&policy=2&signature=bc70d0ebc433bdb0caea0b200e78b3c6&tk=tt_chain_token&__vid=TT-vCache-7322883361536511275
video/mp4,bytesbytes 614400-995620/1132511,1711902217.4026399,1711902217.403456,1711902217.426956,1711902217.47542,dump,video,/video/tos/useast5/tos-useast5-ve-0068c003-tx/o8EesCREQDAf1INAglKgUulPSBFsCNoDBkxWui/?a=1988&bti=NDU3ZjAwOg%3D%3D&ch=0&cr=3&dr=0&lr=unwatermarked&cd=0%7C0%7C0%7C&cv=1&br=672&bt=336&cs=0&ds=6&ft=4KJMyMzm8Zmo0xAj1-4jVVxZdpWrKsd.&mime_type=video_mp4&qs=0&rc=Omk6Omk2ZjplOGZpZTU1NkBpajRyZGs5cjg0cDMzZzczNEA1MzMxLmE2XjAxYzZeYTU0YSNfY2Y2MmRramRgLS1kMS9zcw%3D%3D&btag=e00088000&expire=1712074976&l=202403311622292215EA4F19BDF6547BA5&ply_type=2&policy=2&signature=bc70d0ebc433bdb0caea0b200e78b3c6&tk=tt_chain_token&__vid=TT-vCache-7322883361536511275
video/mp4,bytesbytes 2663632-4182008/22328058,1711902221.878714,1711902221.879154,1711902221.9626691,1711902222.333481,dump,video,/video/tos/useast5/tos-useast5-ve-0068c001-tx/oMEAVZJvzxcyiBA5IVoCIF3BwisCp8QXmQf2ES/?a=1988&bti=NDU3ZjAwOg%3D%3D&ch=0&cr=3&dr=0&lr=unwatermarked&cd=0%7C0%7C0%7C&cv=1&br=1472&bt=736&cs=0&ds=6&ft=4KJMyMzm8Zmo0xAj1-4jVVxZdpWrKsd.&mime_type=video_mp4&qs=0&rc=ZWk8aWg3NjQ5Ozk8Ozo0Z0BpM3E0OHM5cjxrcTMzZzczNEBhY2M0NF4xXjQxY18yYGIvYSMuZ25nMmRrXmxgLS1kMS9zcw%3D%3D&btag=e00098000&expire=1712075186&l=202403311622292215EA4F19BDF6547BA5&ply_type=2&policy=2&signature=ce0d6db6f547cba21b1907090e35f5f2&tk=tt_chain_token&__vid=TT-vCache-7345676830508059946
video/mp4,bytesbytes 0-614399/855667,1711902227.1866088,1711902227.187729,1711902227.35433,1711902227.431419,dump,video,/video/tos/useast5/tos-useast5-pve-0068-tx/oYRBHFDzNfKfO6tizl5oAKS0NnIEEDnFDDMcEg/?a=1988&bti=NDU3ZjAwOg%3D%3D&ch=0&cr=3&dr=0&lr=unwatermarked&cd=0%7C0%7C0%7C&cv=1&br=2370&bt=1185&cs=0&ds=6&ft=4KJMyMzm8Zmo0xAj1-4jVVxZdpWrKsd.&mime_type=video_mp4&qs=0&rc=N2lnNDdpOTdkODs7PDNkPEBpM3ZwcXc5cmw2cDMzZzczNEBfXjUxNjAzXjAxLi8uNjQyYSMyYmw1MmRrMG5gLS1kMS9zcw%3D%3D&btag=e00088000&expire=1712074955&l=202403311622292215EA4F19BDF6547BA5&ply_type=2&policy=2&signature=27121ea3cc3d0c97c1860dcb82f012c1&tk=tt_chain_token&__vid=TT-vCache-7328538705755426094
video/mp4,bytesbytes 614400-855337/855667,1711902227.446412,1711902227.4475431,1711902227.475528,1711902227.5079648,dump,video,/video/tos/useast5/tos-useast5-pve-0068-tx/oYRBHFDzNfKfO6tizl5oAKS0NnIEEDnFDDMcEg/?a=1988&bti=NDU3ZjAwOg%3D%3D&ch=0&cr=3&dr=0&lr=unwatermarked&cd=0%7C0%7C0%7C&cv=1&br=2370&bt=1185&cs=0&ds=6&ft=4KJMyMzm8Zmo0xAj1-4jVVxZdpWrKsd.&mime_type=video_mp4&qs=0&rc=N2lnNDdpOTdkODs7PDNkPEBpM3ZwcXc5cmw2cDMzZzczNEBfXjUxNjAzXjAxLi8uNjQyYSMyYmw1MmRrMG5gLS1kMS9zcw%3D%3D&btag=e00088000&expire=1712074955&l=202403311622292215EA4F19BDF6547BA5&ply_type=2&policy=2&signature=27121ea3cc3d0c97c1860dcb82f012c1&tk=tt_chain_token&__vid=TT-vCache-7328538705755426094
video/mp4,bytesbytes 855338-855666/855667,1711902227.527819,1711902227.5289578,1711902227.560239,1711902227.5614238,dump,video,/video/tos/useast5/tos-useast5-pve-0068-tx/oYRBHFDzNfKfO6tizl5oAKS0NnIEEDnFDDMcEg/?a=1988&bti=NDU3ZjAwOg%3D%3D&ch=0&cr=3&dr=0&lr=unwatermarked&cd=0%7C0%7C0%7C&cv=1&br=2370&bt=1185&cs=0&ds=6&ft=4KJMyMzm8Zmo0xAj1-4jVVxZdpWrKsd.&mime_type=video_mp4&qs=0&rc=N2lnNDdpOTdkODs7PDNkPEBpM3ZwcXc5cmw2cDMzZzczNEBfXjUxNjAzXjAxLi8uNjQyYSMyYmw1MmRrMG5gLS1kMS9zcw%3D%3D&btag=e00088000&expire=1712074955&l=202403311622292215EA4F19BDF6547BA5&ply_type=2&policy=2&signature=27121ea3cc3d0c97c1860dcb82f012c1&tk=tt_chain_token&__vid=TT-vCache-7328538705755426094
video/mp4,bytesbytes 0-614399/906068,1711902237.205663,1711902237.206988,1711902237.318314,1711902237.398056,dump,video,/video/tos/useast5/tos-useast5-pve-0068-tx/o0icV0ICIBAvSETtNy1wxhN4pAijtJeB0EGrD1/?a=1988&bti=NDU3ZjAwOg%3D%3D&ch=0&cr=3&dr=0&lr=unwatermarked&cd=0%7C0%7C0%7C&cv=1&br=1508&bt=754&cs=0&ds=6&ft=4KJMyMzm8Zmo0xAj1-4jVVxZdpWrKsd.&mime_type=video_mp4&qs=0&rc=ODRmNmk1N2k8NmQzOTZmZEBpamdxdm85cmVscTMzZzczNEBhYzYtYDBjNWExXzQvYl41YSNkZV4zMmRrNGpgLS1kMS9zcw%3D%3D&btag=e00088000&expire=1712074959&l=202403311622292215EA4F19BDF6547BA5&ply_type=2&policy=2&signature=64a1fc6edcf0cd358defd204bef00c3c&tk=tt_chain_token&__vid=TT-vCache-7344567306141371691
video/mp4,bytesbytes 614400-905745/906068,1711902237.4219148,1711902237.423778,1711902237.4596338,1711902237.511531,dump,video,/video/tos/useast5/tos-useast5-pve-0068-tx/o0icV0ICIBAvSETtNy1wxhN4pAijtJeB0EGrD1/?a=1988&bti=NDU3ZjAwOg%3D%3D&ch=0&cr=3&dr=0&lr=unwatermarked&cd=0%7C0%7C0%7C&cv=1&br=1508&bt=754&cs=0&ds=6&ft=4KJMyMzm8Zmo0xAj1-4jVVxZdpWrKsd.&mime_type=video_mp4&qs=0&rc=ODRmNmk1N2k8NmQzOTZmZEBpamdxdm85cmVscTMzZzczNEBhYzYtYDBjNWExXzQvYl41YSNkZV4zMmRrNGpgLS1kMS9zcw%3D%3D&btag=e00088000&expire=1712074959&l=202403311622292215EA4F19BDF6547BA5&ply_type=2&policy=2&signature=64a1fc6edcf0cd358defd204bef00c3c&tk=tt_chain_token&__vid=TT-vCache-7344567306141371691
video/mp4,bytesbytes 905746-906067/906068,1711902237.52402,1711902237.524988,1711902237.561213,1711902237.561887,dump,video,/video/tos/useast5/tos-useast5-pve-0068-tx/o0icV0ICIBAvSETtNy1wxhN4pAijtJeB0EGrD1/?a=1988&bti=NDU3ZjAwOg%3D%3D&ch=0&cr=3&dr=0&lr=unwatermarked&cd=0%7C0%7C0%7C&cv=1&br=1508&bt=754&cs=0&ds=6&ft=4KJMyMzm8Zmo0xAj1-4jVVxZdpWrKsd.&mime_type=video_mp4&qs=0&rc=ODRmNmk1N2k8NmQzOTZmZEBpamdxdm85cmVscTMzZzczNEBhYzYtYDBjNWExXzQvYl41YSNkZV4zMmRrNGpgLS1kMS9zcw%3D%3D&btag=e00088000&expire=1712074959&l=202403311622292215EA4F19BDF6547BA5&ply_type=2&policy=2&signature=64a1fc6edcf0cd358defd204bef00c3c&tk=tt_chain_token&__vid=TT-vCache-7344567306141371691
video/mp4,bytesbytes 995621-1132323/1132511,1711902241.898392,1711902241.898786,1711902241.913891,1711902241.935452,dump,video,/video/tos/useast5/tos-useast5-ve-0068c003-tx/o8EesCREQDAf1INAglKgUulPSBFsCNoDBkxWui/?a=1988&bti=NDU3ZjAwOg%3D%3D&ch=0&cr=3&dr=0&lr=unwatermarked&cd=0%7C0%7C0%7C&cv=1&br=672&bt=336&cs=0&ds=6&ft=4KJMyMzm8Zmo0xAj1-4jVVxZdpWrKsd.&mime_type=video_mp4&qs=0&rc=Omk6Omk2ZjplOGZpZTU1NkBpajRyZGs5cjg0cDMzZzczNEA1MzMxLmE2XjAxYzZeYTU0YSNfY2Y2MmRramRgLS1kMS9zcw%3D%3D&btag=e00088000&expire=1712074976&l=202403311622292215EA4F19BDF6547BA5&ply_type=2&policy=2&signature=bc70d0ebc433bdb0caea0b200e78b3c6&tk=tt_chain_token&__vid=TT-vCache-7322883361536511275
video/mp4,bytesbytes 1132324-1132510/1132511,1711902241.9794402,1711902241.9797819,1711902242.0091,1711902242.015216,dump,video,/video/tos/useast5/tos-useast5-ve-0068c003-tx/o8EesCREQDAf1INAglKgUulPSBFsCNoDBkxWui/?a=1988&bti=NDU3ZjAwOg%3D%3D&ch=0&cr=3&dr=0&lr=unwatermarked&cd=0%7C0%7C0%7C&cv=1&br=672&bt=336&cs=0&ds=6&ft=4KJMyMzm8Zmo0xAj1-4jVVxZdpWrKsd.&mime_type=video_mp4&qs=0&rc=Omk6Omk2ZjplOGZpZTU1NkBpajRyZGs5cjg0cDMzZzczNEA1MzMxLmE2XjAxYzZeYTU0YSNfY2Y2MmRramRgLS1kMS9zcw%3D%3D&btag=e00088000&expire=1712074976&l=202403311622292215EA4F19BDF6547BA5&ply_type=2&policy=2&signature=bc70d0ebc433bdb0caea0b200e78b3c6&tk=tt_chain_token&__vid=TT-vCache-7322883361536511275
video/mp4,bytesbytes 0-614399/24333760,1711902267.035125,1711902267.035648,1711902267.214571,1711902267.299179,dump,video,/video/tos/useast5/tos-useast5-ve-0068c001-tx/o0sLCWfcIlyLrfwAJAdg1og0jK8bGHBUIetRik/?a=1988&bti=NDU3ZjAwOg%3D%3D&ch=0&cr=3&dr=0&lr=unwatermarked&cd=0%7C0%7C0%7C&cv=1&br=5678&bt=2839&cs=0&ds=6&ft=4KJMyMzm8Zmo0ZSj1-4jVinrdpWrKsd.&mime_type=video_mp4&qs=0&rc=OWdkZ2c2NmhoZGc2ZDVpN0BpM3J1Nm85cm5wcTMzZzczNEAxXjEzLTMxNmIxNjM2MzEwYSNpaWwxMmRrL2lgLS1kMS9zcw%3D%3D&btag=e00090000&expire=1712075118&l=20240331162411B57A3F3C93792F531F46&ply_type=2&policy=2&signature=add46f0a798e7998db056d46c5f1d561&tk=tt_chain_token&__vid=TT-vCache-7344070572000759082
video/mp4,bytesbytes 614400-3846556/24333760,1711902267.317577,1711902267.318528,1711902267.341114,1711902267.784056,dump,video,/video/tos/useast5/tos-useast5-ve-0068c001-tx/o0sLCWfcIlyLrfwAJAdg1og0jK8bGHBUIetRik/?a=1988&bti=NDU3ZjAwOg%3D%3D&ch=0&cr=3&dr=0&lr=unwatermarked&cd=0%7C0%7C0%7C&cv=1&br=5678&bt=2839&cs=0&ds=6&ft=4KJMyMzm8Zmo0ZSj1-4jVinrdpWrKsd.&mime_type=video_mp4&qs=0&rc=OWdkZ2c2NmhoZGc2ZDVpN0BpM3J1Nm85cm5wcTMzZzczNEAxXjEzLTMxNmIxNjM2MzEwYSNpaWwxMmRrL2lgLS1kMS9zcw%3D%3D&btag=e00090000&expire=1712075118&l=20240331162411B57A3F3C93792F531F46&ply_type=2&policy=2&signature=add46f0a798e7998db056d46c5f1d561&tk=tt_chain_token&__vid=TT-vCache-7344070572000759082
video/mp4,bytesbytes 3846557-10655842/24333760,1711902267.823273,1711902267.8240352,1711902267.8665679,1711902268.797579,dump,video,/video/tos/useast5/tos-useast5-ve-0068c001-tx/o0sLCWfcIlyLrfwAJAdg1og0jK8bGHBUIetRik/?a=1988&bti=NDU3ZjAwOg%3D%3D&ch=0&cr=3&dr=0&lr=unwatermarked&cd=0%7C0%7C0%7C&cv=1&br=5678&bt=2839&cs=0&ds=6&ft=4KJMyMzm8Zmo0ZSj1-4jVinrdpWrKsd.&mime_type=video_mp4&qs=0&rc=OWdkZ2c2NmhoZGc2ZDVpN0BpM3J1Nm85cm5wcTMzZzczNEAxXjEzLTMxNmIxNjM2MzEwYSNpaWwxMmRrL2lgLS1kMS9zcw%3D%3D&btag=e00090000&expire=1712075118&l=20240331162411B57A3F3C93792F531F46&ply_type=2&policy=2&signature=add46f0a798e7998db056d46c5f1d561&tk=tt_chain_token&__vid=TT-vCache-7344070572000759082
video/mp4,bytesbytes 0-614399/2156040,1711902268.853108,1711902268.853697,1711902268.937662,1711902269.016958,dump,video,/video/tos/useast5/tos-useast5-pve-0068-tx/o4nwpA8ekuEQfbrnEFAeIjXQdJC3DLcTMbHNCH/?a=1988&bti=NDU3ZjAwOg%3D%3D&ch=0&cr=3&dr=0&lr=unwatermarked&cd=0%7C0%7C0%7C&cv=1&br=3978&bt=1989&cs=0&ds=6&ft=4KJMyMzm8Zmo0ZSj1-4jVinrdpWrKsd.&mime_type=video_mp4&qs=0&rc=M2Y1OzM5NWg4NzxnZzw7NEBpanV3NHc5cnI5cTMzZzgzNEAtLTQxMi4yXmMxNWAyYy5fYSNzMHE0MmRrbWJgLS1kLy9zcw%3D%3D&btag=e00088000&expire=1712075060&l=20240331162411B57A3F3C93792F531F46&ply_type=2&policy=2&signature=52883635ef04b912beb303d7b6ac901d&tk=tt_chain_token&__vid=TT-vCache-7339861506864991530
video/mp4,bytesbytes 614400-631897/2156040,1711902269.02905,1711902269.030878,1711902269.056174,1711902269.05734,dump,video,/video/tos/useast5/tos-useast5-pve-0068-tx/o4nwpA8ekuEQfbrnEFAeIjXQdJC3DLcTMbHNCH/?a=1988&bti=NDU3ZjAwOg%3D%3D&ch=0&cr=3&dr=0&lr=unwatermarked&cd=0%7C0%7C0%7C&cv=1&br=3978&bt=1989&cs=0&ds=6&ft=4KJMyMzm8Zmo0ZSj1-4jVinrdpWrKsd.&mime_type=video_mp4&qs=0&rc=M2Y1OzM5NWg4NzxnZzw7NEBpanV3NHc5cnI5cTMzZzgzNEAtLTQxMi4yXmMxNWAyYy5fYSNzMHE0MmRrbWJgLS1kLy9zcw%3D%3D&btag=e00088000&expire=1712075060&l=20240331162411B57A3F3C93792F531F46&ply_type=2&policy=2&signature=52883635ef04b912beb303d7b6ac901d&tk=tt_chain_token&__vid=TT-vCache-7339861506864991530
video/mp4,bytesbytes 631898-2155869/2156040,1711902269.070876,1711902269.0726452,1711902269.094908,1711902269.298469,dump,video,/video/tos/useast5/tos-useast5-pve-0068-tx/o4nwpA8ekuEQfbrnEFAeIjXQdJC3DLcTMbHNCH/?a=1988&bti=NDU3ZjAwOg%3D%3D&ch=0&cr=3&dr=0&lr=unwatermarked&cd=0%7C0%7C0%7C&cv=1&br=3978&bt=1989&cs=0&ds=6&ft=4KJMyMzm8Zmo0ZSj1-4jVinrdpWrKsd.&mime_type=video_mp4&qs=0&rc=M2Y1OzM5NWg4NzxnZzw7NEBpanV3NHc5cnI5cTMzZzgzNEAtLTQxMi4yXmMxNWAyYy5fYSNzMHE0MmRrbWJgLS1kLy9zcw%3D%3D&btag=e00088000&expire=1712075060&l=20240331162411B57A3F3C93792F531F46&ply_type=2&policy=2&signature=52883635ef04b912beb303d7b6ac901d&tk=tt_chain_token&__vid=TT-vCache-7339861506864991530
video/mp4,bytesbytes 2155870-2156039/2156040,1711902269.3239949,1711902269.3248472,1711902269.3447769,1711902269.3453262,dump,video,/video/tos/useast5/tos-useast5-pve-0068-tx/o4nwpA8ekuEQfbrnEFAeIjXQdJC3DLcTMbHNCH/?a=1988&bti=NDU3ZjAwOg%3D%3D&ch=0&cr=3&dr=0&lr=unwatermarked&cd=0%7C0%7C0%7C&cv=1&br=3978&bt=1989&cs=0&ds=6&ft=4KJMyMzm8Zmo0ZSj1-4jVinrdpWrKsd.&mime_type=video_mp4&qs=0&rc=M2Y1OzM5NWg4NzxnZzw7NEBpanV3NHc5cnI5cTMzZzgzNEAtLTQxMi4yXmMxNWAyYy5fYSNzMHE0MmRrbWJgLS1kLy9zcw%3D%3D&btag=e00088000&expire=1712075060&l=20240331162411B57A3F3C93792F531F46&ply_type=2&policy=2&signature=52883635ef04b912beb303d7b6ac901d&tk=tt_chain_token&__vid=TT-vCache-7339861506864991530
video/mp4,bytesbytes 0-614399/1232189,1711902269.360767,1711902269.362033,1711902269.4437308,1711902269.525106,dump,video,/video/tos/useast2a/tos-useast2a-ve-0068c001/owAZDXURVEfJgAGuWDiAfXQFceMRhwAfb85LKk/?a=1988&bti=NDU3ZjAwOg%3D%3D&ch=0&cr=3&dr=0&lr=unwatermarked&cd=0%7C0%7C0%7C&cv=1&br=2504&bt=1252&cs=0&ds=6&ft=4KJMyMzm8Zmo0ZSj1-4jVinrdpWrKsd.&mime_type=video_mp4&qs=0&rc=ZWVpZTdkMzxkNGg7ZDQ1ZEBpajc0cXQ5cjRpcTMzNzczM0AxMl5eMV8wXy8xNGBeM2MzYSM0aWJtMmRja2xgLS1kMTZzcw%3D%3D&btag=e00088000&expire=1712075059&l=20240331162411B57A3F3C93792F531F46&ply_type=2&policy=2&signature=ff53e2625fb5c87fe4c24f24f12a5084&tk=tt_chain_token&__vid=TT-vCache-7345648373321501957
video/mp4,bytesbytes 614400-1231881/1232189,1711902269.5409029,1711902269.542298,1711902269.570285,1711902269.651734,dump,video,/video/tos/useast2a/tos-useast2a-ve-0068c001/owAZDXURVEfJgAGuWDiAfXQFceMRhwAfb85LKk/?a=1988&bti=NDU3ZjAwOg%3D%3D&ch=0&cr=3&dr=0&lr=unwatermarked&cd=0%7C0%7C0%7C&cv=1&br=2504&bt=1252&cs=0&ds=6&ft=4KJMyMzm8Zmo0ZSj1-4jVinrdpWrKsd.&mime_type=video_mp4&qs=0&rc=ZWVpZTdkMzxkNGg7ZDQ1ZEBpajc0cXQ5cjRpcTMzNzczM0AxMl5eMV8wXy8xNGBeM2MzYSM0aWJtMmRja2xgLS1kMTZzcw%3D%3D&btag=e00088000&expire=1712075059&l=20240331162411B57A3F3C93792F531F46&ply_type=2&policy=2&signature=ff53e2625fb5c87fe4c24f24f12a5084&tk=tt_chain_token&__vid=TT-vCache-7345648373321501957
video/mp4,bytesbytes 1231882-1232188/1232189,1711902269.6733298,1711902269.6750689,1711902269.71315,1711902269.716387,dump,video,/video/tos/useast2a/tos-useast2a-ve-0068c001/owAZDXURVEfJgAGuWDiAfXQFceMRhwAfb85LKk/?a=1988&bti=NDU3ZjAwOg%3D%3D&ch=0&cr=3&dr=0&lr=unwatermarked&cd=0%7C0%7C0%7C&cv=1&br=2504&bt=1252&cs=0&ds=6&ft=4KJMyMzm8Zmo0ZSj1-4jVinrdpWrKsd.&mime_type=video_mp4&qs=0&rc=ZWVpZTdkMzxkNGg7ZDQ1ZEBpajc0cXQ5cjRpcTMzNzczM0AxMl5eMV8wXy8xNGBeM2MzYSM0aWJtMmRja2xgLS1kMTZzcw%3D%3D&btag=e00088000&expire=1712075059&l=20240331162411B57A3F3C93792F531F46&ply_type=2&policy=2&signature=ff53e2625fb5c87fe4c24f24f12a5084&tk=tt_chain_token&__vid=TT-vCache-7345648373321501957
video/mp4,bytesbytes 10655843-17856366/24333760,1711902271.997024,1711902271.997683,1711902272.041715,1711902273.0100842,dump,video,/video/tos/useast5/tos-useast5-ve-0068c001-tx/o0sLCWfcIlyLrfwAJAdg1og0jK8bGHBUIetRik/?a=1988&bti=NDU3ZjAwOg%3D%3D&ch=0&cr=3&dr=0&lr=unwatermarked&cd=0%7C0%7C0%7C&cv=1&br=5678&bt=2839&cs=0&ds=6&ft=4KJMyMzm8Zmo0ZSj1-4jVinrdpWrKsd.&mime_type=video_mp4&qs=0&rc=OWdkZ2c2NmhoZGc2ZDVpN0BpM3J1Nm85cm5wcTMzZzczNEAxXjEzLTMxNmIxNjM2MzEwYSNpaWwxMmRrL2lgLS1kMS9zcw%3D%3D&btag=e00090000&expire=1712075118&l=20240331162411B57A3F3C93792F531F46&ply_type=2&policy=2&signature=add46f0a798e7998db056d46c5f1d561&tk=tt_chain_token&__vid=TT-vCache-7344070572000759082
video/mp4,bytesbytes 0-614399/9755853,1711902277.193268,1711902277.1941571,1711902277.2453198,1711902277.3243752,dump,video,/video/tos/useast8/tos-useast8-ve-0068c004-tx2/oYQtIgImjUOWASGLQLejex6eICDIJISAqxqUCo/?a=1988&bti=NDU3ZjAwOg%3D%3D&ch=0&cr=3&dr=0&lr=unwatermarked&cd=0%7C0%7C0%7C&cv=1&br=2118&bt=1059&cs=0&ds=6&ft=4KJMyMzm8Zmo0ZSj1-4jVinrdpWrKsd.&mime_type=video_mp4&qs=0&rc=ZjZnOmc6ZDNnM2g2aWQ1aUBpM3J3Nmo5cmtvcDMzaTczNEAtYS1iMWM0NmExMF9hXzVeYSNmZWxuMmQ0LWpgLS1kMTJzcw%3D%3D&btag=e00090000&expire=1712075123&l=20240331162411B57A3F3C93792F531F46&ply_type=2&policy=2&signature=1c1e9738a262fe777c2436a4bf722927&tk=tt_chain_token&__vid=TT-vCache-7326601335367830815
video/mp4,bytesbytes 614400-1574843/9755853,1711902277.349427,1711902277.350345,1711902277.382627,1711902277.517097,dump,video,/video/tos/useast8/tos-useast8-ve-0068c004-tx2/oYQtIgImjUOWASGLQLejex6eICDIJISAqxqUCo/?a=1988&bti=NDU3ZjAwOg%3D%3D&ch=0&cr=3&dr=0&lr=unwatermarked&cd=0%7C0%7C0%7C&cv=1&br=2118&bt=1059&cs=0&ds=6&ft=4KJMyMzm8Zmo0ZSj1-4jVinrdpWrKsd.&mime_type=video_mp4&qs=0&rc=ZjZnOmc6ZDNnM2g2aWQ1aUBpM3J3Nmo5cmtvcDMzaTczNEAtYS1iMWM0NmExMF9hXzVeYSNmZWxuMmQ0LWpgLS1kMTJzcw%3D%3D&btag=e00090000&expire=1712075123&l=20240331162411B57A3F3C93792F531F46&ply_type=2&policy=2&signature=1c1e9738a262fe777c2436a4bf722927&tk=tt_chain_token&__vid=TT-vCache-7326601335367830815
video/mp4,bytesbytes 0-614399/1761822,1711902287.2194738,1711902287.2208178,1711902287.3320918,1711902287.412727,dump,video,/video/tos/useast5/tos-useast5-ve-0068c002-tx/oMZQBucjpmBxiQoIBgKRXg7hEKYEAvi4yUcPr/?a=1988&bti=NDU3ZjAwOg%3D%3D&ch=0&cr=3&dr=0&lr=unwatermarked&cd=0%7C0%7C0%7C&cv=1&br=1622&bt=811&cs=0&ds=6&ft=4KJMyMzm8Zmo0ZSj1-4jVinrdpWrKsd.&mime_type=video_mp4&qs=0&rc=OTM7N2U0ZGk5NDw7NDpoZEBpanZ2c3U5cmk5cTMzZzczNEA2X14xYjIvNS0xX181MmFhYSNkaGY1MmRrLTJgLS1kMS9zcw%3D%3D&btag=e00088000&expire=1712075068&l=20240331162411B57A3F3C93792F531F46&ply_type=2&policy=2&signature=da1ee1ba7a868d15f6b80daf63acdc22&tk=tt_chain_token&__vid=TT-vCache-7334781383081987371
video/mp4,bytesbytes 614400-1647918/1761822,1711902287.4364328,1711902287.4378161,1711902287.460028,1711902287.597897,dump,video,/video/tos/useast5/tos-useast5-ve-0068c002-tx/oMZQBucjpmBxiQoIBgKRXg7hEKYEAvi4yUcPr/?a=1988&bti=NDU3ZjAwOg%3D%3D&ch=0&cr=3&dr=0&lr=unwatermarked&cd=0%7C0%7C0%7C&cv=1&br=1622&bt=811&cs=0&ds=6&ft=4KJMyMzm8Zmo0ZSj1-4jVinrdpWrKsd.&mime_type=video_mp4&qs=0&rc=OTM7N2U0ZGk5NDw7NDpoZEBpanZ2c3U5cmk5cTMzZzczNEA2X14xYjIvNS0xX181MmFhYSNkaGY1MmRrLTJgLS1kMS9zcw%3D%3D&btag=e00088000&expire=1712075068&l=20240331162411B57A3F3C93792F531F46&ply_type=2&policy=2&signature=da1ee1ba7a868d15f6b80daf63acdc22&tk=tt_chain_token&__vid=TT-vCache-7334781383081987371
video/mp4,bytesbytes 1574844-3630998/9755853,1711902301.951191,1711902301.9515488,1711902301.9691231,1711902302.249878,dump,video,/video/tos/useast8/tos-useast8-ve-0068c004-tx2/oYQtIgImjUOWASGLQLejex6eICDIJISAqxqUCo/?a=1988&bti=NDU3ZjAwOg%3D%3D&ch=0&cr=3&dr=0&lr=unwatermarked&cd=0%7C0%7C0%7C&cv=1&br=2118&bt=1059&cs=0&ds=6&ft=4KJMyMzm8Zmo0ZSj1-4jVinrdpWrKsd.&mime_type=video_mp4&qs=0&rc=ZjZnOmc6ZDNnM2g2aWQ1aUBpM3J3Nmo5cmtvcDMzaTczNEAtYS1iMWM0NmExMF9hXzVeYSNmZWxuMmQ0LWpgLS1kMTJzcw%3D%3D&btag=e00090000&expire=1712075123&l=20240331162411B57A3F3C93792F531F46&ply_type=2&policy=2&signature=1c1e9738a262fe777c2436a4bf722927&tk=tt_chain_token&__vid=TT-vCache-7326601335367830815
video/mp4,bytesbytes 3630999-4957892/9755853,1711902302.332766,1711902302.333751,1711902302.368167,1711902302.5732858,dump,video,/video/tos/useast8/tos-useast8-ve-0068c004-tx2/oYQtIgImjUOWASGLQLejex6eICDIJISAqxqUCo/?a=1988&bti=NDU3ZjAwOg%3D%3D&ch=0&cr=3&dr=0&lr=unwatermarked&cd=0%7C0%7C0%7C&cv=1&br=2118&bt=1059&cs=0&ds=6&ft=4KJMyMzm8Zmo0ZSj1-4jVinrdpWrKsd.&mime_type=video_mp4&qs=0&rc=ZjZnOmc6ZDNnM2g2aWQ1aUBpM3J3Nmo5cmtvcDMzaTczNEAtYS1iMWM0NmExMF9hXzVeYSNmZWxuMmQ0LWpgLS1kMTJzcw%3D%3D&btag=e00090000&expire=1712075123&l=20240331162411B57A3F3C93792F531F46&ply_type=2&policy=2&signature=1c1e9738a262fe777c2436a4bf722927&tk=tt_chain_token&__vid=TT-vCache-7326601335367830815
video/mp4,bytesbytes 4957893-6644986/9755853,1711902310.269963,1711902310.2711942,1711902310.294858,1711902310.525692,dump,video,/video/tos/useast8/tos-useast8-ve-0068c004-tx2/oYQtIgImjUOWASGLQLejex6eICDIJISAqxqUCo/?a=1988&bti=NDU3ZjAwOg%3D%3D&ch=0&cr=3&dr=0&lr=unwatermarked&cd=0%7C0%7C0%7C&cv=1&br=2118&bt=1059&cs=0&ds=6&ft=4KJMyMzm8Zmo0ZSj1-4jVinrdpWrKsd.&mime_type=video_mp4&qs=0&rc=ZjZnOmc6ZDNnM2g2aWQ1aUBpM3J3Nmo5cmtvcDMzaTczNEAtYS1iMWM0NmExMF9hXzVeYSNmZWxuMmQ0LWpgLS1kMTJzcw%3D%3D&btag=e00090000&expire=1712075123&l=20240331162411B57A3F3C93792F531F46&ply_type=2&policy=2&signature=1c1e9738a262fe777c2436a4bf722927&tk=tt_chain_token&__vid=TT-vCache-7326601335367830815
video/mp4,bytesbytes 1647919-1761473/1761822,1711902312.059809,1711902312.060201,1711902312.117491,1711902312.136058,dump,video,/video/tos/useast5/tos-useast5-ve-0068c002-tx/oMZQBucjpmBxiQoIBgKRXg7hEKYEAvi4yUcPr/?a=1988&bti=NDU3ZjAwOg%3D%3D&ch=0&cr=3&dr=0&lr=unwatermarked&cd=0%7C0%7C0%7C&cv=1&br=1622&bt=811&cs=0&ds=6&ft=4KJMyMzm8Zmo0ZSj1-4jVinrdpWrKsd.&mime_type=video_mp4&qs=0&rc=OTM7N2U0ZGk5NDw7NDpoZEBpanZ2c3U5cmk5cTMzZzczNEA2X14xYjIvNS0xX181MmFhYSNkaGY1MmRrLTJgLS1kMS9zcw%3D%3D&btag=e00088000&expire=1712075068&l=20240331162411B57A3F3C93792F531F46&ply_type=2&policy=2&signature=da1ee1ba7a868d15f6b80daf63acdc22&tk=tt_chain_token&__vid=TT-vCache-7334781383081987371
video/mp4,bytesbytes 1761474-1761821/1761822,1711902312.14539,1711902312.145906,1711902312.172142,1711902312.179646,dump,video,/video/tos/useast5/tos-useast5-ve-0068c002-tx/oMZQBucjpmBxiQoIBgKRXg7hEKYEAvi4yUcPr/?a=1988&bti=NDU3ZjAwOg%3D%3D&ch=0&cr=3&dr=0&lr=unwatermarked&cd=0%7C0%7C0%7C&cv=1&br=1622&bt=811&cs=0&ds=6&ft=4KJMyMzm8Zmo0ZSj1-4jVinrdpWrKsd.&mime_type=video_mp4&qs=0&rc=OTM7N2U0ZGk5NDw7NDpoZEBpanZ2c3U5cmk5cTMzZzczNEA2X14xYjIvNS0xX181MmFhYSNkaGY1MmRrLTJgLS1kMS9zcw%3D%3D&btag=e00088000&expire=1712075068&l=20240331162411B57A3F3C93792F531F46&ply_type=2&policy=2&signature=da1ee1ba7a868d15f6b80daf63acdc22&tk=tt_chain_token&__vid=TT-vCache-7334781383081987371
video/mp4,bytesbytes 0-614399/1466595,1711902317.170399,1711902317.1710489,1711902317.265225,1711902317.3478541,dump,video,/video/tos/useast5/tos-useast5-pve-0068-tx/oEPySVKjBkBfMyAivYihRIZaBqBGEwA9JbQpbA/?a=1988&bti=NDU3ZjAwOg%3D%3D&ch=0&cr=3&dr=0&lr=unwatermarked&cd=0%7C0%7C0%7C&cv=1&br=2864&bt=1432&cs=0&ds=6&ft=4KJMyMzm8Zmo0C2j1-4jV~LbdpWrKsd.&mime_type=video_mp4&qs=0&rc=ODY1aTQ4ODY0ZTlnNGZpZEBpM3Vra3c5cms5cTMzZzgzNEBhMTFgLTQyNV8xLy8wLjEuYSNpXmVhMmQ0L21gLS1kLy9zcw%3D%3D&btag=e00088000&expire=1712075109&l=202403311625018D38710A0F42BF554621&ply_type=2&policy=2&signature=35e6008e2b4a0f238f6469b36ed78f0d&tk=tt_chain_token&__vid=TT-vCache-7346041202250222890
video/mp4,bytesbytes 614400-917801/1466595,1711902317.3633869,1711902317.3648388,1711902317.390243,1711902317.42867,dump,video,/video/tos/useast5/tos-useast5-pve-0068-tx/oEPySVKjBkBfMyAivYihRIZaBqBGEwA9JbQpbA/?a=1988&bti=NDU3ZjAwOg%3D%3D&ch=0&cr=3&dr=0&lr=unwatermarked&cd=0%7C0%7C0%7C&cv=1&br=2864&bt=1432&cs=0&ds=6&ft=4KJMyMzm8Zmo0C2j1-4jV~LbdpWrKsd.&mime_type=video_mp4&qs=0&rc=ODY1aTQ4ODY0ZTlnNGZpZEBpM3Vra3c5cms5cTMzZzgzNEBhMTFgLTQyNV8xLy8wLjEuYSNpXmVhMmQ0L21gLS1kLy9zcw%3D%3D&btag=e00088000&expire=1712075109&l=202403311625018D38710A0F42BF554621&ply_type=2&policy=2&signature=35e6008e2b4a0f238f6469b36ed78f0d&tk=tt_chain_token&__vid=TT-vCache-7346041202250222890
video/mp4,bytesbytes 917802-1466232/1466595,1711902317.444698,1711902317.445577,1711902317.4674492,1711902317.545589,dump,video,/video/tos/useast5/tos-useast5-pve-0068-tx/oEPySVKjBkBfMyAivYihRIZaBqBGEwA9JbQpbA/?a=1988&bti=NDU3ZjAwOg%3D%3D&ch=0&cr=3&dr=0&lr=unwatermarked&cd=0%7C0%7C0%7C&cv=1&br=2864&bt=1432&cs=0&ds=6&ft=4KJMyMzm8Zmo0C2j1-4jV~LbdpWrKsd.&mime_type=video_mp4&qs=0&rc=ODY1aTQ4ODY0ZTlnNGZpZEBpM3Vra3c5cms5cTMzZzgzNEBhMTFgLTQyNV8xLy8wLjEuYSNpXmVhMmQ0L21gLS1kLy9zcw%3D%3D&btag=e00088000&expire=1712075109&l=202403311625018D38710A0F42BF554621&ply_type=2&policy=2&signature=35e6008e2b4a0f238f6469b36ed78f0d&tk=tt_chain_token&__vid=TT-vCache-7346041202250222890
video/mp4,bytesbytes 1466233-1466594/1466595,1711902317.562041,1711902317.5630531,1711902317.5875452,1711902317.5969548,dump,video,/video/tos/useast5/tos-useast5-pve-0068-tx/oEPySVKjBkBfMyAivYihRIZaBqBGEwA9JbQpbA/?a=1988&bti=NDU3ZjAwOg%3D%3D&ch=0&cr=3&dr=0&lr=unwatermarked&cd=0%7C0%7C0%7C&cv=1&br=2864&bt=1432&cs=0&ds=6&ft=4KJMyMzm8Zmo0C2j1-4jV~LbdpWrKsd.&mime_type=video_mp4&qs=0&rc=ODY1aTQ4ODY0ZTlnNGZpZEBpM3Vra3c5cms5cTMzZzgzNEBhMTFgLTQyNV8xLy8wLjEuYSNpXmVhMmQ0L21gLS1kLy9zcw%3D%3D&btag=e00088000&expire=1712075109&l=202403311625018D38710A0F42BF554621&ply_type=2&policy=2&signature=35e6008e2b4a0f238f6469b36ed78f0d&tk=tt_chain_token&__vid=TT-vCache-7346041202250222890
video/mp4,bytesbytes 0-614399/4279875,1711902317.658869,1711902317.6604218,1711902317.8122492,1711902317.895573,dump,video,/video/tos/useast5/tos-useast5-pve-0068-tx/o4wloQgsfAQfVNdHgDRlv9B0SEDSFEK0qqIIK8/?a=1988&bti=NDU3ZjAwOg%3D%3D&ch=0&cr=3&dr=0&lr=unwatermarked&cd=0%7C0%7C0%7C&cv=1&br=2574&bt=1287&cs=0&ds=6&ft=4KJMyMzm8Zmo0C2j1-4jV~LbdpWrKsd.&mime_type=video_mp4&qs=0&rc=ZjU3NWU1OTo6NjY5Mzw4OEBpMzs0b3g5cnRkcDMzZzczNEBhYjYzLi1hNTYxYTI0MzNhYSNhaHNeMmQ0M21gLS1kMS9zcw%3D%3D&btag=e00088000&expire=1712075128&l=202403311625018D38710A0F42BF554621&ply_type=2&policy=2&signature=0fbb4ca6bf16961487f8ea97da708b56&tk=tt_chain_token&__vid=TT-vCache-7328101875486575914
video/mp4,bytesbytes 614400-2515046/4279875,1711902317.915978,1711902317.9176881,1711902317.969545,1711902318.233603,dump,video,/video/tos/useast5/tos-useast5-pve-0068-tx/o4wloQgsfAQfVNdHgDRlv9B0SEDSFEK0qqIIK8/?a=1988&bti=NDU3ZjAwOg%3D%3D&ch=0&cr=3&dr=0&lr=unwatermarked&cd=0%7C0%7C0%7C&cv=1&br=2574&bt=1287&cs=0&ds=6&ft=4KJMyMzm8Zmo0C2j1-4jV~LbdpWrKsd.&mime_type=video_mp4&qs=0&rc=ZjU3NWU1OTo6NjY5Mzw4OEBpMzs0b3g5cnRkcDMzZzczNEBhYjYzLi1hNTYxYTI0MzNhYSNhaHNeMmQ0M21gLS1kMS9zcw%3D%3D&btag=e00088000&expire=1712075128&l=202403311625018D38710A0F42BF554621&ply_type=2&policy=2&signature=0fbb4ca6bf16961487f8ea97da708b56&tk=tt_chain_token&__vid=TT-vCache-7328101875486575914
video/mp4,bytesbytes 0-334577/371316,1711902318.2681248,1711902318.268775,1711902318.3748648,1711902318.420773,dump,video,/video/tos/useast8/tos-useast8-pve-0068-tx2/oISEwGDiFqEOlnXZnRFIABwEX9eIEVFfAl5MxE/?a=1988&bti=NDU3ZjAwOg%3D%3D&ch=0&cr=3&dr=0&lr=unwatermarked&cd=0%7C0%7C0%7C&cv=1&br=1044&bt=522&cs=0&ds=6&ft=4KJMyMzm8Zmo0C2j1-4jV~LbdpWrKsd.&mime_type=video_mp4&qs=0&rc=Z2kzNGc2aWUzOzM7NWU5OUBpMzd1c3g5cjZzcDMzaTczNEBeLjAtMGNfNTMxYDItYV82YSMxLWdpMmRrbF9gLS1kMTJzcw%3D%3D&btag=e00088000&expire=1712075107&l=202403311625018D38710A0F42BF554621&ply_type=2&policy=2&signature=df75a245946803249a4a124246297ff9&tk=tt_chain_token&__vid=TT-vCache-7320491352628759839
video/mp4,bytesbytes 334578-371101/371316,1711902318.4302511,1711902318.431736,1711902318.476251,1711902318.481823,dump,video,/video/tos/useast8/tos-useast8-pve-0068-tx2/oISEwGDiFqEOlnXZnRFIABwEX9eIEVFfAl5MxE/?a=1988&bti=NDU3ZjAwOg%3D%3D&ch=0&cr=3&dr=0&lr=unwatermarked&cd=0%7C0%7C0%7C&cv=1&br=1044&bt=522&cs=0&ds=6&ft=4KJMyMzm8Zmo0C2j1-4jV~LbdpWrKsd.&mime_type=video_mp4&qs=0&rc=Z2kzNGc2aWUzOzM7NWU5OUBpMzd1c3g5cjZzcDMzaTczNEBeLjAtMGNfNTMxYDItYV82YSMxLWdpMmRrbF9gLS1kMTJzcw%3D%3D&btag=e00088000&expire=1712075107&l=202403311625018D38710A0F42BF554621&ply_type=2&policy=2&signature=df75a245946803249a4a124246297ff9&tk=tt_chain_token&__vid=TT-vCache-7320491352628759839
video/mp4,bytesbytes 371102-371315/371316,1711902318.495219,1711902318.496358,1711902318.515807,1711902318.51652,dump,video,/video/tos/useast8/tos-useast8-pve-0068-tx2/oISEwGDiFqEOlnXZnRFIABwEX9eIEVFfAl5MxE/?a=1988&bti=NDU3ZjAwOg%3D%3D&ch=0&cr=3&dr=0&lr=unwatermarked&cd=0%7C0%7C0%7C&cv=1&br=1044&bt=522&cs=0&ds=6&ft=4KJMyMzm8Zmo0C2j1-4jV~LbdpWrKsd.&mime_type=video_mp4&qs=0&rc=Z2kzNGc2aWUzOzM7NWU5OUBpMzd1c3g5cjZzcDMzaTczNEBeLjAtMGNfNTMxYDItYV82YSMxLWdpMmRrbF9gLS1kMTJzcw%3D%3D&btag=e00088000&expire=1712075107&l=202403311625018D38710A0F42BF554621&ply_type=2&policy=2&signature=df75a245946803249a4a124246297ff9&tk=tt_chain_token&__vid=TT-vCache-7320491352628759839
video/mp4,bytesbytes 0-614399/2083565,1711902327.340244,1711902327.341789,1711902327.373625,1711902327.454352,dump,video,/video/tos/useast5/tos-useast5-ve-0068c004-tx/oUB90AfEfhGzgI9QcFFWAoKDAEIyDOQCfzeRgn/?a=1988&bti=NDU3ZjAwOg%3D%3D&ch=0&cr=3&dr=0&lr=unwatermarked&cd=0%7C0%7C0%7C&cv=1&br=2170&bt=1085&cs=0&ds=6&ft=4KJMyMzm8Zmo0C2j1-4jV~LbdpWrKsd.&mime_type=video_mp4&qs=0&rc=N2Y7NDs4ZTw1ZWZkaWk7NkBpMzM6N205cndzcDMzZzczNEA0MS1iXy0vXzAxNWAxYDZhYSNlLTRkMmQ0c3JgLS1kMS9zcw%3D%3D&btag=e00088000&expire=1712075117&l=202403311625018D38710A0F42BF554621&ply_type=2&policy=2&signature=026b51fde0e2a58d5c596a191900e629&tk=tt_chain_token&__vid=TT-vCache-7331191721574862123
video/mp4,bytesbytes 614400-1129439/2083565,1711902327.469887,1711902327.471029,1711902327.493087,1711902327.561051,dump,video,/video/tos/useast5/tos-useast5-ve-0068c004-tx/oUB90AfEfhGzgI9QcFFWAoKDAEIyDOQCfzeRgn/?a=1988&bti=NDU3ZjAwOg%3D%3D&ch=0&cr=3&dr=0&lr=unwatermarked&cd=0%7C0%7C0%7C&cv=1&br=2170&bt=1085&cs=0&ds=6&ft=4KJMyMzm8Zmo0C2j1-4jV~LbdpWrKsd.&mime_type=video_mp4&qs=0&rc=N2Y7NDs4ZTw1ZWZkaWk7NkBpMzM6N205cndzcDMzZzczNEA0MS1iXy0vXzAxNWAxYDZhYSNlLTRkMmQ0c3JgLS1kMS9zcw%3D%3D&btag=e00088000&expire=1712075117&l=202403311625018D38710A0F42BF554621&ply_type=2&policy=2&signature=026b51fde0e2a58d5c596a191900e629&tk=tt_chain_token&__vid=TT-vCache-7331191721574862123
video/mp4,bytesbytes 1129440-2083314/2083565,1711902327.582685,1711902327.584629,1711902327.610018,1711902327.733441,dump,video,/video/tos/useast5/tos-useast5-ve-0068c004-tx/oUB90AfEfhGzgI9QcFFWAoKDAEIyDOQCfzeRgn/?a=1988&bti=NDU3ZjAwOg%3D%3D&ch=0&cr=3&dr=0&lr=unwatermarked&cd=0%7C0%7C0%7C&cv=1&br=2170&bt=1085&cs=0&ds=6&ft=4KJMyMzm8Zmo0C2j1-4jV~LbdpWrKsd.&mime_type=video_mp4&qs=0&rc=N2Y7NDs4ZTw1ZWZkaWk7NkBpMzM6N205cndzcDMzZzczNEA0MS1iXy0vXzAxNWAxYDZhYSNlLTRkMmQ0c3JgLS1kMS9zcw%3D%3D&btag=e00088000&expire=1712075117&l=202403311625018D38710A0F42BF554621&ply_type=2&policy=2&signature=026b51fde0e2a58d5c596a191900e629&tk=tt_chain_token&__vid=TT-vCache-7331191721574862123
video/mp4,bytesbytes 2515047-3967323/4279875,1711902332.0691662,1711902332.069845,1711902332.105144,1711902332.307421,dump,video,/video/tos/useast5/tos-useast5-pve-0068-tx/o4wloQgsfAQfVNdHgDRlv9B0SEDSFEK0qqIIK8/?a=1988&bti=NDU3ZjAwOg%3D%3D&ch=0&cr=3&dr=0&lr=unwatermarked&cd=0%7C0%7C0%7C&cv=1&br=2574&bt=1287&cs=0&ds=6&ft=4KJMyMzm8Zmo0C2j1-4jV~LbdpWrKsd.&mime_type=video_mp4&qs=0&rc=ZjU3NWU1OTo6NjY5Mzw4OEBpMzs0b3g5cnRkcDMzZzczNEBhYjYzLi1hNTYxYTI0MzNhYSNhaHNeMmQ0M21gLS1kMS9zcw%3D%3D&btag=e00088000&expire=1712075128&l=202403311625018D38710A0F42BF554621&ply_type=2&policy=2&signature=0fbb4ca6bf16961487f8ea97da708b56&tk=tt_chain_token&__vid=TT-vCache-7328101875486575914
video/mp4,bytesbytes 3967324-4279591/4279875,1711902332.3427892,1711902332.344213,1711902332.366189,1711902332.406164,dump,video,/video/tos/useast5/tos-useast5-pve-0068-tx/o4wloQgsfAQfVNdHgDRlv9B0SEDSFEK0qqIIK8/?a=1988&bti=NDU3ZjAwOg%3D%3D&ch=0&cr=3&dr=0&lr=unwatermarked&cd=0%7C0%7C0%7C&cv=1&br=2574&bt=1287&cs=0&ds=6&ft=4KJMyMzm8Zmo0C2j1-4jV~LbdpWrKsd.&mime_type=video_mp4&qs=0&rc=ZjU3NWU1OTo6NjY5Mzw4OEBpMzs0b3g5cnRkcDMzZzczNEBhYjYzLi1hNTYxYTI0MzNhYSNhaHNeMmQ0M21gLS1kMS9zcw%3D%3D&btag=e00088000&expire=1712075128&l=202403311625018D38710A0F42BF554621&ply_type=2&policy=2&signature=0fbb4ca6bf16961487f8ea97da708b56&tk=tt_chain_token&__vid=TT-vCache-7328101875486575914
video/mp4,bytesbytes 4279592-4279874/4279875,1711902332.460893,1711902332.4614122,1711902332.478372,1711902332.4789078,dump,video,/video/tos/useast5/tos-useast5-pve-0068-tx/o4wloQgsfAQfVNdHgDRlv9B0SEDSFEK0qqIIK8/?a=1988&bti=NDU3ZjAwOg%3D%3D&ch=0&cr=3&dr=0&lr=unwatermarked&cd=0%7C0%7C0%7C&cv=1&br=2574&bt=1287&cs=0&ds=6&ft=4KJMyMzm8Zmo0C2j1-4jV~LbdpWrKsd.&mime_type=video_mp4&qs=0&rc=ZjU3NWU1OTo6NjY5Mzw4OEBpMzs0b3g5cnRkcDMzZzczNEBhYjYzLi1hNTYxYTI0MzNhYSNhaHNeMmQ0M21gLS1kMS9zcw%3D%3D&btag=e00088000&expire=1712075128&l=202403311625018D38710A0F42BF554621&ply_type=2&policy=2&signature=0fbb4ca6bf16961487f8ea97da708b56&tk=tt_chain_token&__vid=TT-vCache-7328101875486575914
video/mp4,bytesbytes 0-614399/7384754,1711902337.361095,1711902337.3637152,1711902337.51289,1711902337.589062,dump,video,/video/tos/useast5/tos-useast5-pve-0068-tx/o0ElnfIgShAiCi3dvYRt4wfrCYB1DBHEFQrlDD/?a=1988&bti=NDU3ZjAwOg%3D%3D&ch=0&cr=3&dr=0&lr=unwatermarked&cd=0%7C0%7C0%7C&cv=1&br=1820&bt=910&cs=0&ds=6&ft=4KJMyMzm8Zmo0C2j1-4jV~LbdpWrKsd.&mime_type=video_mp4&qs=0&rc=OztpOmlmaWlnNjszPGc7NkBpM2dudHI5cmlxcTMzZzczNEBiYmE2YDMyNjAxMl8vMi0wYSMuX3AuMmRzYC5gLS1kMS9zcw%3D%3D&btag=e00090000&expire=1712075165&l=202403311625018D38710A0F42BF554621&ply_type=2&policy=2&signature=8764d03baa4b78357098a3d7948785c8&tk=tt_chain_token&__vid=TT-vCache-7332834981514988842
video/mp4,bytesbytes 614400-832787/7384754,1711902337.6102679,1711902337.6113658,1711902337.682073,1711902337.725286,dump,video,/video/tos/useast5/tos-useast5-pve-0068-tx/o0ElnfIgShAiCi3dvYRt4wfrCYB1DBHEFQrlDD/?a=1988&bti=NDU3ZjAwOg%3D%3D&ch=0&cr=3&dr=0&lr=unwatermarked&cd=0%7C0%7C0%7C&cv=1&br=1820&bt=910&cs=0&ds=6&ft=4KJMyMzm8Zmo0C2j1-4jV~LbdpWrKsd.&mime_type=video_mp4&qs=0&rc=OztpOmlmaWlnNjszPGc7NkBpM2dudHI5cmlxcTMzZzczNEBiYmE2YDMyNjAxMl8vMi0wYSMuX3AuMmRzYC5gLS1kMS9zcw%3D%3D&btag=e00090000&expire=1712075165&l=202403311625018D38710A0F42BF554621&ply_type=2&policy=2&signature=8764d03baa4b78357098a3d7948785c8&tk=tt_chain_token&__vid=TT-vCache-7332834981514988842
video/mp4,bytesbytes 832788-1853468/7384754,1711902337.742406,1711902337.743915,1711902337.783861,1711902337.9301429,dump,video,/video/tos/useast5/tos-useast5-pve-0068-tx/o0ElnfIgShAiCi3dvYRt4wfrCYB1DBHEFQrlDD/?a=1988&bti=NDU3ZjAwOg%3D%3D&ch=0&cr=3&dr=0&lr=unwatermarked&cd=0%7C0%7C0%7C&cv=1&br=1820&bt=910&cs=0&ds=6&ft=4KJMyMzm8Zmo0C2j1-4jV~LbdpWrKsd.&mime_type=video_mp4&qs=0&rc=OztpOmlmaWlnNjszPGc7NkBpM2dudHI5cmlxcTMzZzczNEBiYmE2YDMyNjAxMl8vMi0wYSMuX3AuMmRzYC5gLS1kMS9zcw%3D%3D&btag=e00090000&expire=1712075165&l=202403311625018D38710A0F42BF554621&ply_type=2&policy=2&signature=8764d03baa4b78357098a3d7948785c8&tk=tt_chain_token&__vid=TT-vCache-7332834981514988842
video/mp4,bytesbytes 0-614399/19561217,1711902347.459915,1711902347.4613361,1711902347.48882,1711902347.601395,dump,video,/video/tos/useast5/tos-useast5-ve-0068c002-tx/oYz3jLlZt2CEIfEmHAITog5fu1bADFQDgQkCCf/?a=1988&bti=NDU3ZjAwOg%3D%3D&ch=0&cr=3&dr=0&lr=unwatermarked&cd=0%7C0%7C0%7C&cv=1&br=5088&bt=2544&cs=0&ds=6&ft=4KJMyMzm8Zmo0C2j1-4jV~LbdpWrKsd.&mime_type=video_mp4&qs=0&rc=OmlkOjVlNTY1Z2c6ODVlN0Bpam5kO2o5cnV5cTMzZzczNEA2NTQ0MGMzNjExNDFeXjMwYSMtZF8zMmRrcGFgLS1kMS9zcw%3D%3D&btag=e00090000&expire=1712075162&l=202403311625018D38710A0F42BF554621&ply_type=2&policy=2&signature=6d7f428d82c4ff5202cdbabefc01a28b&tk=tt_chain_token&__vid=TT-vCache-7339740328242597163
video/mp4,bytesbytes 614400-3676181/19561217,1711902347.617833,1711902347.618817,1711902347.665403,1711902348.081619,dump,video,/video/tos/useast5/tos-useast5-ve-0068c002-tx/oYz3jLlZt2CEIfEmHAITog5fu1bADFQDgQkCCf/?a=1988&bti=NDU3ZjAwOg%3D%3D&ch=0&cr=3&dr=0&lr=unwatermarked&cd=0%7C0%7C0%7C&cv=1&br=5088&bt=2544&cs=0&ds=6&ft=4KJMyMzm8Zmo0C2j1-4jV~LbdpWrKsd.&mime_type=video_mp4&qs=0&rc=OmlkOjVlNTY1Z2c6ODVlN0Bpam5kO2o5cnV5cTMzZzczNEA2NTQ0MGMzNjExNDFeXjMwYSMtZF8zMmRrcGFgLS1kMS9zcw%3D%3D&btag=e00090000&expire=1712075162&l=202403311625018D38710A0F42BF554621&ply_type=2&policy=2&signature=6d7f428d82c4ff5202cdbabefc01a28b&tk=tt_chain_token&__vid=TT-vCache-7339740328242597163
video/mp4,bytesbytes 3676182-8248952/19561217,1711902348.11217,1711902348.1128058,1711902348.140262,1711902348.778949,dump,video,/video/tos/useast5/tos-useast5-ve-0068c002-tx/oYz3jLlZt2CEIfEmHAITog5fu1bADFQDgQkCCf/?a=1988&bti=NDU3ZjAwOg%3D%3D&ch=0&cr=3&dr=0&lr=unwatermarked&cd=0%7C0%7C0%7C&cv=1&br=5088&bt=2544&cs=0&ds=6&ft=4KJMyMzm8Zmo0C2j1-4jV~LbdpWrKsd.&mime_type=video_mp4&qs=0&rc=OmlkOjVlNTY1Z2c6ODVlN0Bpam5kO2o5cnV5cTMzZzczNEA2NTQ0MGMzNjExNDFeXjMwYSMtZF8zMmRrcGFgLS1kMS9zcw%3D%3D&btag=e00090000&expire=1712075162&l=202403311625018D38710A0F42BF554621&ply_type=2&policy=2&signature=6d7f428d82c4ff5202cdbabefc01a28b&tk=tt_chain_token&__vid=TT-vCache-7339740328242597163
video/mp4,bytesbytes 2083315-2083564/2083565,1711902352.058569,1711902352.0589461,1711902352.093654,1711902352.0939462,dump,video,/video/tos/useast5/tos-useast5-ve-0068c004-tx/oUB90AfEfhGzgI9QcFFWAoKDAEIyDOQCfzeRgn/?a=1988&bti=NDU3ZjAwOg%3D%3D&ch=0&cr=3&dr=0&lr=unwatermarked&cd=0%7C0%7C0%7C&cv=1&br=2170&bt=1085&cs=0&ds=6&ft=4KJMyMzm8Zmo0C2j1-4jV~LbdpWrKsd.&mime_type=video_mp4&qs=0&rc=N2Y7NDs4ZTw1ZWZkaWk7NkBpMzM6N205cndzcDMzZzczNEA0MS1iXy0vXzAxNWAxYDZhYSNlLTRkMmQ0c3JgLS1kMS9zcw%3D%3D&btag=e00088000&expire=1712075117&l=202403311625018D38710A0F42BF554621&ply_type=2&policy=2&signature=026b51fde0e2a58d5c596a191900e629&tk=tt_chain_token&__vid=TT-vCache-7331191721574862123
video/mp4,bytesbytes 0-614399/1334036,1711902357.343795,1711902357.34527,1711902357.513547,1711902357.5935118,dump,video,/video/tos/useast8/tos-useast8-ve-0068c002-tx2/osfjfADjQR2IgFj3LA2fSgqIAQaOCnjICi9kEO/?a=1988&bti=NDU3ZjAwOg%3D%3D&ch=0&cr=3&dr=0&lr=unwatermarked&cd=0%7C0%7C0%7C&cv=1&br=2886&bt=1443&cs=0&ds=6&ft=4KJMyMzm8Zmo0C2j1-4jV~LbdpWrKsd.&mime_type=video_mp4&qs=0&rc=ZDM4OGk5N2RoPDwzNWhlaUBpM3VoN3g5cnFscTMzaTczNEBiYjYzXjBiNjIxNDE0Li0yYSMxYnNkMmRzMTBgLS1kMTJzcw%3D%3D&btag=e00088000&expire=1712075109&l=202403311625018D38710A0F42BF554621&ply_type=2&policy=2&signature=7b3f4f455fc5a61d76e0f93536c7ec64&tk=tt_chain_token&__vid=TT-vCache-7333868617571847454
video/mp4,bytesbytes 614400-1333664/1334036,1711902357.619074,1711902357.6208808,1711902357.6389918,1711902357.7399292,dump,video,/video/tos/useast8/tos-useast8-ve-0068c002-tx2/osfjfADjQR2IgFj3LA2fSgqIAQaOCnjICi9kEO/?a=1988&bti=NDU3ZjAwOg%3D%3D&ch=0&cr=3&dr=0&lr=unwatermarked&cd=0%7C0%7C0%7C&cv=1&br=2886&bt=1443&cs=0&ds=6&ft=4KJMyMzm8Zmo0C2j1-4jV~LbdpWrKsd.&mime_type=video_mp4&qs=0&rc=ZDM4OGk5N2RoPDwzNWhlaUBpM3VoN3g5cnFscTMzaTczNEBiYjYzXjBiNjIxNDE0Li0yYSMxYnNkMmRzMTBgLS1kMTJzcw%3D%3D&btag=e00088000&expire=1712075109&l=202403311625018D38710A0F42BF554621&ply_type=2&policy=2&signature=7b3f4f455fc5a61d76e0f93536c7ec64&tk=tt_chain_token&__vid=TT-vCache-7333868617571847454
video/mp4,bytesbytes 1333665-1334035/1334036,1711902357.75838,1711902357.7599192,1711902357.780475,1711902357.781236,dump,video,/video/tos/useast8/tos-useast8-ve-0068c002-tx2/osfjfADjQR2IgFj3LA2fSgqIAQaOCnjICi9kEO/?a=1988&bti=NDU3ZjAwOg%3D%3D&ch=0&cr=3&dr=0&lr=unwatermarked&cd=0%7C0%7C0%7C&cv=1&br=2886&bt=1443&cs=0&ds=6&ft=4KJMyMzm8Zmo0C2j1-4jV~LbdpWrKsd.&mime_type=video_mp4&qs=0&rc=ZDM4OGk5N2RoPDwzNWhlaUBpM3VoN3g5cnFscTMzaTczNEBiYjYzXjBiNjIxNDE0Li0yYSMxYnNkMmRzMTBgLS1kMTJzcw%3D%3D&btag=e00088000&expire=1712075109&l=202403311625018D38710A0F42BF554621&ply_type=2&policy=2&signature=7b3f4f455fc5a61d76e0f93536c7ec64&tk=tt_chain_token&__vid=TT-vCache-7333868617571847454
video/mp4,bytesbytes 1853469-3650774/7384754,1711902362.038263,1711902362.03921,1711902362.0824971,1711902362.336117,dump,video,/video/tos/useast5/tos-useast5-pve-0068-tx/o0ElnfIgShAiCi3dvYRt4wfrCYB1DBHEFQrlDD/?a=1988&bti=NDU3ZjAwOg%3D%3D&ch=0&cr=3&dr=0&lr=unwatermarked&cd=0%7C0%7C0%7C&cv=1&br=1820&bt=910&cs=0&ds=6&ft=4KJMyMzm8Zmo0C2j1-4jV~LbdpWrKsd.&mime_type=video_mp4&qs=0&rc=OztpOmlmaWlnNjszPGc7NkBpM2dudHI5cmlxcTMzZzczNEBiYmE2YDMyNjAxMl8vMi0wYSMuX3AuMmRzYC5gLS1kMS9zcw%3D%3D&btag=e00090000&expire=1712075165&l=202403311625018D38710A0F42BF554621&ply_type=2&policy=2&signature=8764d03baa4b78357098a3d7948785c8&tk=tt_chain_token&__vid=TT-vCache-7332834981514988842
video/mp4,bytesbytes 0-614399/1036925,1711902367.336638,1711902367.338222,1711902367.443288,1711902367.523504,dump,video,/video/tos/useast5/tos-useast5-ve-0068c003-tx/oYuw0p3voA1Uce3fgA2evMeKQVo4Qh4Pif8AgY/?a=1988&bti=NDU3ZjAwOg%3D%3D&ch=0&cr=3&dr=0&lr=unwatermarked&cd=0%7C0%7C0%7C&cv=1&br=2270&bt=1135&cs=0&ds=6&ft=4KJMyMzm8Zmo0C2j1-4jV~LbdpWrKsd.&mime_type=video_mp4&qs=0&rc=NDQ2ZDczaGVoaGg7O2czPEBpajp2eXI5cjY6cTMzZzczNEAuYWBfMl8vNmMxXy81XzMxYSNrMmouMmRjam5gLS1kMS9zcw%3D%3D&btag=e00088000&expire=1712075109&l=202403311625018D38710A0F42BF554621&ply_type=2&policy=2&signature=7d26a074575746f678b93e9b8a6121dd&tk=tt_chain_token&__vid=TT-vCache-7346632289922616618
video/mp4,bytesbytes 614400-1036620/1036925,1711902367.535727,1711902367.53731,1711902367.7714229,1711902367.980008,dump,video,/video/tos/useast5/tos-useast5-ve-0068c003-tx/oYuw0p3voA1Uce3fgA2evMeKQVo4Qh4Pif8AgY/?a=1988&bti=NDU3ZjAwOg%3D%3D&ch=0&cr=3&dr=0&lr=unwatermarked&cd=0%7C0%7C0%7C&cv=1&br=2270&bt=1135&cs=0&ds=6&ft=4KJMyMzm8Zmo0C2j1-4jV~LbdpWrKsd.&mime_type=video_mp4&qs=0&rc=NDQ2ZDczaGVoaGg7O2czPEBpajp2eXI5cjY6cTMzZzczNEAuYWBfMl8vNmMxXy81XzMxYSNrMmouMmRjam5gLS1kMS9zcw%3D%3D&btag=e00088000&expire=1712075109&l=202403311625018D38710A0F42BF554621&ply_type=2&policy=2&signature=7d26a074575746f678b93e9b8a6121dd&tk=tt_chain_token&__vid=TT-vCache-7346632289922616618
video/mp4,bytesbytes 1036621-1036924/1036925,1711902367.999678,1711902368.000841,1711902368.38779,1711902368.508349,dump,video,/video/tos/useast5/tos-useast5-ve-0068c003-tx/oYuw0p3voA1Uce3fgA2evMeKQVo4Qh4Pif8AgY/?a=1988&bti=NDU3ZjAwOg%3D%3D&ch=0&cr=3&dr=0&lr=unwatermarked&cd=0%7C0%7C0%7C&cv=1&br=2270&bt=1135&cs=0&ds=6&ft=4KJMyMzm8Zmo0C2j1-4jV~LbdpWrKsd.&mime_type=video_mp4&qs=0&rc=NDQ2ZDczaGVoaGg7O2czPEBpajp2eXI5cjY6cTMzZzczNEAuYWBfMl8vNmMxXy81XzMxYSNrMmouMmRjam5gLS1kMS9zcw%3D%3D&btag=e00088000&expire=1712075109&l=202403311625018D38710A0F42BF554621&ply_type=2&policy=2&signature=7d26a074575746f678b93e9b8a6121dd&tk=tt_chain_token&__vid=TT-vCache-7346632289922616618
video/mp4,bytesbytes 3650775-4927628/7384754,1711902367.403457,1711902367.404265,1711902367.559666,1711902368.534442,dump,video,/video/tos/useast5/tos-useast5-pve-0068-tx/o0ElnfIgShAiCi3dvYRt4wfrCYB1DBHEFQrlDD/?a=1988&bti=NDU3ZjAwOg%3D%3D&ch=0&cr=3&dr=0&lr=unwatermarked&cd=0%7C0%7C0%7C&cv=1&br=1820&bt=910&cs=0&ds=6&ft=4KJMyMzm8Zmo0C2j1-4jV~LbdpWrKsd.&mime_type=video_mp4&qs=0&rc=OztpOmlmaWlnNjszPGc7NkBpM2dudHI5cmlxcTMzZzczNEBiYmE2YDMyNjAxMl8vMi0wYSMuX3AuMmRzYC5gLS1kMS9zcw%3D%3D&btag=e00090000&expire=1712075165&l=202403311625018D38710A0F42BF554621&ply_type=2&policy=2&signature=8764d03baa4b78357098a3d7948785c8&tk=tt_chain_token&__vid=TT-vCache-7332834981514988842
video/mp4,bytesbytes 8248953-11380947/19561217,1711902372.0973399,1711902372.0977228,1711902372.1254232,1711902372.696486,dump,video,/video/tos/useast5/tos-useast5-ve-0068c002-tx/oYz3jLlZt2CEIfEmHAITog5fu1bADFQDgQkCCf/?a=1988&bti=NDU3ZjAwOg%3D%3D&ch=0&cr=3&dr=0&lr=unwatermarked&cd=0%7C0%7C0%7C&cv=1&br=5088&bt=2544&cs=0&ds=6&ft=4KJMyMzm8Zmo0C2j1-4jV~LbdpWrKsd.&mime_type=video_mp4&qs=0&rc=OmlkOjVlNTY1Z2c6ODVlN0Bpam5kO2o5cnV5cTMzZzczNEA2NTQ0MGMzNjExNDFeXjMwYSMtZF8zMmRrcGFgLS1kMS9zcw%3D%3D&btag=e00090000&expire=1712075162&l=202403311625018D38710A0F42BF554621&ply_type=2&policy=2&signature=6d7f428d82c4ff5202cdbabefc01a28b&tk=tt_chain_token&__vid=TT-vCache-7339740328242597163
video/mp4,bytesbytes 11380948-15393372/19561217,1711902374.513309,1711902374.514849,1711902374.54537,1711902375.0808132,dump,video,/video/tos/useast5/tos-useast5-ve-0068c002-tx/oYz3jLlZt2CEIfEmHAITog5fu1bADFQDgQkCCf/?a=1988&bti=NDU3ZjAwOg%3D%3D&ch=0&cr=3&dr=0&lr=unwatermarked&cd=0%7C0%7C0%7C&cv=1&br=5088&bt=2544&cs=0&ds=6&ft=4KJMyMzm8Zmo0C2j1-4jV~LbdpWrKsd.&mime_type=video_mp4&qs=0&rc=OmlkOjVlNTY1Z2c6ODVlN0Bpam5kO2o5cnV5cTMzZzczNEA2NTQ0MGMzNjExNDFeXjMwYSMtZF8zMmRrcGFgLS1kMS9zcw%3D%3D&btag=e00090000&expire=1712075162&l=202403311625018D38710A0F42BF554621&ply_type=2&policy=2&signature=6d7f428d82c4ff5202cdbabefc01a28b&tk=tt_chain_token&__vid=TT-vCache-7339740328242597163
video/mp4,bytesbytes 0-614399/4057465,1711902377.372024,1711902377.3736162,1711902377.489409,1711902377.568869,dump,video,/video/tos/useast5/tos-useast5-ve-0068c004-tx/oUWlqehlHAv1gVhpgQF0oUSDgfcygbKEDCBVBI/?a=1988&bti=NDU3ZjAwOg%3D%3D&ch=0&cr=3&dr=0&lr=unwatermarked&cd=0%7C0%7C0%7C&cv=1&br=3408&bt=1704&cs=0&ds=6&ft=4KJMyMzm8Zmo0C2j1-4jV~LbdpWrKsd.&mime_type=video_mp4&qs=0&rc=ZWc2aDY3ZGVoZWY7ZDhpNEBpM3NlbXQ5cnJkcDMzZzgzNEBfLTMyMTFgNTYxMmFfLTRiYSNhLWZpMmQ0ZGRgLS1kLy9zcw%3D%3D&btag=e00088000&expire=1712075120&l=202403311625018D38710A0F42BF554621&ply_type=2&policy=2&signature=b7fcef33f28cecfe4f62cd389b03f3e2&tk=tt_chain_token&__vid=TT-vCache-7323038580698271019
video/mp4,bytesbytes 614400-1792781/4057465,1711902377.583951,1711902377.585227,1711902377.600799,1711902377.763295,dump,video,/video/tos/useast5/tos-useast5-ve-0068c004-tx/oUWlqehlHAv1gVhpgQF0oUSDgfcygbKEDCBVBI/?a=1988&bti=NDU3ZjAwOg%3D%3D&ch=0&cr=3&dr=0&lr=unwatermarked&cd=0%7C0%7C0%7C&cv=1&br=3408&bt=1704&cs=0&ds=6&ft=4KJMyMzm8Zmo0C2j1-4jV~LbdpWrKsd.&mime_type=video_mp4&qs=0&rc=ZWc2aDY3ZGVoZWY7ZDhpNEBpM3NlbXQ5cnJkcDMzZzgzNEBfLTMyMTFgNTYxMmFfLTRiYSNhLWZpMmQ0ZGRgLS1kLy9zcw%3D%3D&btag=e00088000&expire=1712075120&l=202403311625018D38710A0F42BF554621&ply_type=2&policy=2&signature=b7fcef33f28cecfe4f62cd389b03f3e2&tk=tt_chain_token&__vid=TT-vCache-7323038580698271019
video/mp4,bytesbytes 1792782-4057101/4057465,1711902377.787661,1711902377.788249,1711902377.827347,1711902378.130215,dump,video,/video/tos/useast5/tos-useast5-ve-0068c004-tx/oUWlqehlHAv1gVhpgQF0oUSDgfcygbKEDCBVBI/?a=1988&bti=NDU3ZjAwOg%3D%3D&ch=0&cr=3&dr=0&lr=unwatermarked&cd=0%7C0%7C0%7C&cv=1&br=3408&bt=1704&cs=0&ds=6&ft=4KJMyMzm8Zmo0C2j1-4jV~LbdpWrKsd.&mime_type=video_mp4&qs=0&rc=ZWc2aDY3ZGVoZWY7ZDhpNEBpM3NlbXQ5cnJkcDMzZzgzNEBfLTMyMTFgNTYxMmFfLTRiYSNhLWZpMmQ0ZGRgLS1kLy9zcw%3D%3D&btag=e00088000&expire=1712075120&l=202403311625018D38710A0F42BF554621&ply_type=2&policy=2&signature=b7fcef33f28cecfe4f62cd389b03f3e2&tk=tt_chain_token&__vid=TT-vCache-7323038580698271019
video/mp4,bytesbytes 0-614399/2615457,1711902387.371043,1711902387.372604,1711902387.517356,1711902387.607379,dump,video,/video/tos/useast5/tos-useast5-pve-0068-tx/o4fGvbkS4BDFncOQgIrftEAFdO6gwlUBDCVhEr/?a=1988&bti=NDU3ZjAwOg%3D%3D&ch=0&cr=3&dr=0&lr=unwatermarked&cd=0%7C0%7C0%7C&cv=1&br=4788&bt=2394&cs=0&ds=6&ft=4KJMyMzm8Zmo0C2j1-4jV~LbdpWrKsd.&mime_type=video_mp4&qs=0&rc=ZmQzZmg6NjxoODgzaWlnNUBpamhpanA5cjx1cTMzZzgzNEBgYTUzYTNhXzAxYDNjNDMwYSNnXzNnMmQ0cWRgLS1kLy9zcw%3D%3D&btag=e00088000&expire=1712075110&l=202403311625018D38710A0F42BF554621&ply_type=2&policy=2&signature=06fe6afb1eeec8fc3819300621426c2b&tk=tt_chain_token&__vid=TT-vCache-7341358779868499242
video/mp4,bytesbytes 614400-711840/2615457,1711902387.620929,1711902387.621894,1711902387.6371179,1711902387.828908,dump,video,/video/tos/useast5/tos-useast5-pve-0068-tx/o4fGvbkS4BDFncOQgIrftEAFdO6gwlUBDCVhEr/?a=1988&bti=NDU3ZjAwOg%3D%3D&ch=0&cr=3&dr=0&lr=unwatermarked&cd=0%7C0%7C0%7C&cv=1&br=4788&bt=2394&cs=0&ds=6&ft=4KJMyMzm8Zmo0C2j1-4jV~LbdpWrKsd.&mime_type=video_mp4&qs=0&rc=ZmQzZmg6NjxoODgzaWlnNUBpamhpanA5cjx1cTMzZzgzNEBgYTUzYTNhXzAxYDNjNDMwYSNnXzNnMmQ0cWRgLS1kLy9zcw%3D%3D&btag=e00088000&expire=1712075110&l=202403311625018D38710A0F42BF554621&ply_type=2&policy=2&signature=06fe6afb1eeec8fc3819300621426c2b&tk=tt_chain_token&__vid=TT-vCache-7341358779868499242
video/mp4,bytesbytes 711841-2615284/2615457,1711902387.840482,1711902387.841435,1711902387.869917,1711902388.1282198,dump,video,/video/tos/useast5/tos-useast5-pve-0068-tx/o4fGvbkS4BDFncOQgIrftEAFdO6gwlUBDCVhEr/?a=1988&bti=NDU3ZjAwOg%3D%3D&ch=0&cr=3&dr=0&lr=unwatermarked&cd=0%7C0%7C0%7C&cv=1&br=4788&bt=2394&cs=0&ds=6&ft=4KJMyMzm8Zmo0C2j1-4jV~LbdpWrKsd.&mime_type=video_mp4&qs=0&rc=ZmQzZmg6NjxoODgzaWlnNUBpamhpanA5cjx1cTMzZzgzNEBgYTUzYTNhXzAxYDNjNDMwYSNnXzNnMmQ0cWRgLS1kLy9zcw%3D%3D&btag=e00088000&expire=1712075110&l=202403311625018D38710A0F42BF554621&ply_type=2&policy=2&signature=06fe6afb1eeec8fc3819300621426c2b&tk=tt_chain_token&__vid=TT-vCache-7341358779868499242
video/mp4,bytesbytes 2615285-2615456/2615457,1711902388.1570508,1711902388.158495,1711902388.178272,1711902388.179429,dump,video,/video/tos/useast5/tos-useast5-pve-0068-tx/o4fGvbkS4BDFncOQgIrftEAFdO6gwlUBDCVhEr/?a=1988&bti=NDU3ZjAwOg%3D%3D&ch=0&cr=3&dr=0&lr=unwatermarked&cd=0%7C0%7C0%7C&cv=1&br=4788&bt=2394&cs=0&ds=6&ft=4KJMyMzm8Zmo0C2j1-4jV~LbdpWrKsd.&mime_type=video_mp4&qs=0&rc=ZmQzZmg6NjxoODgzaWlnNUBpamhpanA5cjx1cTMzZzgzNEBgYTUzYTNhXzAxYDNjNDMwYSNnXzNnMmQ0cWRgLS1kLy9zcw%3D%3D&btag=e00088000&expire=1712075110&l=202403311625018D38710A0F42BF554621&ply_type=2&policy=2&signature=06fe6afb1eeec8fc3819300621426c2b&tk=tt_chain_token&__vid=TT-vCache-7341358779868499242
video/mp4,bytesbytes 4057102-4057464/4057465,1711902402.1953669,1711902402.1957371,1711902402.213484,1711902402.213753,dump,video,/video/tos/useast5/tos-useast5-ve-0068c004-tx/oUWlqehlHAv1gVhpgQF0oUSDgfcygbKEDCBVBI/?a=1988&bti=NDU3ZjAwOg%3D%3D&ch=0&cr=3&dr=0&lr=unwatermarked&cd=0%7C0%7C0%7C&cv=1&br=3408&bt=1704&cs=0&ds=6&ft=4KJMyMzm8Zmo0C2j1-4jV~LbdpWrKsd.&mime_type=video_mp4&qs=0&rc=ZWc2aDY3ZGVoZWY7ZDhpNEBpM3NlbXQ5cnJkcDMzZzgzNEBfLTMyMTFgNTYxMmFfLTRiYSNhLWZpMmQ0ZGRgLS1kLy9zcw%3D%3D&btag=e00088000&expire=1712075120&l=202403311625018D38710A0F42BF554621&ply_type=2&policy=2&signature=b7fcef33f28cecfe4f62cd389b03f3e2&tk=tt_chain_token&__vid=TT-vCache-7323038580698271019
video/mp4,bytesbytes 0-614399/1916373,1711902417.218127,1711902417.218749,1711902417.550067,1711902417.629917,dump,video,/video/tos/useast8/tos-useast8-ve-0068c004-tx2/oUeIotpAIACITaAygWGDqLRUqgHBewjxML8Ied/?a=1988&bti=NDU3ZjAwOg%3D%3D&ch=0&cr=3&dr=0&lr=unwatermarked&cd=0%7C0%7C0%7C&cv=1&br=2320&bt=1160&cs=0&ds=6&ft=4KJMyMzm8Zmo00Gj1-4jVRwbdpWrKsd.&mime_type=video_mp4&qs=0&rc=aTM2NDM0aTw3Z2g6ZGk4ZEBpajM7PHI5cmc5cTMzaTczNEAyY2NjLi9iXjExL2ItYjE1YSNzYW4zMmQ0LV5gLS1kMTJzcw%3D%3D&btag=e00088000&expire=1712075214&l=20240331162641DBA161ABA0D0B4534348&ply_type=2&policy=2&signature=45b17dbe310c73ee21bfc5b1691028ac&tk=tt_chain_token&__vid=TT-vCache-7337595296005885215
video/mp4,bytesbytes 614400-1724961/1916373,1711902417.6532009,1711902417.654845,1711902417.67194,1711902417.8247948,dump,video,/video/tos/useast8/tos-useast8-ve-0068c004-tx2/oUeIotpAIACITaAygWGDqLRUqgHBewjxML8Ied/?a=1988&bti=NDU3ZjAwOg%3D%3D&ch=0&cr=3&dr=0&lr=unwatermarked&cd=0%7C0%7C0%7C&cv=1&br=2320&bt=1160&cs=0&ds=6&ft=4KJMyMzm8Zmo00Gj1-4jVRwbdpWrKsd.&mime_type=video_mp4&qs=0&rc=aTM2NDM0aTw3Z2g6ZGk4ZEBpajM7PHI5cmc5cTMzaTczNEAyY2NjLi9iXjExL2ItYjE1YSNzYW4zMmQ0LV5gLS1kMTJzcw%3D%3D&btag=e00088000&expire=1712075214&l=20240331162641DBA161ABA0D0B4534348&ply_type=2&policy=2&signature=45b17dbe310c73ee21bfc5b1691028ac&tk=tt_chain_token&__vid=TT-vCache-7337595296005885215
video/mp4,bytesbytes 0-614399/1100022,1711902417.929303,1711902417.9304252,1711902418.1132941,1711902418.2211049,dump,video,/video/tos/useast5/tos-useast5-ve-0068c003-tx/ooQqM853IQRkIZ1wfgLAXCfqQDjtAGjGWHeC7s/?a=1988&bti=NDU3ZjAwOg%3D%3D&ch=0&cr=3&dr=0&lr=unwatermarked&cd=0%7C0%7C0%7C&cv=1&br=916&bt=458&cs=0&ds=6&ft=4KJMyMzm8Zmo00Gj1-4jVRwbdpWrKsd.&mime_type=video_mp4&qs=0&rc=Zzw2OjhlM2c1ZjVmaDxkO0BpanJxeXk5cjlwcTMzZzczNEAxMi4uL2BfNWIxNV9jNi41YSMuMHM0MmRzaF5gLS1kMS9zcw%3D%3D&btag=e00088000&expire=1712075220&l=20240331162641DBA161ABA0D0B4534348&ply_type=2&policy=2&signature=4c6dd6d0e0448bc3c1460337a66bbbdc&tk=tt_chain_token&__vid=TT-vCache-7337888499300879659
video/mp4,bytesbytes 614400-1058106/1100022,1711902418.24142,1711902418.242132,1711902418.265471,1711902418.3295481,dump,video,/video/tos/useast5/tos-useast5-ve-0068c003-tx/ooQqM853IQRkIZ1wfgLAXCfqQDjtAGjGWHeC7s/?a=1988&bti=NDU3ZjAwOg%3D%3D&ch=0&cr=3&dr=0&lr=unwatermarked&cd=0%7C0%7C0%7C&cv=1&br=916&bt=458&cs=0&ds=6&ft=4KJMyMzm8Zmo00Gj1-4jVRwbdpWrKsd.&mime_type=video_mp4&qs=0&rc=Zzw2OjhlM2c1ZjVmaDxkO0BpanJxeXk5cjlwcTMzZzczNEAxMi4uL2BfNWIxNV9jNi41YSMuMHM0MmRzaF5gLS1kMS9zcw%3D%3D&btag=e00088000&expire=1712075220&l=20240331162641DBA161ABA0D0B4534348&ply_type=2&policy=2&signature=4c6dd6d0e0448bc3c1460337a66bbbdc&tk=tt_chain_token&__vid=TT-vCache-7337888499300879659
video/mp4,bytesbytes 0-614399/4437791,1711902418.433995,1711902418.4345531,1711902418.548757,1711902418.630625,dump,video,/video/tos/alisg/tos-alisg-pve-0037c001/owWVOIEG1i3AYRYTBuEmBitcI4iBYCIOQZAvE/?a=1988&bti=NDU3ZjAwOg%3D%3D&ch=0&cr=3&dr=0&lr=unwatermarked&cd=0%7C0%7C0%7C&cv=1&br=5996&bt=2998&cs=0&ds=6&ft=4KJMyMzm8Zmo00Gj1-4jVRwbdpWrKsd.&mime_type=video_mp4&qs=0&rc=NTwzN2Y7NTY6NDc6PDdoZEBpajlyNXI5cm88cTMzODczNEA1MTU2X2MxNTUxMmM2MGI1YSM2MTJfMmRrZTFgLS1kMTFzcw%3D%3D&btag=e00088000&expire=1712075213&l=20240331162641DBA161ABA0D0B4534348&ply_type=2&policy=2&signature=0837c424b2b1936928949f61a65d99f4&tk=tt_chain_token&__vid=TT-vCache-7334280254397107457
video/mp4,bytesbytes 614400-4437611/4437791,1711902418.650729,1711902418.652521,1711902418.672964,1711902419.187061,dump,video,/video/tos/alisg/tos-alisg-pve-0037c001/owWVOIEG1i3AYRYTBuEmBitcI4iBYCIOQZAvE/?a=1988&bti=NDU3ZjAwOg%3D%3D&ch=0&cr=3&dr=0&lr=unwatermarked&cd=0%7C0%7C0%7C&cv=1&br=5996&bt=2998&cs=0&ds=6&ft=4KJMyMzm8Zmo00Gj1-4jVRwbdpWrKsd.&mime_type=video_mp4&qs=0&rc=NTwzN2Y7NTY6NDc6PDdoZEBpajlyNXI5cm88cTMzODczNEA1MTU2X2MxNTUxMmM2MGI1YSM2MTJfMmRrZTFgLS1kMTFzcw%3D%3D&btag=e00088000&expire=1712075213&l=20240331162641DBA161ABA0D0B4534348&ply_type=2&policy=2&signature=0837c424b2b1936928949f61a65d99f4&tk=tt_chain_token&__vid=TT-vCache-7334280254397107457
video/mp4,bytesbytes 1724962-1916186/1916373,1711902422.138248,1711902422.1386912,1711902422.1563962,1711902422.183698,dump,video,/video/tos/useast8/tos-useast8-ve-0068c004-tx2/oUeIotpAIACITaAygWGDqLRUqgHBewjxML8Ied/?a=1988&bti=NDU3ZjAwOg%3D%3D&ch=0&cr=3&dr=0&lr=unwatermarked&cd=0%7C0%7C0%7C&cv=1&br=2320&bt=1160&cs=0&ds=6&ft=4KJMyMzm8Zmo00Gj1-4jVRwbdpWrKsd.&mime_type=video_mp4&qs=0&rc=aTM2NDM0aTw3Z2g6ZGk4ZEBpajM7PHI5cmc5cTMzaTczNEAyY2NjLi9iXjExL2ItYjE1YSNzYW4zMmQ0LV5gLS1kMTJzcw%3D%3D&btag=e00088000&expire=1712075214&l=20240331162641DBA161ABA0D0B4534348&ply_type=2&policy=2&signature=45b17dbe310c73ee21bfc5b1691028ac&tk=tt_chain_token&__vid=TT-vCache-7337595296005885215
video/mp4,bytesbytes 1916187-1916372/1916373,1711902422.221973,1711902422.2223392,1711902422.2379699,1711902422.2382662,dump,video,/video/tos/useast8/tos-useast8-ve-0068c004-tx2/oUeIotpAIACITaAygWGDqLRUqgHBewjxML8Ied/?a=1988&bti=NDU3ZjAwOg%3D%3D&ch=0&cr=3&dr=0&lr=unwatermarked&cd=0%7C0%7C0%7C&cv=1&br=2320&bt=1160&cs=0&ds=6&ft=4KJMyMzm8Zmo00Gj1-4jVRwbdpWrKsd.&mime_type=video_mp4&qs=0&rc=aTM2NDM0aTw3Z2g6ZGk4ZEBpajM7PHI5cmc5cTMzaTczNEAyY2NjLi9iXjExL2ItYjE1YSNzYW4zMmQ0LV5gLS1kMTJzcw%3D%3D&btag=e00088000&expire=1712075214&l=20240331162641DBA161ABA0D0B4534348&ply_type=2&policy=2&signature=45b17dbe310c73ee21bfc5b1691028ac&tk=tt_chain_token&__vid=TT-vCache-7337595296005885215
video/mp4,bytesbytes 0-614399/1409567,1711902427.4340951,1711902427.435476,1711902427.621021,1711902427.701379,dump,video,/video/tos/useast8/tos-useast8-ve-0068c001-tx2/ocjBiA1wkC3W9DTcIQBhifaVqi76yEAIIi3IAV/?a=1988&bti=NDU3ZjAwOg%3D%3D&ch=0&cr=3&dr=0&lr=unwatermarked&cd=0%7C0%7C0%7C&cv=1&br=2310&bt=1155&cs=0&ds=6&ft=4KJMyMzm8Zmo00Gj1-4jVRwbdpWrKsd.&mime_type=video_mp4&qs=0&rc=aDs3ZTo2ZGc1NDNpZmlpaEBpM3dxNXE5cmQ7cTMzaTczNEAyLzVeMzViXl4xMmBeYC0vYSNhYzNsMmRzZ2JgLS1kMTJzcw%3D%3D&btag=e00088000&expire=1712075211&l=20240331162641DBA161ABA0D0B4534348&ply_type=2&policy=2&signature=81114af61ae54d94a03b08c32236e7f7&tk=tt_chain_token&__vid=TT-vCache-7339893008805989662
video/mp4,bytesbytes 614400-1183229/1409567,1711902427.717195,1711902427.718265,1711902427.741668,1711902427.815579,dump,video,/video/tos/useast8/tos-useast8-ve-0068c001-tx2/ocjBiA1wkC3W9DTcIQBhifaVqi76yEAIIi3IAV/?a=1988&bti=NDU3ZjAwOg%3D%3D&ch=0&cr=3&dr=0&lr=unwatermarked&cd=0%7C0%7C0%7C&cv=1&br=2310&bt=1155&cs=0&ds=6&ft=4KJMyMzm8Zmo00Gj1-4jVRwbdpWrKsd.&mime_type=video_mp4&qs=0&rc=aDs3ZTo2ZGc1NDNpZmlpaEBpM3dxNXE5cmQ7cTMzaTczNEAyLzVeMzViXl4xMmBeYC0vYSNhYzNsMmRzZ2JgLS1kMTJzcw%3D%3D&btag=e00088000&expire=1712075211&l=20240331162641DBA161ABA0D0B4534348&ply_type=2&policy=2&signature=81114af61ae54d94a03b08c32236e7f7&tk=tt_chain_token&__vid=TT-vCache-7339893008805989662
video/mp4,bytesbytes 1183230-1409389/1409567,1711902427.836918,1711902427.8384771,1711902427.8584042,1711902427.8883321,dump,video,/video/tos/useast8/tos-useast8-ve-0068c001-tx2/ocjBiA1wkC3W9DTcIQBhifaVqi76yEAIIi3IAV/?a=1988&bti=NDU3ZjAwOg%3D%3D&ch=0&cr=3&dr=0&lr=unwatermarked&cd=0%7C0%7C0%7C&cv=1&br=2310&bt=1155&cs=0&ds=6&ft=4KJMyMzm8Zmo00Gj1-4jVRwbdpWrKsd.&mime_type=video_mp4&qs=0&rc=aDs3ZTo2ZGc1NDNpZmlpaEBpM3dxNXE5cmQ7cTMzaTczNEAyLzVeMzViXl4xMmBeYC0vYSNhYzNsMmRzZ2JgLS1kMTJzcw%3D%3D&btag=e00088000&expire=1712075211&l=20240331162641DBA161ABA0D0B4534348&ply_type=2&policy=2&signature=81114af61ae54d94a03b08c32236e7f7&tk=tt_chain_token&__vid=TT-vCache-7339893008805989662
video/mp4,bytesbytes 1409390-1409566/1409567,1711902427.903309,1711902427.905061,1711902427.927302,1711902427.9351418,dump,video,/video/tos/useast8/tos-useast8-ve-0068c001-tx2/ocjBiA1wkC3W9DTcIQBhifaVqi76yEAIIi3IAV/?a=1988&bti=NDU3ZjAwOg%3D%3D&ch=0&cr=3&dr=0&lr=unwatermarked&cd=0%7C0%7C0%7C&cv=1&br=2310&bt=1155&cs=0&ds=6&ft=4KJMyMzm8Zmo00Gj1-4jVRwbdpWrKsd.&mime_type=video_mp4&qs=0&rc=aDs3ZTo2ZGc1NDNpZmlpaEBpM3dxNXE5cmQ7cTMzaTczNEAyLzVeMzViXl4xMmBeYC0vYSNhYzNsMmRzZ2JgLS1kMTJzcw%3D%3D&btag=e00088000&expire=1712075211&l=20240331162641DBA161ABA0D0B4534348&ply_type=2&policy=2&signature=81114af61ae54d94a03b08c32236e7f7&tk=tt_chain_token&__vid=TT-vCache-7339893008805989662
video/mp4,bytesbytes 1058107-1099657/1100022,1711902432.139665,1711902432.140138,1711902432.1696901,1711902432.176407,dump,video,/video/tos/useast5/tos-useast5-ve-0068c003-tx/ooQqM853IQRkIZ1wfgLAXCfqQDjtAGjGWHeC7s/?a=1988&bti=NDU3ZjAwOg%3D%3D&ch=0&cr=3&dr=0&lr=unwatermarked&cd=0%7C0%7C0%7C&cv=1&br=916&bt=458&cs=0&ds=6&ft=4KJMyMzm8Zmo00Gj1-4jVRwbdpWrKsd.&mime_type=video_mp4&qs=0&rc=Zzw2OjhlM2c1ZjVmaDxkO0BpanJxeXk5cjlwcTMzZzczNEAxMi4uL2BfNWIxNV9jNi41YSMuMHM0MmRzaF5gLS1kMS9zcw%3D%3D&btag=e00088000&expire=1712075220&l=20240331162641DBA161ABA0D0B4534348&ply_type=2&policy=2&signature=4c6dd6d0e0448bc3c1460337a66bbbdc&tk=tt_chain_token&__vid=TT-vCache-7337888499300879659
video/mp4,bytesbytes 1099658-1100021/1100022,1711902432.226433,1711902432.226868,1711902432.246163,1711902432.2568152,dump,video,/video/tos/useast5/tos-useast5-ve-0068c003-tx/ooQqM853IQRkIZ1wfgLAXCfqQDjtAGjGWHeC7s/?a=1988&bti=NDU3ZjAwOg%3D%3D&ch=0&cr=3&dr=0&lr=unwatermarked&cd=0%7C0%7C0%7C&cv=1&br=916&bt=458&cs=0&ds=6&ft=4KJMyMzm8Zmo00Gj1-4jVRwbdpWrKsd.&mime_type=video_mp4&qs=0&rc=Zzw2OjhlM2c1ZjVmaDxkO0BpanJxeXk5cjlwcTMzZzczNEAxMi4uL2BfNWIxNV9jNi41YSMuMHM0MmRzaF5gLS1kMS9zcw%3D%3D&btag=e00088000&expire=1712075220&l=20240331162641DBA161ABA0D0B4534348&ply_type=2&policy=2&signature=4c6dd6d0e0448bc3c1460337a66bbbdc&tk=tt_chain_token&__vid=TT-vCache-7337888499300879659
video/mp4,bytesbytes 4437612-4437790/4437791,1711902442.2174778,1711902442.217856,1711902442.2395468,1711902442.239985,dump,video,/video/tos/alisg/tos-alisg-pve-0037c001/owWVOIEG1i3AYRYTBuEmBitcI4iBYCIOQZAvE/?a=1988&bti=NDU3ZjAwOg%3D%3D&ch=0&cr=3&dr=0&lr=unwatermarked&cd=0%7C0%7C0%7C&cv=1&br=5996&bt=2998&cs=0&ds=6&ft=4KJMyMzm8Zmo00Gj1-4jVRwbdpWrKsd.&mime_type=video_mp4&qs=0&rc=NTwzN2Y7NTY6NDc6PDdoZEBpajlyNXI5cm88cTMzODczNEA1MTU2X2MxNTUxMmM2MGI1YSM2MTJfMmRrZTFgLS1kMTFzcw%3D%3D&btag=e00088000&expire=1712075213&l=20240331162641DBA161ABA0D0B4534348&ply_type=2&policy=2&signature=0837c424b2b1936928949f61a65d99f4&tk=tt_chain_token&__vid=TT-vCache-7334280254397107457
video/mp4,bytesbytes 0-614399/2543950,1711902457.294188,1711902457.2946959,1711902457.33427,1711902457.41269,dump,video,/video/tos/useast8/tos-useast8-ve-0068c002-tx2/oMNmmQqByAMxzcPiiCbJaAITCicpf95AFIE7TF/?a=1988&bti=NDU3ZjAwOg%3D%3D&ch=0&cr=3&dr=0&lr=unwatermarked&cd=0%7C0%7C0%7C&cv=1&br=2574&bt=1287&cs=0&ds=6&ft=4KJMyMzm8Zmo0FGj1-4jVJnrdpWrKsd.&mime_type=video_mp4&qs=0&rc=PDo4aGhoOTg8PDgzZGlmO0Bpam1qa2s5cjVtcTMzaTczNEAvLTBjL2FfXy4xNl8xMGJhYSMzc182MmRzM2hgLS1kMTJzcw%3D%3D&btag=e00088000&expire=1712075257&l=20240331162721E440BAFED0CCE151FF90&ply_type=2&policy=2&signature=013941d224d3ad68d8fd63c9557b7935&tk=tt_chain_token&__vid=TT-vCache-7343457457475259678
video/mp4,bytesbytes 614400-1897834/2543950,1711902457.426475,1711902457.426827,1711902457.449279,1711902457.621706,dump,video,/video/tos/useast8/tos-useast8-ve-0068c002-tx2/oMNmmQqByAMxzcPiiCbJaAITCicpf95AFIE7TF/?a=1988&bti=NDU3ZjAwOg%3D%3D&ch=0&cr=3&dr=0&lr=unwatermarked&cd=0%7C0%7C0%7C&cv=1&br=2574&bt=1287&cs=0&ds=6&ft=4KJMyMzm8Zmo0FGj1-4jVJnrdpWrKsd.&mime_type=video_mp4&qs=0&rc=PDo4aGhoOTg8PDgzZGlmO0Bpam1qa2s5cjVtcTMzaTczNEAvLTBjL2FfXy4xNl8xMGJhYSMzc182MmRzM2hgLS1kMTJzcw%3D%3D&btag=e00088000&expire=1712075257&l=20240331162721E440BAFED0CCE151FF90&ply_type=2&policy=2&signature=013941d224d3ad68d8fd63c9557b7935&tk=tt_chain_token&__vid=TT-vCache-7343457457475259678
video/mp4,bytesbytes 0-819199/14527041,1711902457.697885,1711902457.6983712,1711902457.779333,1711902457.887541,dump,video,/video/tos/useast5/tos-useast5-ve-0068c003-tx/o8jpIpELEBAiqUN92Ci1BIyQrCzwnAQeEvPXgi/?a=1988&bti=NDU3ZjAwOg%3D%3D&ch=0&cr=3&dr=0&lr=unwatermarked&cd=0%7C0%7C0%7C&cv=1&br=2036&bt=1018&cs=0&ds=6&ft=4KJMyMzm8Zmo0FGj1-4jVJnrdpWrKsd.&mime_type=video_mp4&qs=0&rc=aDwzZjc3aWhoZWc4Mzs7ZEBpMzp5b285cjdkcTMzZzczNEBhLi1iMS9fNV4xM2I0YmI2YSMvNDIyMmQ0ZmRgLS1kMS9zcw%3D%3D&btag=e00090000&expire=1712075353&l=20240331162721E440BAFED0CCE151FF90&ply_type=2&policy=2&signature=a29dfd5555e1cb4fc49796b512871e70&tk=tt_chain_token&__vid=TT-vCache-7341054126148619562
video/mp4,bytesbytes 819200-2322460/14527041,1711902457.906904,1711902457.9072561,1711902457.9319549,1711902458.133853,dump,video,/video/tos/useast5/tos-useast5-ve-0068c003-tx/o8jpIpELEBAiqUN92Ci1BIyQrCzwnAQeEvPXgi/?a=1988&bti=NDU3ZjAwOg%3D%3D&ch=0&cr=3&dr=0&lr=unwatermarked&cd=0%7C0%7C0%7C&cv=1&br=2036&bt=1018&cs=0&ds=6&ft=4KJMyMzm8Zmo0FGj1-4jVJnrdpWrKsd.&mime_type=video_mp4&qs=0&rc=aDwzZjc3aWhoZWc4Mzs7ZEBpMzp5b285cjdkcTMzZzczNEBhLi1iMS9fNV4xM2I0YmI2YSMvNDIyMmQ0ZmRgLS1kMS9zcw%3D%3D&btag=e00090000&expire=1712075353&l=20240331162721E440BAFED0CCE151FF90&ply_type=2&policy=2&signature=a29dfd5555e1cb4fc49796b512871e70&tk=tt_chain_token&__vid=TT-vCache-7341054126148619562
video/mp4,bytesbytes 0-442355/504729,1711902458.211079,1711902458.211667,1711902458.29933,1711902458.357079,dump,video,/video/tos/useast8/tos-useast8-ve-0068c003-tx2/owiGkEVvKRGivBABKSomAHi6sZ0E59aRIN3W2/?a=1988&bti=NDU3ZjAwOg%3D%3D&ch=0&cr=3&dr=0&lr=unwatermarked&cd=0%7C0%7C0%7C&cv=1&br=986&bt=493&cs=0&ds=6&ft=4KJMyMzm8Zmo0FGj1-4jVJnrdpWrKsd.&mime_type=video_mp4&qs=0&rc=OTg1Z2RlPDc3Ojk0NTtkZkBpM2RzZ3E5cnRucDMzaTczNEAwLy9gMzEtXjAxLzQzLy8yYSNoLzMwMmRrYWtgLS1kMTJzcw%3D%3D&btag=e00088000&expire=1712075250&l=20240331162721E440BAFED0CCE151FF90&ply_type=2&policy=2&signature=d3ddb2838cd54f3c199fbcd8c3a3bbb0&tk=tt_chain_token&__vid=TT-vCache-7327154767027768606
video/mp4,bytesbytes 442356-504146/504729,1711902458.363796,1711902458.364148,1711902458.3860328,1711902458.395364,dump,video,/video/tos/useast8/tos-useast8-ve-0068c003-tx2/owiGkEVvKRGivBABKSomAHi6sZ0E59aRIN3W2/?a=1988&bti=NDU3ZjAwOg%3D%3D&ch=0&cr=3&dr=0&lr=unwatermarked&cd=0%7C0%7C0%7C&cv=1&br=986&bt=493&cs=0&ds=6&ft=4KJMyMzm8Zmo0FGj1-4jVJnrdpWrKsd.&mime_type=video_mp4&qs=0&rc=OTg1Z2RlPDc3Ojk0NTtkZkBpM2RzZ3E5cnRucDMzaTczNEAwLy9gMzEtXjAxLzQzLy8yYSNoLzMwMmRrYWtgLS1kMTJzcw%3D%3D&btag=e00088000&expire=1712075250&l=20240331162721E440BAFED0CCE151FF90&ply_type=2&policy=2&signature=d3ddb2838cd54f3c199fbcd8c3a3bbb0&tk=tt_chain_token&__vid=TT-vCache-7327154767027768606
video/mp4,bytesbytes 504147-504728/504729,1711902458.405462,1711902458.405772,1711902458.4243178,1711902458.424575,dump,video,/video/tos/useast8/tos-useast8-ve-0068c003-tx2/owiGkEVvKRGivBABKSomAHi6sZ0E59aRIN3W2/?a=1988&bti=NDU3ZjAwOg%3D%3D&ch=0&cr=3&dr=0&lr=unwatermarked&cd=0%7C0%7C0%7C&cv=1&br=986&bt=493&cs=0&ds=6&ft=4KJMyMzm8Zmo0FGj1-4jVJnrdpWrKsd.&mime_type=video_mp4&qs=0&rc=OTg1Z2RlPDc3Ojk0NTtkZkBpM2RzZ3E5cnRucDMzaTczNEAwLy9gMzEtXjAxLzQzLy8yYSNoLzMwMmRrYWtgLS1kMTJzcw%3D%3D&btag=e00088000&expire=1712075250&l=20240331162721E440BAFED0CCE151FF90&ply_type=2&policy=2&signature=d3ddb2838cd54f3c199fbcd8c3a3bbb0&tk=tt_chain_token&__vid=TT-vCache-7327154767027768606
