video/mp4,bytesbytes 0-12139811/12139812,1711905135.758497,1711905135.758802,1711905135.830635,1711905137.5310478,dump,video,/video/tos/useast8/tos-useast8-ve-0068c004-tx2/os47EkAIEcDAequF13CtfLX5sXlIjIgJQz5mft/?a=1988&bti=NDU3ZjAwOg%3D%3D&ch=0&cr=3&dr=0&lr=unwatermarked&cd=0%7C0%7C0%7C&cv=1&br=3148&bt=1574&cs=0&ds=6&ft=4KJMyMzm8Zmo098a1-4jV~LbdpWrKsd.&mime_type=video_mp4&qs=0&rc=aDU4ODU2aGZpaWZmN2k6Z0BpM208Z3A5cnFvcTMzaTczNEAtNWJfLWI0XjUxYzRhMDBfYSMuYWo2MmQ0cHFgLS1kMTJzcw%3D%3D&btag=e00090000&expire=1712077598&l=202403311705381E90DFD53384A454D029&ply_type=2&policy=2&signature=4c70c976c486a729439294b330d77d3d&tk=tt_chain_token
video/mp4,bytesbytes 0-614399/4519086,1711905147.7363489,1711905147.7370932,1711905147.768969,1711905147.853618,dump,video,/video/tos/useast5/tos-useast5-pve-0068-tx/ooutkQZIG0mh4CixAIeeAGgneLgUILHI0msj83/?a=1988&bti=NDU3ZjAwOg%3D%3D&ch=0&cr=3&dr=0&lr=unwatermarked&cd=0%7C0%7C0%7C&cv=1&br=1150&bt=575&cs=0&ds=6&ft=4KJMyMzm8Zmo098a1-4jV~LbdpWrKsd.&mime_type=video_mp4&qs=0&rc=Nzs1ZDhmZmVlPDw8Zzw0N0BpM3JuNHM5cmV2cTMzZzczNEBjXy8xNi1gXzIxYzEzLzJeYSNvcjZoMmQ0NWFgLS1kMS9zcw%3D%3D&btag=e00090000&expire=1712077599&l=202403311705381E90DFD53384A454D029&ply_type=2&policy=2&signature=1e4ad38966af6a05041389cd571be1f5&tk=tt_chain_token&__vid=TT-vCache-7339677394636164398
video/mp4,bytesbytes 0-4519085/4519086,1711905147.915041,1711905147.915516,1711905147.956821,1711905148.566376,dump,video,/video/tos/useast5/tos-useast5-pve-0068-tx/ooutkQZIG0mh4CixAIeeAGgneLgUILHI0msj83/?a=1988&bti=NDU3ZjAwOg%3D%3D&ch=0&cr=3&dr=0&lr=unwatermarked&cd=0%7C0%7C0%7C&cv=1&br=1150&bt=575&cs=0&ds=6&ft=4KJMyMzm8Zmo098a1-4jV~LbdpWrKsd.&mime_type=video_mp4&qs=0&rc=Nzs1ZDhmZmVlPDw8Zzw0N0BpM3JuNHM5cmV2cTMzZzczNEBjXy8xNi1gXzIxYzEzLzJeYSNvcjZoMmQ0NWFgLS1kMS9zcw%3D%3D&btag=e00090000&expire=1712077599&l=202403311705381E90DFD53384A454D029&ply_type=2&policy=2&signature=1e4ad38966af6a05041389cd571be1f5&tk=tt_chain_token
video/mp4,bytesbytes 0-614399/1436946,1711905158.697058,1711905158.698975,1711905158.860068,1711905158.940301,dump,video,/video/tos/useast8/tos-useast8-pve-0068-tx2/oInvRInRsEApXQVu0ZBIPAJiBbPuZAiKiXFl7/?a=1988&bti=NDU3ZjAwOg%3D%3D&ch=0&cr=3&dr=0&lr=unwatermarked&cd=0%7C0%7C0%7C&cv=1&br=2378&bt=1189&cs=0&ds=6&ft=4KJMyMzm8Zmo06ja1-4jVVyZdpWrKsd.&mime_type=video_mp4&qs=0&rc=OTNnNjU3ZTQ8Z2czZzNmO0BpanF2N245cjpycDMzaTgzNEAtYDA0Mi4tXi0xNi81NmAuYSM0XjZqMmRrZXFgLS1kLzJzcw%3D%3D&btag=e00088000&expire=1712077945&l=20240331171215DC7489DFB9D4725348D2&ply_type=2&policy=2&signature=3ef87207da5e3744f974ac5d589dadaf&tk=tt_chain_token&__vid=TT-vCache-7328903687336742187
video/mp4,bytesbytes 614400-1265978/1436946,1711905158.958612,1711905158.9603999,1711905158.9858088,1711905159.0700648,dump,video,/video/tos/useast8/tos-useast8-pve-0068-tx2/oInvRInRsEApXQVu0ZBIPAJiBbPuZAiKiXFl7/?a=1988&bti=NDU3ZjAwOg%3D%3D&ch=0&cr=3&dr=0&lr=unwatermarked&cd=0%7C0%7C0%7C&cv=1&br=2378&bt=1189&cs=0&ds=6&ft=4KJMyMzm8Zmo06ja1-4jVVyZdpWrKsd.&mime_type=video_mp4&qs=0&rc=OTNnNjU3ZTQ8Z2czZzNmO0BpanF2N245cjpycDMzaTgzNEAtYDA0Mi4tXi0xNi81NmAuYSM0XjZqMmRrZXFgLS1kLzJzcw%3D%3D&btag=e00088000&expire=1712077945&l=20240331171215DC7489DFB9D4725348D2&ply_type=2&policy=2&signature=3ef87207da5e3744f974ac5d589dadaf&tk=tt_chain_token&__vid=TT-vCache-7328903687336742187
video/mp4,bytesbytes 1265979-1436827/1436946,1711905159.096404,1711905159.09713,1711905159.1260679,1711905159.1612291,dump,video,/video/tos/useast8/tos-useast8-pve-0068-tx2/oInvRInRsEApXQVu0ZBIPAJiBbPuZAiKiXFl7/?a=1988&bti=NDU3ZjAwOg%3D%3D&ch=0&cr=3&dr=0&lr=unwatermarked&cd=0%7C0%7C0%7C&cv=1&br=2378&bt=1189&cs=0&ds=6&ft=4KJMyMzm8Zmo06ja1-4jVVyZdpWrKsd.&mime_type=video_mp4&qs=0&rc=OTNnNjU3ZTQ8Z2czZzNmO0BpanF2N245cjpycDMzaTgzNEAtYDA0Mi4tXi0xNi81NmAuYSM0XjZqMmRrZXFgLS1kLzJzcw%3D%3D&btag=e00088000&expire=1712077945&l=20240331171215DC7489DFB9D4725348D2&ply_type=2&policy=2&signature=3ef87207da5e3744f974ac5d589dadaf&tk=tt_chain_token&__vid=TT-vCache-7328903687336742187
video/mp4,bytesbytes 1436828-1436945/1436946,1711905159.1675131,1711905159.1685052,1711905159.194168,1711905159.194797,dump,video,/video/tos/useast8/tos-useast8-pve-0068-tx2/oInvRInRsEApXQVu0ZBIPAJiBbPuZAiKiXFl7/?a=1988&bti=NDU3ZjAwOg%3D%3D&ch=0&cr=3&dr=0&lr=unwatermarked&cd=0%7C0%7C0%7C&cv=1&br=2378&bt=1189&cs=0&ds=6&ft=4KJMyMzm8Zmo06ja1-4jVVyZdpWrKsd.&mime_type=video_mp4&qs=0&rc=OTNnNjU3ZTQ8Z2czZzNmO0BpanF2N245cjpycDMzaTgzNEAtYDA0Mi4tXi0xNi81NmAuYSM0XjZqMmRrZXFgLS1kLzJzcw%3D%3D&btag=e00088000&expire=1712077945&l=20240331171215DC7489DFB9D4725348D2&ply_type=2&policy=2&signature=3ef87207da5e3744f974ac5d589dadaf&tk=tt_chain_token&__vid=TT-vCache-7328903687336742187
video/mp4,bytesbytes 0-614399/6591892,1711905159.697939,1711905159.700421,1711905159.7935119,1711905159.8899221,dump,video,/video/tos/useast5/tos-useast5-pve-0068-tx/o4GDG6lAQXVDizxCiCAXGIEBwg5SeScB2TfUY9/?a=1988&bti=NDU3ZjAwOg%3D%3D&ch=0&cr=3&dr=0&lr=unwatermarked&cd=0%7C0%7C0%7C&br=1390&bt=695&cs=0&ds=6&ft=4KJMyMzm8Zmo06ja1-4jVVyZdpWrKsd.&mime_type=video_mp4&qs=0&rc=OWlnaGhkMzc0OTZlOzNkN0BpMzZzanc5cnM4cTMzZzgzNEBgXjJiLWJgXmMxXjZgX2IzYSNvbC1sMmRzbmxgLS1kLy9zcw%3D%3D&btag=e00090000&expire=1712078010&l=20240331171215DC7489DFB9D4725348D2&ply_type=2&policy=2&signature=62609dddcef637bd29a931bf8898c5f6&tk=tt_chain_token&__vid=TT-vCache-7340670148942089515
video/mp4,bytesbytes 614400-1354244/6591892,1711905159.9157991,1711905159.917375,1711905159.943464,1711905160.04069,dump,video,/video/tos/useast5/tos-useast5-pve-0068-tx/o4GDG6lAQXVDizxCiCAXGIEBwg5SeScB2TfUY9/?a=1988&bti=NDU3ZjAwOg%3D%3D&ch=0&cr=3&dr=0&lr=unwatermarked&cd=0%7C0%7C0%7C&br=1390&bt=695&cs=0&ds=6&ft=4KJMyMzm8Zmo06ja1-4jVVyZdpWrKsd.&mime_type=video_mp4&qs=0&rc=OWlnaGhkMzc0OTZlOzNkN0BpMzZzanc5cnM4cTMzZzgzNEBgXjJiLWJgXmMxXjZgX2IzYSNvbC1sMmRzbmxgLS1kLy9zcw%3D%3D&btag=e00090000&expire=1712078010&l=20240331171215DC7489DFB9D4725348D2&ply_type=2&policy=2&signature=62609dddcef637bd29a931bf8898c5f6&tk=tt_chain_token&__vid=TT-vCache-7340670148942089515
video/mp4,bytesbytes 0-614399/1319386,1711905187.209674,1711905187.209997,1711905187.397674,1711905187.585259,dump,video,/video/tos/useast8/tos-useast8-ve-0068c001-tx2/o4fvXF4VrBEFqqTIQE5QfBAV2O7AwlQRDERsEi/?a=1988&bti=NDU3ZjAwOg%3D%3D&ch=0&cr=3&dr=0&lr=unwatermarked&cd=0%7C0%7C0%7C&cv=1&br=2766&bt=1383&cs=0&ds=6&ft=4KJMyMzm8Zmo0faa1-4jVBuZdpWrKsd.&mime_type=video_mp4&qs=0&rc=NWllZ2c1NTo7ODg4PDU6NEBpanBlN3k5cng4cDMzaTczNEBiNTRiMjRiNjUxMl8vL2E1YSM2Z2E0MmQ0cWpgLS1kMTJzcw%3D%3D&btag=e00088000&expire=1712077970&l=20240331171243BA00763331E53F557F2B&ply_type=2&policy=2&signature=5221716997232e16cbd9168f4d2a069e&tk=tt_chain_token&__vid=TT-vCache-7326334991166704926
video/mp4,bytesbytes 1354245-2144106/6591892,1711905187.301037,1711905187.301367,1711905187.421202,1711905187.672096,dump,video,/video/tos/useast5/tos-useast5-pve-0068-tx/o4GDG6lAQXVDizxCiCAXGIEBwg5SeScB2TfUY9/?a=1988&bti=NDU3ZjAwOg%3D%3D&ch=0&cr=3&dr=0&lr=unwatermarked&cd=0%7C0%7C0%7C&br=1390&bt=695&cs=0&ds=6&ft=4KJMyMzm8Zmo06ja1-4jVVyZdpWrKsd.&mime_type=video_mp4&qs=0&rc=OWlnaGhkMzc0OTZlOzNkN0BpMzZzanc5cnM4cTMzZzgzNEBgXjJiLWJgXmMxXjZgX2IzYSNvbC1sMmRzbmxgLS1kLy9zcw%3D%3D&btag=e00090000&expire=1712078010&l=20240331171215DC7489DFB9D4725348D2&ply_type=2&policy=2&signature=62609dddcef637bd29a931bf8898c5f6&tk=tt_chain_token&__vid=TT-vCache-7340670148942089515
video/mp4,bytesbytes 614400-1319014/1319386,1711905187.6009269,1711905187.6017542,1711905187.677921,1711905187.7927501,dump,video,/video/tos/useast8/tos-useast8-ve-0068c001-tx2/o4fvXF4VrBEFqqTIQE5QfBAV2O7AwlQRDERsEi/?a=1988&bti=NDU3ZjAwOg%3D%3D&ch=0&cr=3&dr=0&lr=unwatermarked&cd=0%7C0%7C0%7C&cv=1&br=2766&bt=1383&cs=0&ds=6&ft=4KJMyMzm8Zmo0faa1-4jVBuZdpWrKsd.&mime_type=video_mp4&qs=0&rc=NWllZ2c1NTo7ODg4PDU6NEBpanBlN3k5cng4cDMzaTczNEBiNTRiMjRiNjUxMl8vL2E1YSM2Z2E0MmQ0cWpgLS1kMTJzcw%3D%3D&btag=e00088000&expire=1712077970&l=20240331171243BA00763331E53F557F2B&ply_type=2&policy=2&signature=5221716997232e16cbd9168f4d2a069e&tk=tt_chain_token&__vid=TT-vCache-7326334991166704926
video/mp4,bytesbytes 1319015-1319385/1319386,1711905187.803753,1711905187.8047638,1711905187.882899,1711905187.884417,dump,video,/video/tos/useast8/tos-useast8-ve-0068c001-tx2/o4fvXF4VrBEFqqTIQE5QfBAV2O7AwlQRDERsEi/?a=1988&bti=NDU3ZjAwOg%3D%3D&ch=0&cr=3&dr=0&lr=unwatermarked&cd=0%7C0%7C0%7C&cv=1&br=2766&bt=1383&cs=0&ds=6&ft=4KJMyMzm8Zmo0faa1-4jVBuZdpWrKsd.&mime_type=video_mp4&qs=0&rc=NWllZ2c1NTo7ODg4PDU6NEBpanBlN3k5cng4cDMzaTczNEBiNTRiMjRiNjUxMl8vL2E1YSM2Z2E0MmQ0cWpgLS1kMTJzcw%3D%3D&btag=e00088000&expire=1712077970&l=20240331171243BA00763331E53F557F2B&ply_type=2&policy=2&signature=5221716997232e16cbd9168f4d2a069e&tk=tt_chain_token&__vid=TT-vCache-7326334991166704926
video/mp4,bytesbytes 2144107-3079471/6591892,1711905187.727062,1711905187.727694,1711905187.823909,1711905187.972794,dump,video,/video/tos/useast5/tos-useast5-pve-0068-tx/o4GDG6lAQXVDizxCiCAXGIEBwg5SeScB2TfUY9/?a=1988&bti=NDU3ZjAwOg%3D%3D&ch=0&cr=3&dr=0&lr=unwatermarked&cd=0%7C0%7C0%7C&br=1390&bt=695&cs=0&ds=6&ft=4KJMyMzm8Zmo06ja1-4jVVyZdpWrKsd.&mime_type=video_mp4&qs=0&rc=OWlnaGhkMzc0OTZlOzNkN0BpMzZzanc5cnM4cTMzZzgzNEBgXjJiLWJgXmMxXjZgX2IzYSNvbC1sMmRzbmxgLS1kLy9zcw%3D%3D&btag=e00090000&expire=1712078010&l=20240331171215DC7489DFB9D4725348D2&ply_type=2&policy=2&signature=62609dddcef637bd29a931bf8898c5f6&tk=tt_chain_token&__vid=TT-vCache-7340670148942089515
video/mp4,bytesbytes 0-614399/3084592,1711905189.198604,1711905189.1999,1711905189.77925,1711905190.31168,dump,video,/video/tos/alisg/tos-alisg-pve-0037c001/oAnRDEg9QjlgSeEyIBp4HUFF39Qy0BfO1TAzlb/?a=1988&bti=NDU3ZjAwOg%3D%3D&ch=0&cr=3&dr=0&lr=unwatermarked&cd=0%7C0%7C0%7C&cv=1&br=3202&bt=1601&cs=0&ds=6&ft=4KJMyMzm8Zmo0faa1-4jVBuZdpWrKsd.&mime_type=video_mp4&qs=0&rc=PDo4N2k6NWk6aTU8ZmQ6PEBpMzZ0eHQ5cnBocTMzODczNEA0YDM0Xy0vNmExYF5iNjNfYSNoZnNsMmRzZm5gLS1kMTFzcw%3D%3D&btag=e00088000&expire=1712077978&l=20240331171243BA00763331E53F557F2B&ply_type=2&policy=2&signature=36ac597aa4605c2184511fe99a57c02f&tk=tt_chain_token&__vid=TT-vCache-7346753646777912583
video/mp4,bytesbytes 0-2162103/2162104,1711905190.3435142,1711905190.344179,1711905190.4148018,1711905190.791754,dump,video,/video/tos/alisg/tos-alisg-pve-0037c001/o49eXGIy0gDvAaAeQMfRFqlxSQF3GxWEFE17fH/?a=1988&bti=NDU3ZjAwOg%3D%3D&ch=0&cr=3&dr=0&lr=unwatermarked&cd=0%7C0%7C0%7C&br=3942&bt=1971&cs=0&ds=6&ft=4KJMyMzm8Zmo0faa1-4jVBuZdpWrKsd.&mime_type=video_mp4&qs=0&rc=ZTw5ZGg8NWZnOzc3ODVnaEBpamVvdnM5cjp5cTMzODczNEBiNDIuYl40NTQxYzExMS40YSMxY2liMmRrYWxgLS1kMTFzcw%3D%3D&btag=e00088000&expire=1712077971&l=20240331171243BA00763331E53F557F2B&ply_type=2&policy=2&signature=ed695f196c64eb003bf1e65b1bef6630&tk=tt_chain_token
video/mp4,bytesbytes 0-614399/5295484,1711905195.2127092,1711905195.2142131,1711905195.2811148,1711905195.375618,dump,video,/video/tos/useast5/tos-useast5-pve-0068-tx/owrnaQSBlBKz4gliiFDS8AIoEDUlf5bg2REhPe/?a=1988&bti=NDU3ZjAwOg%3D%3D&ch=0&cr=3&dr=0&lr=unwatermarked&cd=0%7C0%7C0%7C&cv=1&br=3754&bt=1877&cs=0&ds=6&ft=4KJMyMzm8Zmo0faa1-4jVBuZdpWrKsd.&mime_type=video_mp4&qs=0&rc=Zjo1aDQ6aDtoNzc0NmdkaEBpanJsZ205cnlscTMzZzczNEBfYTVjLjIwXl8xYDUxMGIuYSNpX2ZoMmRjZ2ZgLS1kMS9zcw%3D%3D&btag=e00088000&expire=1712077985&l=20240331171243BA00763331E53F557F2B&ply_type=2&policy=2&signature=9fa9b12e75d3ddb0f4f76b438ba0925f&tk=tt_chain_token&__vid=TT-vCache-7342320862118333739
video/mp4,bytesbytes 614400-879983/5295484,1711905195.3916879,1711905195.392962,1711905195.413611,1711905195.448666,dump,video,/video/tos/useast5/tos-useast5-pve-0068-tx/owrnaQSBlBKz4gliiFDS8AIoEDUlf5bg2REhPe/?a=1988&bti=NDU3ZjAwOg%3D%3D&ch=0&cr=3&dr=0&lr=unwatermarked&cd=0%7C0%7C0%7C&cv=1&br=3754&bt=1877&cs=0&ds=6&ft=4KJMyMzm8Zmo0faa1-4jVBuZdpWrKsd.&mime_type=video_mp4&qs=0&rc=Zjo1aDQ6aDtoNzc0NmdkaEBpanJsZ205cnlscTMzZzczNEBfYTVjLjIwXl8xYDUxMGIuYSNpX2ZoMmRjZ2ZgLS1kMS9zcw%3D%3D&btag=e00088000&expire=1712077985&l=20240331171243BA00763331E53F557F2B&ply_type=2&policy=2&signature=9fa9b12e75d3ddb0f4f76b438ba0925f&tk=tt_chain_token&__vid=TT-vCache-7342320862118333739
video/mp4,bytesbytes 879984-2913464/5295484,1711905195.466902,1711905195.468735,1711905195.492992,1711905195.7673962,dump,video,/video/tos/useast5/tos-useast5-pve-0068-tx/owrnaQSBlBKz4gliiFDS8AIoEDUlf5bg2REhPe/?a=1988&bti=NDU3ZjAwOg%3D%3D&ch=0&cr=3&dr=0&lr=unwatermarked&cd=0%7C0%7C0%7C&cv=1&br=3754&bt=1877&cs=0&ds=6&ft=4KJMyMzm8Zmo0faa1-4jVBuZdpWrKsd.&mime_type=video_mp4&qs=0&rc=Zjo1aDQ6aDtoNzc0NmdkaEBpanJsZ205cnlscTMzZzczNEBfYTVjLjIwXl8xYDUxMGIuYSNpX2ZoMmRjZ2ZgLS1kMS9zcw%3D%3D&btag=e00088000&expire=1712077985&l=20240331171243BA00763331E53F557F2B&ply_type=2&policy=2&signature=9fa9b12e75d3ddb0f4f76b438ba0925f&tk=tt_chain_token&__vid=TT-vCache-7342320862118333739
video/mp4,bytesbytes 614400-1569173/3084592,1711905196.221477,1711905196.223038,1711905196.248279,1711905196.380662,dump,video,/video/tos/alisg/tos-alisg-pve-0037c001/oAnRDEg9QjlgSeEyIBp4HUFF39Qy0BfO1TAzlb/?a=1988&bti=NDU3ZjAwOg%3D%3D&ch=0&cr=3&dr=0&lr=unwatermarked&cd=0%7C0%7C0%7C&cv=1&br=3202&bt=1601&cs=0&ds=6&ft=4KJMyMzm8Zmo0faa1-4jVBuZdpWrKsd.&mime_type=video_mp4&qs=0&rc=PDo4N2k6NWk6aTU8ZmQ6PEBpMzZ0eHQ5cnBocTMzODczNEA0YDM0Xy0vNmExYF5iNjNfYSNoZnNsMmRzZm5gLS1kMTFzcw%3D%3D&btag=e00088000&expire=1712077978&l=20240331171243BA00763331E53F557F2B&ply_type=2&policy=2&signature=36ac597aa4605c2184511fe99a57c02f&tk=tt_chain_token&__vid=TT-vCache-7346753646777912583
video/mp4,bytesbytes 1569174-3084226/3084592,1711905196.407427,1711905196.40802,1711905196.4332979,1711905196.6349251,dump,video,/video/tos/alisg/tos-alisg-pve-0037c001/oAnRDEg9QjlgSeEyIBp4HUFF39Qy0BfO1TAzlb/?a=1988&bti=NDU3ZjAwOg%3D%3D&ch=0&cr=3&dr=0&lr=unwatermarked&cd=0%7C0%7C0%7C&cv=1&br=3202&bt=1601&cs=0&ds=6&ft=4KJMyMzm8Zmo0faa1-4jVBuZdpWrKsd.&mime_type=video_mp4&qs=0&rc=PDo4N2k6NWk6aTU8ZmQ6PEBpMzZ0eHQ5cnBocTMzODczNEA0YDM0Xy0vNmExYF5iNjNfYSNoZnNsMmRzZm5gLS1kMTFzcw%3D%3D&btag=e00088000&expire=1712077978&l=20240331171243BA00763331E53F557F2B&ply_type=2&policy=2&signature=36ac597aa4605c2184511fe99a57c02f&tk=tt_chain_token&__vid=TT-vCache-7346753646777912583
video/mp4,bytesbytes 0-614399/2718477,1711905197.2154298,1711905197.216554,1711905197.470884,1711905197.840292,dump,video,/video/tos/useast5/tos-useast5-pve-0068-tx/ocIEOAfQIkQoMEEL7nFfHCAl3Sdl5UI0jCD3If/?a=1988&bti=NDU3ZjAwOg%3D%3D&ch=0&cr=3&dr=0&lr=unwatermarked&cd=0%7C0%7C0%7C&cv=1&br=2458&bt=1229&cs=0&ds=6&ft=4KJMyMzm8Zmo0faa1-4jVBuZdpWrKsd.&mime_type=video_mp4&qs=0&rc=ZmRlPDZpNTc7Z2g8NDYzNUBpM3FzNHU5cmk3cTMzZzczNEAuYjRjXi5jXzMxMjAzYjMzYSNecy1xMmRzYjRgLS1kMS9zcw%3D%3D&btag=e00088000&expire=1712077980&l=20240331171243BA00763331E53F557F2B&ply_type=2&policy=2&signature=1b472a6f7086adca0a4ea8870cb29a34&tk=tt_chain_token&__vid=TT-vCache-7335880106973400362
video/mp4,bytesbytes 614400-1267774/2718477,1711905197.855901,1711905197.8570318,1711905197.885757,1711905197.9710588,dump,video,/video/tos/useast5/tos-useast5-pve-0068-tx/ocIEOAfQIkQoMEEL7nFfHCAl3Sdl5UI0jCD3If/?a=1988&bti=NDU3ZjAwOg%3D%3D&ch=0&cr=3&dr=0&lr=unwatermarked&cd=0%7C0%7C0%7C&cv=1&br=2458&bt=1229&cs=0&ds=6&ft=4KJMyMzm8Zmo0faa1-4jVBuZdpWrKsd.&mime_type=video_mp4&qs=0&rc=ZmRlPDZpNTc7Z2g8NDYzNUBpM3FzNHU5cmk3cTMzZzczNEAuYjRjXi5jXzMxMjAzYjMzYSNecy1xMmRzYjRgLS1kMS9zcw%3D%3D&btag=e00088000&expire=1712077980&l=20240331171243BA00763331E53F557F2B&ply_type=2&policy=2&signature=1b472a6f7086adca0a4ea8870cb29a34&tk=tt_chain_token&__vid=TT-vCache-7335880106973400362
video/mp4,bytesbytes 1267775-2718337/2718477,1711905197.992532,1711905197.993529,1711905198.0119,1711905198.209125,dump,video,/video/tos/useast5/tos-useast5-pve-0068-tx/ocIEOAfQIkQoMEEL7nFfHCAl3Sdl5UI0jCD3If/?a=1988&bti=NDU3ZjAwOg%3D%3D&ch=0&cr=3&dr=0&lr=unwatermarked&cd=0%7C0%7C0%7C&cv=1&br=2458&bt=1229&cs=0&ds=6&ft=4KJMyMzm8Zmo0faa1-4jVBuZdpWrKsd.&mime_type=video_mp4&qs=0&rc=ZmRlPDZpNTc7Z2g8NDYzNUBpM3FzNHU5cmk3cTMzZzczNEAuYjRjXi5jXzMxMjAzYjMzYSNecy1xMmRzYjRgLS1kMS9zcw%3D%3D&btag=e00088000&expire=1712077980&l=20240331171243BA00763331E53F557F2B&ply_type=2&policy=2&signature=1b472a6f7086adca0a4ea8870cb29a34&tk=tt_chain_token&__vid=TT-vCache-7335880106973400362
video/mp4,bytesbytes 3084227-3084591/3084592,1711905205.331559,1711905205.332201,1711905205.361244,1711905205.366078,dump,video,/video/tos/alisg/tos-alisg-pve-0037c001/oAnRDEg9QjlgSeEyIBp4HUFF39Qy0BfO1TAzlb/?a=1988&bti=NDU3ZjAwOg%3D%3D&ch=0&cr=3&dr=0&lr=unwatermarked&cd=0%7C0%7C0%7C&cv=1&br=3202&bt=1601&cs=0&ds=6&ft=4KJMyMzm8Zmo0faa1-4jVBuZdpWrKsd.&mime_type=video_mp4&qs=0&rc=PDo4N2k6NWk6aTU8ZmQ6PEBpMzZ0eHQ5cnBocTMzODczNEA0YDM0Xy0vNmExYF5iNjNfYSNoZnNsMmRzZm5gLS1kMTFzcw%3D%3D&btag=e00088000&expire=1712077978&l=20240331171243BA00763331E53F557F2B&ply_type=2&policy=2&signature=36ac597aa4605c2184511fe99a57c02f&tk=tt_chain_token&__vid=TT-vCache-7346753646777912583
video/mp4,bytesbytes 0-614399/2733872,1711905207.286626,1711905207.287916,1711905207.716897,1711905208.136718,dump,video,/video/tos/useast2a/tos-useast2a-ve-0068c002/oYmma29NDE2xXT9sAVFQJURSeBf0lCBIEaQjEk/?a=1988&bti=NDU3ZjAwOg%3D%3D&ch=0&cr=3&dr=0&lr=unwatermarked&cd=0%7C0%7C0%7C&cv=1&br=3036&bt=1518&cs=0&ds=6&ft=4KJMyMzm8Zmo0faa1-4jVBuZdpWrKsd.&mime_type=video_mp4&qs=0&rc=aDdpaDZkZTZmZTdpZDw1Z0BpanhmZng5cjdwcDMzNzczM0BhNjM2XmE2XzQxX18xYjZiYSNfaWJnMmRrajZgLS1kMTZzcw%3D%3D&btag=e00088000&expire=1712077977&l=20240331171243BA00763331E53F557F2B&ply_type=2&policy=2&signature=490b73273e7fda7fb0fbffdb4e26a32f&tk=tt_chain_token&__vid=TT-vCache-7319311548575386885
video/mp4,bytesbytes 614400-780991/2733872,1711905208.15469,1711905208.156319,1711905208.183606,1711905208.204572,dump,video,/video/tos/useast2a/tos-useast2a-ve-0068c002/oYmma29NDE2xXT9sAVFQJURSeBf0lCBIEaQjEk/?a=1988&bti=NDU3ZjAwOg%3D%3D&ch=0&cr=3&dr=0&lr=unwatermarked&cd=0%7C0%7C0%7C&cv=1&br=3036&bt=1518&cs=0&ds=6&ft=4KJMyMzm8Zmo0faa1-4jVBuZdpWrKsd.&mime_type=video_mp4&qs=0&rc=aDdpaDZkZTZmZTdpZDw1Z0BpanhmZng5cjdwcDMzNzczM0BhNjM2XmE2XzQxX18xYjZiYSNfaWJnMmRrajZgLS1kMTZzcw%3D%3D&btag=e00088000&expire=1712077977&l=20240331171243BA00763331E53F557F2B&ply_type=2&policy=2&signature=490b73273e7fda7fb0fbffdb4e26a32f&tk=tt_chain_token&__vid=TT-vCache-7319311548575386885
video/mp4,bytesbytes 780992-2733830/2733872,1711905208.2208939,1711905208.222312,1711905208.239278,1711905208.5114849,dump,video,/video/tos/useast2a/tos-useast2a-ve-0068c002/oYmma29NDE2xXT9sAVFQJURSeBf0lCBIEaQjEk/?a=1988&bti=NDU3ZjAwOg%3D%3D&ch=0&cr=3&dr=0&lr=unwatermarked&cd=0%7C0%7C0%7C&cv=1&br=3036&bt=1518&cs=0&ds=6&ft=4KJMyMzm8Zmo0faa1-4jVBuZdpWrKsd.&mime_type=video_mp4&qs=0&rc=aDdpaDZkZTZmZTdpZDw1Z0BpanhmZng5cjdwcDMzNzczM0BhNjM2XmE2XzQxX18xYjZiYSNfaWJnMmRrajZgLS1kMTZzcw%3D%3D&btag=e00088000&expire=1712077977&l=20240331171243BA00763331E53F557F2B&ply_type=2&policy=2&signature=490b73273e7fda7fb0fbffdb4e26a32f&tk=tt_chain_token&__vid=TT-vCache-7319311548575386885
video/mp4,bytesbytes 2913465-5295124/5295484,1711905210.972737,1711905210.9733498,1711905211.011976,1711905211.347376,dump,video,/video/tos/useast5/tos-useast5-pve-0068-tx/owrnaQSBlBKz4gliiFDS8AIoEDUlf5bg2REhPe/?a=1988&bti=NDU3ZjAwOg%3D%3D&ch=0&cr=3&dr=0&lr=unwatermarked&cd=0%7C0%7C0%7C&cv=1&br=3754&bt=1877&cs=0&ds=6&ft=4KJMyMzm8Zmo0faa1-4jVBuZdpWrKsd.&mime_type=video_mp4&qs=0&rc=Zjo1aDQ6aDtoNzc0NmdkaEBpanJsZ205cnlscTMzZzczNEBfYTVjLjIwXl8xYDUxMGIuYSNpX2ZoMmRjZ2ZgLS1kMS9zcw%3D%3D&btag=e00088000&expire=1712077985&l=20240331171243BA00763331E53F557F2B&ply_type=2&policy=2&signature=9fa9b12e75d3ddb0f4f76b438ba0925f&tk=tt_chain_token&__vid=TT-vCache-7342320862118333739
video/mp4,bytesbytes 5295125-5295483/5295484,1711905211.3743591,1711905211.375212,1711905211.4012532,1711905211.401645,dump,video,/video/tos/useast5/tos-useast5-pve-0068-tx/owrnaQSBlBKz4gliiFDS8AIoEDUlf5bg2REhPe/?a=1988&bti=NDU3ZjAwOg%3D%3D&ch=0&cr=3&dr=0&lr=unwatermarked&cd=0%7C0%7C0%7C&cv=1&br=3754&bt=1877&cs=0&ds=6&ft=4KJMyMzm8Zmo0faa1-4jVBuZdpWrKsd.&mime_type=video_mp4&qs=0&rc=Zjo1aDQ6aDtoNzc0NmdkaEBpanJsZ205cnlscTMzZzczNEBfYTVjLjIwXl8xYDUxMGIuYSNpX2ZoMmRjZ2ZgLS1kMS9zcw%3D%3D&btag=e00088000&expire=1712077985&l=20240331171243BA00763331E53F557F2B&ply_type=2&policy=2&signature=9fa9b12e75d3ddb0f4f76b438ba0925f&tk=tt_chain_token&__vid=TT-vCache-7342320862118333739
video/mp4,bytesbytes 0-614399/16477977,1711905212.9490979,1711905212.950885,1711905212.98675,1711905213.066962,dump,video,/video/tos/useast5/tos-useast5-pve-0068-tx/oIPEwi5QIHzIyARfuty9vyJ8XxZBCAi6pmOBHF/?a=1988&bti=NDU3ZjAwOg%3D%3D&ch=0&cr=3&dr=0&lr=unwatermarked&cd=0%7C0%7C0%7C&cv=1&br=6174&bt=3087&cs=0&ds=6&ft=4KJMyMzm8Zmo0faa1-4jVBuZdpWrKsd.&mime_type=video_mp4&qs=0&rc=NTk8aTk4NmU6ZTNmZ2Y8Z0BpM2tmOHM5cnc3cTMzZzczNEA2Ml9jNWBhNjUxYF8tX2BhYSNtX3JnMmRjNGtgLS1kMS9zcw%3D%3D&btag=e00088000&expire=1712078004&l=20240331171243BA00763331E53F557F2B&ply_type=2&policy=2&signature=e19aa767da65d95bf994160f9bcc52b5&tk=tt_chain_token&__vid=TT-vCache-7344883194044468522
video/mp4,bytesbytes 614400-1248462/16477977,1711905213.082377,1711905213.083984,1711905213.106812,1711905213.193695,dump,video,/video/tos/useast5/tos-useast5-pve-0068-tx/oIPEwi5QIHzIyARfuty9vyJ8XxZBCAi6pmOBHF/?a=1988&bti=NDU3ZjAwOg%3D%3D&ch=0&cr=3&dr=0&lr=unwatermarked&cd=0%7C0%7C0%7C&cv=1&br=6174&bt=3087&cs=0&ds=6&ft=4KJMyMzm8Zmo0faa1-4jVBuZdpWrKsd.&mime_type=video_mp4&qs=0&rc=NTk8aTk4NmU6ZTNmZ2Y8Z0BpM2tmOHM5cnc3cTMzZzczNEA2Ml9jNWBhNjUxYF8tX2BhYSNtX3JnMmRjNGtgLS1kMS9zcw%3D%3D&btag=e00088000&expire=1712078004&l=20240331171243BA00763331E53F557F2B&ply_type=2&policy=2&signature=e19aa767da65d95bf994160f9bcc52b5&tk=tt_chain_token&__vid=TT-vCache-7344883194044468522
video/mp4,bytesbytes 1248463-6273348/16477977,1711905213.216675,1711905213.2180521,1711905213.242392,1711905213.923201,dump,video,/video/tos/useast5/tos-useast5-pve-0068-tx/oIPEwi5QIHzIyARfuty9vyJ8XxZBCAi6pmOBHF/?a=1988&bti=NDU3ZjAwOg%3D%3D&ch=0&cr=3&dr=0&lr=unwatermarked&cd=0%7C0%7C0%7C&cv=1&br=6174&bt=3087&cs=0&ds=6&ft=4KJMyMzm8Zmo0faa1-4jVBuZdpWrKsd.&mime_type=video_mp4&qs=0&rc=NTk8aTk4NmU6ZTNmZ2Y8Z0BpM2tmOHM5cnc3cTMzZzczNEA2Ml9jNWBhNjUxYF8tX2BhYSNtX3JnMmRjNGtgLS1kMS9zcw%3D%3D&btag=e00088000&expire=1712078004&l=20240331171243BA00763331E53F557F2B&ply_type=2&policy=2&signature=e19aa767da65d95bf994160f9bcc52b5&tk=tt_chain_token&__vid=TT-vCache-7344883194044468522
video/mp4,bytesbytes 2718338-2718476/2718477,1711905221.4953852,1711905221.49715,1711905221.536127,1711905221.539405,dump,video,/video/tos/useast5/tos-useast5-pve-0068-tx/ocIEOAfQIkQoMEEL7nFfHCAl3Sdl5UI0jCD3If/?a=1988&bti=NDU3ZjAwOg%3D%3D&ch=0&cr=3&dr=0&lr=unwatermarked&cd=0%7C0%7C0%7C&cv=1&br=2458&bt=1229&cs=0&ds=6&ft=4KJMyMzm8Zmo0faa1-4jVBuZdpWrKsd.&mime_type=video_mp4&qs=0&rc=ZmRlPDZpNTc7Z2g8NDYzNUBpM3FzNHU5cmk3cTMzZzczNEAuYjRjXi5jXzMxMjAzYjMzYSNecy1xMmRzYjRgLS1kMS9zcw%3D%3D&btag=e00088000&expire=1712077980&l=20240331171243BA00763331E53F557F2B&ply_type=2&policy=2&signature=1b472a6f7086adca0a4ea8870cb29a34&tk=tt_chain_token&__vid=TT-vCache-7335880106973400362
video/mp4,bytesbytes 0-614399/8805615,1711905223.469631,1711905223.4708962,1711905223.894704,1711905224.2049909,dump,video,/video/tos/useast5/tos-useast5-ve-0068c003-tx/oUgTaAkGLCWoHGaLIhlVfAgZIHSRe0wADjRFf3/?a=1988&bti=NDU3ZjAwOg%3D%3D&ch=0&cr=3&dr=0&lr=unwatermarked&cd=0%7C0%7C0%7C&cv=1&br=3298&bt=1649&cs=0&ds=6&ft=4KJMyMzm8Zmo0faa1-4jVBuZdpWrKsd.&mime_type=video_mp4&qs=0&rc=NjlnODs8NGhmNjU0Z2llOkBpMzRsN3Q5cnhkcTMzZzczNEBfMTVgYS8yXzUxNWM1YTVeYSNwYTMwMmRzaGhgLS1kMS9zcw%3D%3D&btag=e00088000&expire=1712078004&l=20240331171243BA00763331E53F557F2B&ply_type=2&policy=2&signature=1b435dfd759b0a66a7271f49faecdfad&tk=tt_chain_token&__vid=TT-vCache-7343308293831478570
video/mp4,bytesbytes 614400-615591/8805615,1711905224.22261,1711905224.2236009,1711905224.243438,1711905224.244311,dump,video,/video/tos/useast5/tos-useast5-ve-0068c003-tx/oUgTaAkGLCWoHGaLIhlVfAgZIHSRe0wADjRFf3/?a=1988&bti=NDU3ZjAwOg%3D%3D&ch=0&cr=3&dr=0&lr=unwatermarked&cd=0%7C0%7C0%7C&cv=1&br=3298&bt=1649&cs=0&ds=6&ft=4KJMyMzm8Zmo0faa1-4jVBuZdpWrKsd.&mime_type=video_mp4&qs=0&rc=NjlnODs8NGhmNjU0Z2llOkBpMzRsN3Q5cnhkcTMzZzczNEBfMTVgYS8yXzUxNWM1YTVeYSNwYTMwMmRzaGhgLS1kMS9zcw%3D%3D&btag=e00088000&expire=1712078004&l=20240331171243BA00763331E53F557F2B&ply_type=2&policy=2&signature=1b435dfd759b0a66a7271f49faecdfad&tk=tt_chain_token&__vid=TT-vCache-7343308293831478570
video/mp4,bytesbytes 615592-3152535/8805615,1711905224.255599,1711905224.256577,1711905224.275295,1711905224.6223202,dump,video,/video/tos/useast5/tos-useast5-ve-0068c003-tx/oUgTaAkGLCWoHGaLIhlVfAgZIHSRe0wADjRFf3/?a=1988&bti=NDU3ZjAwOg%3D%3D&ch=0&cr=3&dr=0&lr=unwatermarked&cd=0%7C0%7C0%7C&cv=1&br=3298&bt=1649&cs=0&ds=6&ft=4KJMyMzm8Zmo0faa1-4jVBuZdpWrKsd.&mime_type=video_mp4&qs=0&rc=NjlnODs8NGhmNjU0Z2llOkBpMzRsN3Q5cnhkcTMzZzczNEBfMTVgYS8yXzUxNWM1YTVeYSNwYTMwMmRzaGhgLS1kMS9zcw%3D%3D&btag=e00088000&expire=1712078004&l=20240331171243BA00763331E53F557F2B&ply_type=2&policy=2&signature=1b435dfd759b0a66a7271f49faecdfad&tk=tt_chain_token&__vid=TT-vCache-7343308293831478570
video/mp4,bytesbytes 2733831-2733871/2733872,1711905246.8948648,1711905246.895249,1711905246.937443,1711905246.9417658,dump,video,/video/tos/useast2a/tos-useast2a-ve-0068c002/oYmma29NDE2xXT9sAVFQJURSeBf0lCBIEaQjEk/?a=1988&bti=NDU3ZjAwOg%3D%3D&ch=0&cr=3&dr=0&lr=unwatermarked&cd=0%7C0%7C0%7C&cv=1&br=3036&bt=1518&cs=0&ds=6&ft=4KJMyMzm8Zmo0faa1-4jVBuZdpWrKsd.&mime_type=video_mp4&qs=0&rc=aDdpaDZkZTZmZTdpZDw1Z0BpanhmZng5cjdwcDMzNzczM0BhNjM2XmE2XzQxX18xYjZiYSNfaWJnMmRrajZgLS1kMTZzcw%3D%3D&btag=e00088000&expire=1712077977&l=20240331171243BA00763331E53F557F2B&ply_type=2&policy=2&signature=490b73273e7fda7fb0fbffdb4e26a32f&tk=tt_chain_token&__vid=TT-vCache-7319311548575386885
video/mp4,bytesbytes 0-331387/349085,1711905248.873169,1711905248.8751209,1711905249.089283,1711905249.1486871,dump,video,/video/tos/useast5/tos-useast5-pve-0068-tx/oEeLfOjuIJGg4C5IlvLnzQzRHapnIACur4KkfA/?a=1988&bti=NDU3ZjAwOg%3D%3D&ch=0&cr=3&dr=0&lr=unwatermarked&cd=0%7C0%7C0%7C&cv=1&br=1034&bt=517&cs=0&ds=6&ft=4KJMyMzm8Zmo0faa1-4jVBuZdpWrKsd.&mime_type=video_mp4&qs=0&rc=NTo0PDo3ZWk1Mzk3Zzo7OkBpanZqdnU5cnhvcTMzZzczNEAuNC5iX2IvXzMxMC4vMjNhYSMzYnNrMmRjbS1gLS1kMS9zcw%3D%3D&btag=e00088000&expire=1712077968&l=20240331171243BA00763331E53F557F2B&ply_type=2&policy=2&signature=bf782f69e2073b7cef759a61bb036315&tk=tt_chain_token&__vid=TT-vCache-7332245468094713130
video/mp4,bytesbytes 331388-348738/349085,1711905249.1651561,1711905249.166236,1711905249.18653,1711905249.1870499,dump,video,/video/tos/useast5/tos-useast5-pve-0068-tx/oEeLfOjuIJGg4C5IlvLnzQzRHapnIACur4KkfA/?a=1988&bti=NDU3ZjAwOg%3D%3D&ch=0&cr=3&dr=0&lr=unwatermarked&cd=0%7C0%7C0%7C&cv=1&br=1034&bt=517&cs=0&ds=6&ft=4KJMyMzm8Zmo0faa1-4jVBuZdpWrKsd.&mime_type=video_mp4&qs=0&rc=NTo0PDo3ZWk1Mzk3Zzo7OkBpanZqdnU5cnhvcTMzZzczNEAuNC5iX2IvXzMxMC4vMjNhYSMzYnNrMmRjbS1gLS1kMS9zcw%3D%3D&btag=e00088000&expire=1712077968&l=20240331171243BA00763331E53F557F2B&ply_type=2&policy=2&signature=bf782f69e2073b7cef759a61bb036315&tk=tt_chain_token&__vid=TT-vCache-7332245468094713130
video/mp4,bytesbytes 348739-349084/349085,1711905249.198611,1711905249.200005,1711905249.219023,1711905249.220051,dump,video,/video/tos/useast5/tos-useast5-pve-0068-tx/oEeLfOjuIJGg4C5IlvLnzQzRHapnIACur4KkfA/?a=1988&bti=NDU3ZjAwOg%3D%3D&ch=0&cr=3&dr=0&lr=unwatermarked&cd=0%7C0%7C0%7C&cv=1&br=1034&bt=517&cs=0&ds=6&ft=4KJMyMzm8Zmo0faa1-4jVBuZdpWrKsd.&mime_type=video_mp4&qs=0&rc=NTo0PDo3ZWk1Mzk3Zzo7OkBpanZqdnU5cnhvcTMzZzczNEAuNC5iX2IvXzMxMC4vMjNhYSMzYnNrMmRjbS1gLS1kMS9zcw%3D%3D&btag=e00088000&expire=1712077968&l=20240331171243BA00763331E53F557F2B&ply_type=2&policy=2&signature=bf782f69e2073b7cef759a61bb036315&tk=tt_chain_token&__vid=TT-vCache-7332245468094713130
video/mp4,bytesbytes 6273349-11812588/16477977,1711905252.799895,1711905252.800493,1711905252.8201542,1711905253.574965,dump,video,/video/tos/useast5/tos-useast5-pve-0068-tx/oIPEwi5QIHzIyARfuty9vyJ8XxZBCAi6pmOBHF/?a=1988&bti=NDU3ZjAwOg%3D%3D&ch=0&cr=3&dr=0&lr=unwatermarked&cd=0%7C0%7C0%7C&cv=1&br=6174&bt=3087&cs=0&ds=6&ft=4KJMyMzm8Zmo0faa1-4jVBuZdpWrKsd.&mime_type=video_mp4&qs=0&rc=NTk8aTk4NmU6ZTNmZ2Y8Z0BpM2tmOHM5cnc3cTMzZzczNEA2Ml9jNWBhNjUxYF8tX2BhYSNtX3JnMmRjNGtgLS1kMS9zcw%3D%3D&btag=e00088000&expire=1712078004&l=20240331171243BA00763331E53F557F2B&ply_type=2&policy=2&signature=e19aa767da65d95bf994160f9bcc52b5&tk=tt_chain_token&__vid=TT-vCache-7344883194044468522
video/mp4,bytesbytes 11812589-16477853/16477977,1711905254.530008,1711905254.531741,1711905254.5645282,1711905255.1951911,dump,video,/video/tos/useast5/tos-useast5-pve-0068-tx/oIPEwi5QIHzIyARfuty9vyJ8XxZBCAi6pmOBHF/?a=1988&bti=NDU3ZjAwOg%3D%3D&ch=0&cr=3&dr=0&lr=unwatermarked&cd=0%7C0%7C0%7C&cv=1&br=6174&bt=3087&cs=0&ds=6&ft=4KJMyMzm8Zmo0faa1-4jVBuZdpWrKsd.&mime_type=video_mp4&qs=0&rc=NTk8aTk4NmU6ZTNmZ2Y8Z0BpM2tmOHM5cnc3cTMzZzczNEA2Ml9jNWBhNjUxYF8tX2BhYSNtX3JnMmRjNGtgLS1kMS9zcw%3D%3D&btag=e00088000&expire=1712078004&l=20240331171243BA00763331E53F557F2B&ply_type=2&policy=2&signature=e19aa767da65d95bf994160f9bcc52b5&tk=tt_chain_token&__vid=TT-vCache-7344883194044468522
video/mp4,bytesbytes 0-614399/1339255,1711905254.9537878,1711905254.954533,1711905255.5054379,1711905256.043652,dump,video,/video/tos/alisg/tos-alisg-pve-0037c001/oUFzA8TKMGfXXGgRxrQff6g01FQRQAyAfEGv4A/?a=1988&bti=NDU3ZjAwOg%3D%3D&ch=0&cr=3&dr=0&lr=unwatermarked&cd=0%7C0%7C0%7C&cv=1&br=1390&bt=695&cs=0&ds=6&ft=4KJMyMzm8Zmo0faa1-4jVBuZdpWrKsd.&mime_type=video_mp4&qs=0&rc=NWZkOzhoZzZlZDk2NTw6OkBpMzczM3k5cjl5cTMzODczNEBiNGEyYi4xNWAxYTQyMDIuYSNsbWluMmQ0cm5gLS1kMTFzcw%3D%3D&btag=e00088000&expire=1712077978&l=20240331171243BA00763331E53F557F2B&ply_type=2&policy=2&signature=5e81c414d2ea39f1b132d4f853cb3b45&tk=tt_chain_token&__vid=TT-vCache-7347058929643506952
video/mp4,bytesbytes 614400-1339068/1339255,1711905256.065658,1711905256.066294,1711905256.104685,1711905256.32833,dump,video,/video/tos/alisg/tos-alisg-pve-0037c001/oUFzA8TKMGfXXGgRxrQff6g01FQRQAyAfEGv4A/?a=1988&bti=NDU3ZjAwOg%3D%3D&ch=0&cr=3&dr=0&lr=unwatermarked&cd=0%7C0%7C0%7C&cv=1&br=1390&bt=695&cs=0&ds=6&ft=4KJMyMzm8Zmo0faa1-4jVBuZdpWrKsd.&mime_type=video_mp4&qs=0&rc=NWZkOzhoZzZlZDk2NTw6OkBpMzczM3k5cjl5cTMzODczNEBiNGEyYi4xNWAxYTQyMDIuYSNsbWluMmQ0cm5gLS1kMTFzcw%3D%3D&btag=e00088000&expire=1712077978&l=20240331171243BA00763331E53F557F2B&ply_type=2&policy=2&signature=5e81c414d2ea39f1b132d4f853cb3b45&tk=tt_chain_token&__vid=TT-vCache-7347058929643506952
video/mp4,bytesbytes 3152536-5182775/8805615,1711905257.388221,1711905257.3889,1711905257.583343,1711905258.202228,dump,video,/video/tos/useast5/tos-useast5-ve-0068c003-tx/oUgTaAkGLCWoHGaLIhlVfAgZIHSRe0wADjRFf3/?a=1988&bti=NDU3ZjAwOg%3D%3D&ch=0&cr=3&dr=0&lr=unwatermarked&cd=0%7C0%7C0%7C&cv=1&br=3298&bt=1649&cs=0&ds=6&ft=4KJMyMzm8Zmo0faa1-4jVBuZdpWrKsd.&mime_type=video_mp4&qs=0&rc=NjlnODs8NGhmNjU0Z2llOkBpMzRsN3Q5cnhkcTMzZzczNEBfMTVgYS8yXzUxNWM1YTVeYSNwYTMwMmRzaGhgLS1kMS9zcw%3D%3D&btag=e00088000&expire=1712078004&l=20240331171243BA00763331E53F557F2B&ply_type=2&policy=2&signature=1b435dfd759b0a66a7271f49faecdfad&tk=tt_chain_token&__vid=TT-vCache-7343308293831478570
video/mp4,bytesbytes 5182776-7709457/8805615,1711905258.2880158,1711905258.2891378,1711905258.335653,1711905258.698465,dump,video,/video/tos/useast5/tos-useast5-ve-0068c003-tx/oUgTaAkGLCWoHGaLIhlVfAgZIHSRe0wADjRFf3/?a=1988&bti=NDU3ZjAwOg%3D%3D&ch=0&cr=3&dr=0&lr=unwatermarked&cd=0%7C0%7C0%7C&cv=1&br=3298&bt=1649&cs=0&ds=6&ft=4KJMyMzm8Zmo0faa1-4jVBuZdpWrKsd.&mime_type=video_mp4&qs=0&rc=NjlnODs8NGhmNjU0Z2llOkBpMzRsN3Q5cnhkcTMzZzczNEBfMTVgYS8yXzUxNWM1YTVeYSNwYTMwMmRzaGhgLS1kMS9zcw%3D%3D&btag=e00088000&expire=1712078004&l=20240331171243BA00763331E53F557F2B&ply_type=2&policy=2&signature=1b435dfd759b0a66a7271f49faecdfad&tk=tt_chain_token&__vid=TT-vCache-7343308293831478570
video/mp4,bytesbytes 0-819199/8283548,1711905259.365186,1711905259.3668869,1711905259.549382,1711905259.714682,dump,video,/video/tos/useast5/tos-useast5-ve-0068c002-tx/oAviZQA4Boi5BOnTHrEIE7wkglTMuQ5nb4dUj/?a=1988&bti=NDU3ZjAwOg%3D%3D&ch=0&cr=3&dr=0&lr=unwatermarked&cd=0%7C0%7C0%7C&cv=1&br=1300&bt=650&cs=0&ds=6&ft=4KJMyMzm8Zmo0faa1-4jVBuZdpWrKsd.&mime_type=video_mp4&qs=0&rc=PDo6Njg8Z2Q7PGhpMzZlOEBpam1tdHI5cmp1cTMzZzczNEAxXi8xLl4xX2ExNmIyNS40YSNpajFmMmRrZjZgLS1kMS9zcw%3D%3D&btag=e00090000&expire=1712078062&l=20240331171243BA00763331E53F557F2B&ply_type=2&policy=2&signature=f68c4fa6238214af0cfc9a0a62f045fd&tk=tt_chain_token&__vid=TT-vCache-7337412219749158186
video/mp4,bytesbytes 1339069-1339254/1339255,1711905262.8712058,1711905262.871861,1711905263.098538,1711905263.5072808,dump,video,/video/tos/alisg/tos-alisg-pve-0037c001/oUFzA8TKMGfXXGgRxrQff6g01FQRQAyAfEGv4A/?a=1988&bti=NDU3ZjAwOg%3D%3D&ch=0&cr=3&dr=0&lr=unwatermarked&cd=0%7C0%7C0%7C&cv=1&br=1390&bt=695&cs=0&ds=6&ft=4KJMyMzm8Zmo0faa1-4jVBuZdpWrKsd.&mime_type=video_mp4&qs=0&rc=NWZkOzhoZzZlZDk2NTw6OkBpMzczM3k5cjl5cTMzODczNEBiNGEyYi4xNWAxYTQyMDIuYSNsbWluMmQ0cm5gLS1kMTFzcw%3D%3D&btag=e00088000&expire=1712077978&l=20240331171243BA00763331E53F557F2B&ply_type=2&policy=2&signature=5e81c414d2ea39f1b132d4f853cb3b45&tk=tt_chain_token&__vid=TT-vCache-7347058929643506952
video/mp4,bytesbytes 0-614399/4391981,1711905265.073985,1711905265.074423,1711905265.126335,1711905265.2031271,dump,video,/video/tos/useast5/tos-useast5-ve-0068c002-tx/o0NgIkiqMSSgMmETDQBAEe00Rnlg4BHEEeixvp/?a=1988&bti=NDU3ZjAwOg%3D%3D&ch=0&cr=3&dr=0&lr=unwatermarked&cd=0%7C0%7C0%7C&cv=1&br=4446&bt=2223&cs=0&ds=6&ft=4KJMyMzm8Zmo07Xa1-4jVDozdpWrKsd.&mime_type=video_mp4&qs=0&rc=OjU7NDM8OTY6Omc8ZWZkNUBpMzk5bm45cjN3cTMzZzczNEAvNS9hYS1gNmAxYS8zLmEzYSNmLmpnMmRrcTZgLS1kMS9zcw%3D%3D&btag=e00088000&expire=1712078078&l=20240331171422CE08A24759440D5528A7&ply_type=2&policy=2&signature=721d6f20f01fd96c97fa516deb2f7857&tk=tt_chain_token&__vid=TT-vCache-7337455244558863659
video/mp4,bytesbytes 614400-3314077/4391981,1711905265.2103438,1711905265.212207,1711905265.2327611,1711905265.667899,dump,video,/video/tos/useast5/tos-useast5-ve-0068c002-tx/o0NgIkiqMSSgMmETDQBAEe00Rnlg4BHEEeixvp/?a=1988&bti=NDU3ZjAwOg%3D%3D&ch=0&cr=3&dr=0&lr=unwatermarked&cd=0%7C0%7C0%7C&cv=1&br=4446&bt=2223&cs=0&ds=6&ft=4KJMyMzm8Zmo07Xa1-4jVDozdpWrKsd.&mime_type=video_mp4&qs=0&rc=OjU7NDM8OTY6Omc8ZWZkNUBpMzk5bm45cjN3cTMzZzczNEAvNS9hYS1gNmAxYS8zLmEzYSNmLmpnMmRrcTZgLS1kMS9zcw%3D%3D&btag=e00088000&expire=1712078078&l=20240331171422CE08A24759440D5528A7&ply_type=2&policy=2&signature=721d6f20f01fd96c97fa516deb2f7857&tk=tt_chain_token&__vid=TT-vCache-7337455244558863659
video/mp4,bytesbytes 819200-2254704/8283548,1711905265.184407,1711905265.185261,1711905265.368351,1711905265.92611,dump,video,/video/tos/useast5/tos-useast5-ve-0068c002-tx/oAviZQA4Boi5BOnTHrEIE7wkglTMuQ5nb4dUj/?a=1988&bti=NDU3ZjAwOg%3D%3D&ch=0&cr=3&dr=0&lr=unwatermarked&cd=0%7C0%7C0%7C&cv=1&br=1300&bt=650&cs=0&ds=6&ft=4KJMyMzm8Zmo0faa1-4jVBuZdpWrKsd.&mime_type=video_mp4&qs=0&rc=PDo6Njg8Z2Q7PGhpMzZlOEBpam1tdHI5cmp1cTMzZzczNEAxXi8xLl4xX2ExNmIyNS40YSNpajFmMmRrZjZgLS1kMS9zcw%3D%3D&btag=e00090000&expire=1712078062&l=20240331171243BA00763331E53F557F2B&ply_type=2&policy=2&signature=f68c4fa6238214af0cfc9a0a62f045fd&tk=tt_chain_token&__vid=TT-vCache-7337412219749158186
video/mp4,bytesbytes 3314078-4391720/4391981,1711905265.697076,1711905265.698184,1711905265.73039,1711905265.947242,dump,video,/video/tos/useast5/tos-useast5-ve-0068c002-tx/o0NgIkiqMSSgMmETDQBAEe00Rnlg4BHEEeixvp/?a=1988&bti=NDU3ZjAwOg%3D%3D&ch=0&cr=3&dr=0&lr=unwatermarked&cd=0%7C0%7C0%7C&cv=1&br=4446&bt=2223&cs=0&ds=6&ft=4KJMyMzm8Zmo07Xa1-4jVDozdpWrKsd.&mime_type=video_mp4&qs=0&rc=OjU7NDM8OTY6Omc8ZWZkNUBpMzk5bm45cjN3cTMzZzczNEAvNS9hYS1gNmAxYS8zLmEzYSNmLmpnMmRrcTZgLS1kMS9zcw%3D%3D&btag=e00088000&expire=1712078078&l=20240331171422CE08A24759440D5528A7&ply_type=2&policy=2&signature=721d6f20f01fd96c97fa516deb2f7857&tk=tt_chain_token&__vid=TT-vCache-7337455244558863659
video/mp4,bytesbytes 2254705-3482861/8283548,1711905265.991782,1711905265.992909,1711905266.0283709,1711905266.263741,dump,video,/video/tos/useast5/tos-useast5-ve-0068c002-tx/oAviZQA4Boi5BOnTHrEIE7wkglTMuQ5nb4dUj/?a=1988&bti=NDU3ZjAwOg%3D%3D&ch=0&cr=3&dr=0&lr=unwatermarked&cd=0%7C0%7C0%7C&cv=1&br=1300&bt=650&cs=0&ds=6&ft=4KJMyMzm8Zmo0faa1-4jVBuZdpWrKsd.&mime_type=video_mp4&qs=0&rc=PDo6Njg8Z2Q7PGhpMzZlOEBpam1tdHI5cmp1cTMzZzczNEAxXi8xLl4xX2ExNmIyNS40YSNpajFmMmRrZjZgLS1kMS9zcw%3D%3D&btag=e00090000&expire=1712078062&l=20240331171243BA00763331E53F557F2B&ply_type=2&policy=2&signature=f68c4fa6238214af0cfc9a0a62f045fd&tk=tt_chain_token&__vid=TT-vCache-7337412219749158186
video/mp4,bytesbytes 0-614399/2543804,1711905266.060564,1711905266.061593,1711905266.18434,1711905266.29212,dump,video,/video/tos/useast2a/tos-useast2a-pve-0068/oEfLCvsEExvFkmfA0g8QrCX2j5mjDCgpIfhIvS/?a=1988&bti=NDU3ZjAwOg%3D%3D&ch=0&cr=3&dr=0&lr=unwatermarked&cd=0%7C0%7C0%7C&cv=1&br=2920&bt=1460&cs=0&ds=6&ft=4KJMyMzm8Zmo07Xa1-4jVDozdpWrKsd.&mime_type=video_mp4&qs=0&rc=OjU3ZmhlaDVmaDU3Z2g8M0BpanE6dm45cnZ5cTMzNzczM0AvNmNjYy8wNjMxMzZhNGMtYSNkMW5pMmRjcF9gLS1kMTZzcw%3D%3D&btag=e00088000&expire=1712078076&l=20240331171422CE08A24759440D5528A7&ply_type=2&policy=2&signature=ca2aac208e2e769ad18e26fe7940ebc8&tk=tt_chain_token&__vid=TT-vCache-7338614424330079493
video/mp4,bytesbytes 614400-2388212/2543804,1711905266.308413,1711905266.30967,1711905266.423101,1711905266.995185,dump,video,/video/tos/useast2a/tos-useast2a-pve-0068/oEfLCvsEExvFkmfA0g8QrCX2j5mjDCgpIfhIvS/?a=1988&bti=NDU3ZjAwOg%3D%3D&ch=0&cr=3&dr=0&lr=unwatermarked&cd=0%7C0%7C0%7C&cv=1&br=2920&bt=1460&cs=0&ds=6&ft=4KJMyMzm8Zmo07Xa1-4jVDozdpWrKsd.&mime_type=video_mp4&qs=0&rc=OjU3ZmhlaDVmaDU3Z2g8M0BpanE6dm45cnZ5cTMzNzczM0AvNmNjYy8wNjMxMzZhNGMtYSNkMW5pMmRjcF9gLS1kMTZzcw%3D%3D&btag=e00088000&expire=1712078076&l=20240331171422CE08A24759440D5528A7&ply_type=2&policy=2&signature=ca2aac208e2e769ad18e26fe7940ebc8&tk=tt_chain_token&__vid=TT-vCache-7338614424330079493
video/mp4,bytesbytes 0-614399/2225096,1711905267.060082,1711905267.060852,1711905267.516624,1711905267.596237,dump,video,/video/tos/useast8/tos-useast8-ve-0068c004-tx2/o059IvAII3GAvqfLWXCvmLZbrEbIrEgPQSwQee/?a=1988&bti=NDU3ZjAwOg%3D%3D&ch=0&cr=3&dr=0&lr=unwatermarked&cd=0%7C0%7C0%7C&cv=1&br=2536&bt=1268&cs=0&ds=6&ft=4KJMyMzm8Zmo07Xa1-4jVDozdpWrKsd.&mime_type=video_mp4&qs=0&rc=MzZmaWY0aDtlNGY4NWg6N0BpMztpaHQ5cnhlcTMzaTgzNEAvNTUtLl82NWExNl5hL2BhYSMvcnNvMmRzM2NgLS1kLzJzcw%3D%3D&btag=e00088000&expire=1712078076&l=20240331171422CE08A24759440D5528A7&ply_type=2&policy=2&signature=621d1c5d77a1864d9d1bbc0d3290ca55&tk=tt_chain_token&__vid=TT-vCache-7338640609491832110
video/mp4,bytesbytes 614400-2224925/2225096,1711905267.6161358,1711905267.6172302,1711905267.814828,1711905268.275805,dump,video,/video/tos/useast8/tos-useast8-ve-0068c004-tx2/o059IvAII3GAvqfLWXCvmLZbrEbIrEgPQSwQee/?a=1988&bti=NDU3ZjAwOg%3D%3D&ch=0&cr=3&dr=0&lr=unwatermarked&cd=0%7C0%7C0%7C&cv=1&br=2536&bt=1268&cs=0&ds=6&ft=4KJMyMzm8Zmo07Xa1-4jVDozdpWrKsd.&mime_type=video_mp4&qs=0&rc=MzZmaWY0aDtlNGY4NWg6N0BpMztpaHQ5cnhlcTMzaTgzNEAvNTUtLl82NWExNl5hL2BhYSMvcnNvMmRzM2NgLS1kLzJzcw%3D%3D&btag=e00088000&expire=1712078076&l=20240331171422CE08A24759440D5528A7&ply_type=2&policy=2&signature=621d1c5d77a1864d9d1bbc0d3290ca55&tk=tt_chain_token&__vid=TT-vCache-7338640609491832110
video/mp4,bytesbytes 3482862-4987776/8283548,1711905276.906293,1711905276.90817,1711905277.055698,1711905277.455165,dump,video,/video/tos/useast5/tos-useast5-ve-0068c002-tx/oAviZQA4Boi5BOnTHrEIE7wkglTMuQ5nb4dUj/?a=1988&bti=NDU3ZjAwOg%3D%3D&ch=0&cr=3&dr=0&lr=unwatermarked&cd=0%7C0%7C0%7C&cv=1&br=1300&bt=650&cs=0&ds=6&ft=4KJMyMzm8Zmo0faa1-4jVBuZdpWrKsd.&mime_type=video_mp4&qs=0&rc=PDo6Njg8Z2Q7PGhpMzZlOEBpam1tdHI5cmp1cTMzZzczNEAxXi8xLl4xX2ExNmIyNS40YSNpajFmMmRrZjZgLS1kMS9zcw%3D%3D&btag=e00090000&expire=1712078062&l=20240331171243BA00763331E53F557F2B&ply_type=2&policy=2&signature=f68c4fa6238214af0cfc9a0a62f045fd&tk=tt_chain_token&__vid=TT-vCache-7337412219749158186
video/mp4,bytesbytes 4391721-4391980/4391981,1711905279.969337,1711905279.969729,1711905280.0300522,1711905280.041696,dump,video,/video/tos/useast5/tos-useast5-ve-0068c002-tx/o0NgIkiqMSSgMmETDQBAEe00Rnlg4BHEEeixvp/?a=1988&bti=NDU3ZjAwOg%3D%3D&ch=0&cr=3&dr=0&lr=unwatermarked&cd=0%7C0%7C0%7C&cv=1&br=4446&bt=2223&cs=0&ds=6&ft=4KJMyMzm8Zmo07Xa1-4jVDozdpWrKsd.&mime_type=video_mp4&qs=0&rc=OjU7NDM8OTY6Omc8ZWZkNUBpMzk5bm45cjN3cTMzZzczNEAvNS9hYS1gNmAxYS8zLmEzYSNmLmpnMmRrcTZgLS1kMS9zcw%3D%3D&btag=e00088000&expire=1712078078&l=20240331171422CE08A24759440D5528A7&ply_type=2&policy=2&signature=721d6f20f01fd96c97fa516deb2f7857&tk=tt_chain_token&__vid=TT-vCache-7337455244558863659
video/mp4,bytesbytes 0-614399/4519086,1711905281.9520938,1711905281.9537668,1711905282.011057,1711905282.0953941,dump,video,/video/tos/useast5/tos-useast5-pve-0068-tx/ooutkQZIG0mh4CixAIeeAGgneLgUILHI0msj83/?a=1988&bti=NDU3ZjAwOg%3D%3D&ch=0&cr=3&dr=0&lr=unwatermarked&cd=0%7C0%7C0%7C&cv=1&br=1150&bt=575&cs=0&ds=6&ft=4KJMyMzm8Zmo07Xa1-4jVDozdpWrKsd.&mime_type=video_mp4&qs=0&rc=Nzs1ZDhmZmVlPDw8Zzw0N0BpM3JuNHM5cmV2cTMzZzczNEBjXy8xNi1gXzIxYzEzLzJeYSNvcjZoMmQ0NWFgLS1kMS9zcw%3D%3D&btag=e00090000&expire=1712078124&l=20240331171422CE08A24759440D5528A7&ply_type=2&policy=2&signature=21ccabf622e1f6ba14fbddb3a1d63725&tk=tt_chain_token&__vid=TT-vCache-7339677394636164398
video/mp4,bytesbytes 614400-639360/4519086,1711905282.117971,1711905282.1191869,1711905282.138977,1711905282.139694,dump,video,/video/tos/useast5/tos-useast5-pve-0068-tx/ooutkQZIG0mh4CixAIeeAGgneLgUILHI0msj83/?a=1988&bti=NDU3ZjAwOg%3D%3D&ch=0&cr=3&dr=0&lr=unwatermarked&cd=0%7C0%7C0%7C&cv=1&br=1150&bt=575&cs=0&ds=6&ft=4KJMyMzm8Zmo07Xa1-4jVDozdpWrKsd.&mime_type=video_mp4&qs=0&rc=Nzs1ZDhmZmVlPDw8Zzw0N0BpM3JuNHM5cmV2cTMzZzczNEBjXy8xNi1gXzIxYzEzLzJeYSNvcjZoMmQ0NWFgLS1kMS9zcw%3D%3D&btag=e00090000&expire=1712078124&l=20240331171422CE08A24759440D5528A7&ply_type=2&policy=2&signature=21ccabf622e1f6ba14fbddb3a1d63725&tk=tt_chain_token&__vid=TT-vCache-7339677394636164398
video/mp4,bytesbytes 639361-1843010/4519086,1711905282.1466858,1711905282.14727,1711905282.165523,1711905282.3246531,dump,video,/video/tos/useast5/tos-useast5-pve-0068-tx/ooutkQZIG0mh4CixAIeeAGgneLgUILHI0msj83/?a=1988&bti=NDU3ZjAwOg%3D%3D&ch=0&cr=3&dr=0&lr=unwatermarked&cd=0%7C0%7C0%7C&cv=1&br=1150&bt=575&cs=0&ds=6&ft=4KJMyMzm8Zmo07Xa1-4jVDozdpWrKsd.&mime_type=video_mp4&qs=0&rc=Nzs1ZDhmZmVlPDw8Zzw0N0BpM3JuNHM5cmV2cTMzZzczNEBjXy8xNi1gXzIxYzEzLzJeYSNvcjZoMmQ0NWFgLS1kMS9zcw%3D%3D&btag=e00090000&expire=1712078124&l=20240331171422CE08A24759440D5528A7&ply_type=2&policy=2&signature=21ccabf622e1f6ba14fbddb3a1d63725&tk=tt_chain_token&__vid=TT-vCache-7339677394636164398
video/mp4,bytesbytes 2388213-2543455/2543804,1711905298.0330582,1711905298.0336268,1711905298.066476,1711905298.093317,dump,video,/video/tos/useast2a/tos-useast2a-pve-0068/oEfLCvsEExvFkmfA0g8QrCX2j5mjDCgpIfhIvS/?a=1988&bti=NDU3ZjAwOg%3D%3D&ch=0&cr=3&dr=0&lr=unwatermarked&cd=0%7C0%7C0%7C&cv=1&br=2920&bt=1460&cs=0&ds=6&ft=4KJMyMzm8Zmo07Xa1-4jVDozdpWrKsd.&mime_type=video_mp4&qs=0&rc=OjU3ZmhlaDVmaDU3Z2g8M0BpanE6dm45cnZ5cTMzNzczM0AvNmNjYy8wNjMxMzZhNGMtYSNkMW5pMmRjcF9gLS1kMTZzcw%3D%3D&btag=e00088000&expire=1712078076&l=20240331171422CE08A24759440D5528A7&ply_type=2&policy=2&signature=ca2aac208e2e769ad18e26fe7940ebc8&tk=tt_chain_token&__vid=TT-vCache-7338614424330079493
video/mp4,bytesbytes 2543456-2543803/2543804,1711905298.117991,1711905298.1189811,1711905298.1352289,1711905298.135951,dump,video,/video/tos/useast2a/tos-useast2a-pve-0068/oEfLCvsEExvFkmfA0g8QrCX2j5mjDCgpIfhIvS/?a=1988&bti=NDU3ZjAwOg%3D%3D&ch=0&cr=3&dr=0&lr=unwatermarked&cd=0%7C0%7C0%7C&cv=1&br=2920&bt=1460&cs=0&ds=6&ft=4KJMyMzm8Zmo07Xa1-4jVDozdpWrKsd.&mime_type=video_mp4&qs=0&rc=OjU3ZmhlaDVmaDU3Z2g8M0BpanE6dm45cnZ5cTMzNzczM0AvNmNjYy8wNjMxMzZhNGMtYSNkMW5pMmRjcF9gLS1kMTZzcw%3D%3D&btag=e00088000&expire=1712078076&l=20240331171422CE08A24759440D5528A7&ply_type=2&policy=2&signature=ca2aac208e2e769ad18e26fe7940ebc8&tk=tt_chain_token&__vid=TT-vCache-7338614424330079493
video/mp4,bytesbytes 0-614399/12115618,1711905300.019052,1711905300.02073,1711905300.063104,1711905300.142874,dump,video,/video/tos/useast5/tos-useast5-pve-0068-tx/oQzLjLXflfnIIqaEHAIG7uSeTKbAPLQGgokCY1/?a=1988&bti=NDU3ZjAwOg%3D%3D&ch=0&cr=3&dr=0&lr=unwatermarked&cd=0%7C0%7C0%7C&cv=1&br=5454&bt=2727&cs=0&ds=6&ft=4KJMyMzm8Zmo07Xa1-4jVDozdpWrKsd.&mime_type=video_mp4&qs=0&rc=ZTY1O2lpNjxmODo8OTZoNUBpM3dvdnU5cmx0cTMzZzczNEBjNjVhNF4tX18xLzY2MGI1YSNqNXBrMmRjaDJgLS1kMS9zcw%3D%3D&btag=e00088000&expire=1712078097&l=20240331171422CE08A24759440D5528A7&ply_type=2&policy=2&signature=0fc1eb540e8fca6f191dfcbc929818d4&tk=tt_chain_token&__vid=TT-vCache-7335144361216298286
video/mp4,bytesbytes 614400-851270/12115618,1711905300.160637,1711905300.161381,1711905300.180546,1711905300.210927,dump,video,/video/tos/useast5/tos-useast5-pve-0068-tx/oQzLjLXflfnIIqaEHAIG7uSeTKbAPLQGgokCY1/?a=1988&bti=NDU3ZjAwOg%3D%3D&ch=0&cr=3&dr=0&lr=unwatermarked&cd=0%7C0%7C0%7C&cv=1&br=5454&bt=2727&cs=0&ds=6&ft=4KJMyMzm8Zmo07Xa1-4jVDozdpWrKsd.&mime_type=video_mp4&qs=0&rc=ZTY1O2lpNjxmODo8OTZoNUBpM3dvdnU5cmx0cTMzZzczNEBjNjVhNF4tX18xLzY2MGI1YSNqNXBrMmRjaDJgLS1kMS9zcw%3D%3D&btag=e00088000&expire=1712078097&l=20240331171422CE08A24759440D5528A7&ply_type=2&policy=2&signature=0fc1eb540e8fca6f191dfcbc929818d4&tk=tt_chain_token&__vid=TT-vCache-7335144361216298286
video/mp4,bytesbytes 851271-5212539/12115618,1711905300.2180119,1711905300.219176,1711905300.2765598,1711905300.880307,dump,video,/video/tos/useast5/tos-useast5-pve-0068-tx/oQzLjLXflfnIIqaEHAIG7uSeTKbAPLQGgokCY1/?a=1988&bti=NDU3ZjAwOg%3D%3D&ch=0&cr=3&dr=0&lr=unwatermarked&cd=0%7C0%7C0%7C&cv=1&br=5454&bt=2727&cs=0&ds=6&ft=4KJMyMzm8Zmo07Xa1-4jVDozdpWrKsd.&mime_type=video_mp4&qs=0&rc=ZTY1O2lpNjxmODo8OTZoNUBpM3dvdnU5cmx0cTMzZzczNEBjNjVhNF4tX18xLzY2MGI1YSNqNXBrMmRjaDJgLS1kMS9zcw%3D%3D&btag=e00088000&expire=1712078097&l=20240331171422CE08A24759440D5528A7&ply_type=2&policy=2&signature=0fc1eb540e8fca6f191dfcbc929818d4&tk=tt_chain_token&__vid=TT-vCache-7335144361216298286
video/mp4,bytesbytes 2224926-2225095/2225096,1711905306.931447,1711905306.932171,1711905306.959705,1711905306.960808,dump,video,/video/tos/useast8/tos-useast8-ve-0068c004-tx2/o059IvAII3GAvqfLWXCvmLZbrEbIrEgPQSwQee/?a=1988&bti=NDU3ZjAwOg%3D%3D&ch=0&cr=3&dr=0&lr=unwatermarked&cd=0%7C0%7C0%7C&cv=1&br=2536&bt=1268&cs=0&ds=6&ft=4KJMyMzm8Zmo07Xa1-4jVDozdpWrKsd.&mime_type=video_mp4&qs=0&rc=MzZmaWY0aDtlNGY4NWg6N0BpMztpaHQ5cnhlcTMzaTgzNEAvNTUtLl82NWExNl5hL2BhYSMvcnNvMmRzM2NgLS1kLzJzcw%3D%3D&btag=e00088000&expire=1712078076&l=20240331171422CE08A24759440D5528A7&ply_type=2&policy=2&signature=621d1c5d77a1864d9d1bbc0d3290ca55&tk=tt_chain_token&__vid=TT-vCache-7338640609491832110
video/mp4,bytesbytes 0-614399/4125319,1711905308.919032,1711905308.9202502,1711905309.033206,1711905309.1816041,dump,video,/video/tos/useast5/tos-useast5-ve-0068c001-tx/ogAvOJRWIQ3APW6RzYv8FWf7LMpfZfgiAlf5KA/?a=1988&bti=NDU3ZjAwOg%3D%3D&ch=0&cr=3&dr=0&lr=unwatermarked&cd=0%7C0%7C0%7C&br=4390&bt=2195&cs=0&ds=6&ft=4KJMyMzm8Zmo07Xa1-4jVDozdpWrKsd.&mime_type=video_mp4&qs=0&rc=ZThnZThlODs2NTVlZ2c6ZEBpM2p2bG45cnh5cDMzZzgzNEAzMy9iY14uNWIxMl5eYzIvYSMwc142MmRzcHFgLS1kLy9zcw%3D%3D&btag=e00088000&expire=1712078077&l=20240331171422CE08A24759440D5528A7&ply_type=2&policy=2&signature=6b94252a37a6638445e3d52ca658d126&tk=tt_chain_token&__vid=TT-vCache-7325530474787507499
video/mp4,bytesbytes 614400-822484/4125319,1711905309.196291,1711905309.197261,1711905309.2324722,1711905309.258894,dump,video,/video/tos/useast5/tos-useast5-ve-0068c001-tx/ogAvOJRWIQ3APW6RzYv8FWf7LMpfZfgiAlf5KA/?a=1988&bti=NDU3ZjAwOg%3D%3D&ch=0&cr=3&dr=0&lr=unwatermarked&cd=0%7C0%7C0%7C&br=4390&bt=2195&cs=0&ds=6&ft=4KJMyMzm8Zmo07Xa1-4jVDozdpWrKsd.&mime_type=video_mp4&qs=0&rc=ZThnZThlODs2NTVlZ2c6ZEBpM2p2bG45cnh5cDMzZzgzNEAzMy9iY14uNWIxMl5eYzIvYSMwc142MmRzcHFgLS1kLy9zcw%3D%3D&btag=e00088000&expire=1712078077&l=20240331171422CE08A24759440D5528A7&ply_type=2&policy=2&signature=6b94252a37a6638445e3d52ca658d126&tk=tt_chain_token&__vid=TT-vCache-7325530474787507499
video/mp4,bytesbytes 822485-4124993/4125319,1711905309.275638,1711905309.276893,1711905309.3517282,1711905309.831336,dump,video,/video/tos/useast5/tos-useast5-ve-0068c001-tx/ogAvOJRWIQ3APW6RzYv8FWf7LMpfZfgiAlf5KA/?a=1988&bti=NDU3ZjAwOg%3D%3D&ch=0&cr=3&dr=0&lr=unwatermarked&cd=0%7C0%7C0%7C&br=4390&bt=2195&cs=0&ds=6&ft=4KJMyMzm8Zmo07Xa1-4jVDozdpWrKsd.&mime_type=video_mp4&qs=0&rc=ZThnZThlODs2NTVlZ2c6ZEBpM2p2bG45cnh5cDMzZzgzNEAzMy9iY14uNWIxMl5eYzIvYSMwc142MmRzcHFgLS1kLy9zcw%3D%3D&btag=e00088000&expire=1712078077&l=20240331171422CE08A24759440D5528A7&ply_type=2&policy=2&signature=6b94252a37a6638445e3d52ca658d126&tk=tt_chain_token&__vid=TT-vCache-7325530474787507499
video/mp4,bytesbytes 5212540-8928262/12115618,1711905335.992501,1711905335.992906,1711905336.0108318,1711905336.517859,dump,video,/video/tos/useast5/tos-useast5-pve-0068-tx/oQzLjLXflfnIIqaEHAIG7uSeTKbAPLQGgokCY1/?a=1988&bti=NDU3ZjAwOg%3D%3D&ch=0&cr=3&dr=0&lr=unwatermarked&cd=0%7C0%7C0%7C&cv=1&br=5454&bt=2727&cs=0&ds=6&ft=4KJMyMzm8Zmo07Xa1-4jVDozdpWrKsd.&mime_type=video_mp4&qs=0&rc=ZTY1O2lpNjxmODo8OTZoNUBpM3dvdnU5cmx0cTMzZzczNEBjNjVhNF4tX18xLzY2MGI1YSNqNXBrMmRjaDJgLS1kMS9zcw%3D%3D&btag=e00088000&expire=1712078097&l=20240331171422CE08A24759440D5528A7&ply_type=2&policy=2&signature=0fc1eb540e8fca6f191dfcbc929818d4&tk=tt_chain_token&__vid=TT-vCache-7335144361216298286
video/mp4,bytesbytes 8928263-12115448/12115618,1711905337.3080509,1711905337.3092842,1711905337.3311412,1711905337.759386,dump,video,/video/tos/useast5/tos-useast5-pve-0068-tx/oQzLjLXflfnIIqaEHAIG7uSeTKbAPLQGgokCY1/?a=1988&bti=NDU3ZjAwOg%3D%3D&ch=0&cr=3&dr=0&lr=unwatermarked&cd=0%7C0%7C0%7C&cv=1&br=5454&bt=2727&cs=0&ds=6&ft=4KJMyMzm8Zmo07Xa1-4jVDozdpWrKsd.&mime_type=video_mp4&qs=0&rc=ZTY1O2lpNjxmODo8OTZoNUBpM3dvdnU5cmx0cTMzZzczNEBjNjVhNF4tX18xLzY2MGI1YSNqNXBrMmRjaDJgLS1kMS9zcw%3D%3D&btag=e00088000&expire=1712078097&l=20240331171422CE08A24759440D5528A7&ply_type=2&policy=2&signature=0fc1eb540e8fca6f191dfcbc929818d4&tk=tt_chain_token&__vid=TT-vCache-7335144361216298286
video/mp4,bytesbytes 12115449-12115617/12115618,1711905340.7795682,1711905340.780706,1711905340.8298008,1711905340.831397,dump,video,/video/tos/useast5/tos-useast5-pve-0068-tx/oQzLjLXflfnIIqaEHAIG7uSeTKbAPLQGgokCY1/?a=1988&bti=NDU3ZjAwOg%3D%3D&ch=0&cr=3&dr=0&lr=unwatermarked&cd=0%7C0%7C0%7C&cv=1&br=5454&bt=2727&cs=0&ds=6&ft=4KJMyMzm8Zmo07Xa1-4jVDozdpWrKsd.&mime_type=video_mp4&qs=0&rc=ZTY1O2lpNjxmODo8OTZoNUBpM3dvdnU5cmx0cTMzZzczNEBjNjVhNF4tX18xLzY2MGI1YSNqNXBrMmRjaDJgLS1kMS9zcw%3D%3D&btag=e00088000&expire=1712078097&l=20240331171422CE08A24759440D5528A7&ply_type=2&policy=2&signature=0fc1eb540e8fca6f191dfcbc929818d4&tk=tt_chain_token&__vid=TT-vCache-7335144361216298286
video/mp4,bytesbytes 4124994-4125318/4125319,1711905348.3845031,1711905348.384934,1711905348.430329,1711905348.434551,dump,video,/video/tos/useast5/tos-useast5-ve-0068c001-tx/ogAvOJRWIQ3APW6RzYv8FWf7LMpfZfgiAlf5KA/?a=1988&bti=NDU3ZjAwOg%3D%3D&ch=0&cr=3&dr=0&lr=unwatermarked&cd=0%7C0%7C0%7C&br=4390&bt=2195&cs=0&ds=6&ft=4KJMyMzm8Zmo07Xa1-4jVDozdpWrKsd.&mime_type=video_mp4&qs=0&rc=ZThnZThlODs2NTVlZ2c6ZEBpM2p2bG45cnh5cDMzZzgzNEAzMy9iY14uNWIxMl5eYzIvYSMwc142MmRzcHFgLS1kLy9zcw%3D%3D&btag=e00088000&expire=1712078077&l=20240331171422CE08A24759440D5528A7&ply_type=2&policy=2&signature=6b94252a37a6638445e3d52ca658d126&tk=tt_chain_token&__vid=TT-vCache-7325530474787507499
video/mp4,bytesbytes 0-1023999/14615109,1711905349.311991,1711905349.3133152,1711905349.398077,1711905349.536055,dump,video,/video/tos/useast5/tos-useast5-ve-0068c002-tx/oUUIxDFlUIDUeeQAmF8AfNEoLKEvjJFHkNYYxC/?a=1988&bti=NDU3ZjAwOg%3D%3D&ch=0&cr=3&dr=0&lr=unwatermarked&cd=0%7C0%7C0%7C&cv=1&br=1806&bt=903&cs=0&ds=6&ft=4KJMyMzm8Zmo05ga1-4jV2yZdpWrKsd.&mime_type=video_mp4&qs=0&rc=NjxlNmk2ZWk3ZGRpNjU3NkBpam5xNng5cnFmcTMzZzczNEAyMTJeXzBjXzQxYjIuLy81YSMvLzVoMmRrNjJgLS1kMS9zcw%3D%3D&btag=e00090000&expire=1712078262&l=20240331171535D58136FDBD81775504F0&ply_type=2&policy=2&signature=3a43a365f5d291e1b6c33a0e2b327e66&tk=tt_chain_token&__vid=TT-vCache-7334891799065939242
video/mp4,bytesbytes 1024000-1645060/14615109,1711905349.559916,1711905349.5610921,1711905349.596642,1711905349.678299,dump,video,/video/tos/useast5/tos-useast5-ve-0068c002-tx/oUUIxDFlUIDUeeQAmF8AfNEoLKEvjJFHkNYYxC/?a=1988&bti=NDU3ZjAwOg%3D%3D&ch=0&cr=3&dr=0&lr=unwatermarked&cd=0%7C0%7C0%7C&cv=1&br=1806&bt=903&cs=0&ds=6&ft=4KJMyMzm8Zmo05ga1-4jV2yZdpWrKsd.&mime_type=video_mp4&qs=0&rc=NjxlNmk2ZWk3ZGRpNjU3NkBpam5xNng5cnFmcTMzZzczNEAyMTJeXzBjXzQxYjIuLy81YSMvLzVoMmRrNjJgLS1kMS9zcw%3D%3D&btag=e00090000&expire=1712078262&l=20240331171535D58136FDBD81775504F0&ply_type=2&policy=2&signature=3a43a365f5d291e1b6c33a0e2b327e66&tk=tt_chain_token&__vid=TT-vCache-7334891799065939242
video/mp4,bytesbytes 0-95215/101263,1711905350.309824,1711905350.3118231,1711905350.415916,1711905350.435776,dump,video,/video/tos/alisg/tos-alisg-pve-0037c001/oAIJgILBjcgPt5fIDGGAQhyJjSLAyCfILMIVev/?a=1988&bti=NDU3ZjAwOg%3D%3D&ch=0&cr=3&dr=0&lr=unwatermarked&cd=0%7C0%7C0%7C&cv=1&br=148&bt=74&cs=0&ds=6&ft=4KJMyMzm8Zmo05ga1-4jV2yZdpWrKsd.&mime_type=video_mp4&qs=0&rc=aGc1ZzM5OmU6aDg5aThpOEBpM3hvPGw5cjw5cTMzODczNEBiY2BeLzRgNmMxMDExLl4zYSM2MWxeMmRzNWZgLS1kMS1zcw%3D%3D&btag=e00088000&expire=1712078146&l=20240331171535D58136FDBD81775504F0&ply_type=2&policy=2&signature=7fa62b41b2432fb5134e03942e48a4e7&tk=tt_chain_token&__vid=TT-vCache-7342103467655269650
video/mp4,bytesbytes 95216-101120/101263,1711905350.451417,1711905350.453252,1711905350.491501,1711905350.492705,dump,video,/video/tos/alisg/tos-alisg-pve-0037c001/oAIJgILBjcgPt5fIDGGAQhyJjSLAyCfILMIVev/?a=1988&bti=NDU3ZjAwOg%3D%3D&ch=0&cr=3&dr=0&lr=unwatermarked&cd=0%7C0%7C0%7C&cv=1&br=148&bt=74&cs=0&ds=6&ft=4KJMyMzm8Zmo05ga1-4jV2yZdpWrKsd.&mime_type=video_mp4&qs=0&rc=aGc1ZzM5OmU6aDg5aThpOEBpM3hvPGw5cjw5cTMzODczNEBiY2BeLzRgNmMxMDExLl4zYSM2MWxeMmRzNWZgLS1kMS1zcw%3D%3D&btag=e00088000&expire=1712078146&l=20240331171535D58136FDBD81775504F0&ply_type=2&policy=2&signature=7fa62b41b2432fb5134e03942e48a4e7&tk=tt_chain_token&__vid=TT-vCache-7342103467655269650
video/mp4,bytesbytes 1645061-3589547/14615109,1711905351.1181922,1711905351.118745,1711905351.19568,1711905351.466006,dump,video,/video/tos/useast5/tos-useast5-ve-0068c002-tx/oUUIxDFlUIDUeeQAmF8AfNEoLKEvjJFHkNYYxC/?a=1988&bti=NDU3ZjAwOg%3D%3D&ch=0&cr=3&dr=0&lr=unwatermarked&cd=0%7C0%7C0%7C&cv=1&br=1806&bt=903&cs=0&ds=6&ft=4KJMyMzm8Zmo05ga1-4jV2yZdpWrKsd.&mime_type=video_mp4&qs=0&rc=NjxlNmk2ZWk3ZGRpNjU3NkBpam5xNng5cnFmcTMzZzczNEAyMTJeXzBjXzQxYjIuLy81YSMvLzVoMmRrNjJgLS1kMS9zcw%3D%3D&btag=e00090000&expire=1712078262&l=20240331171535D58136FDBD81775504F0&ply_type=2&policy=2&signature=3a43a365f5d291e1b6c33a0e2b327e66&tk=tt_chain_token&__vid=TT-vCache-7334891799065939242
video/mp4,bytesbytes 3589548-4890326/14615109,1711905351.50815,1711905351.509064,1711905351.555119,1711905351.7338712,dump,video,/video/tos/useast5/tos-useast5-ve-0068c002-tx/oUUIxDFlUIDUeeQAmF8AfNEoLKEvjJFHkNYYxC/?a=1988&bti=NDU3ZjAwOg%3D%3D&ch=0&cr=3&dr=0&lr=unwatermarked&cd=0%7C0%7C0%7C&cv=1&br=1806&bt=903&cs=0&ds=6&ft=4KJMyMzm8Zmo05ga1-4jV2yZdpWrKsd.&mime_type=video_mp4&qs=0&rc=NjxlNmk2ZWk3ZGRpNjU3NkBpam5xNng5cnFmcTMzZzczNEAyMTJeXzBjXzQxYjIuLy81YSMvLzVoMmRrNjJgLS1kMS9zcw%3D%3D&btag=e00090000&expire=1712078262&l=20240331171535D58136FDBD81775504F0&ply_type=2&policy=2&signature=3a43a365f5d291e1b6c33a0e2b327e66&tk=tt_chain_token&__vid=TT-vCache-7334891799065939242
video/mp4,bytesbytes 0-614399/1957248,1711905352.317,1711905352.31869,1711905352.4625778,1711905352.59481,dump,video,/video/tos/useast5/tos-useast5-ve-0068c004-tx/oEvsBlg7fAQw5tfAgDRlA2By6EDSFEu9OODI1t/?a=1988&bti=NDU3ZjAwOg%3D%3D&ch=0&cr=3&dr=0&lr=unwatermarked&cd=0%7C0%7C0%7C&cv=1&br=1682&bt=841&cs=0&ds=6&ft=4KJMyMzm8Zmo05ga1-4jV2yZdpWrKsd.&mime_type=video_mp4&qs=0&rc=OTk4OGY6NjZnOmlmaDU0O0Bpamx5anA5cmpocTMzZzczNEAuMC42Xy9jNS0xLi0vMjQwYSNwcS9nMmRjampgLS1kMS9zcw%3D%3D&btag=e00088000&expire=1712078154&l=20240331171535D58136FDBD81775504F0&ply_type=2&policy=2&signature=9b195c8994e6c047582b2e4a4c3bbcd5&tk=tt_chain_token&__vid=TT-vCache-7344503775098441003
video/mp4,bytesbytes 614400-944612/1957248,1711905352.6081438,1711905352.609817,1711905352.651623,1711905352.6943822,dump,video,/video/tos/useast5/tos-useast5-ve-0068c004-tx/oEvsBlg7fAQw5tfAgDRlA2By6EDSFEu9OODI1t/?a=1988&bti=NDU3ZjAwOg%3D%3D&ch=0&cr=3&dr=0&lr=unwatermarked&cd=0%7C0%7C0%7C&cv=1&br=1682&bt=841&cs=0&ds=6&ft=4KJMyMzm8Zmo05ga1-4jV2yZdpWrKsd.&mime_type=video_mp4&qs=0&rc=OTk4OGY6NjZnOmlmaDU0O0Bpamx5anA5cmpocTMzZzczNEAuMC42Xy9jNS0xLi0vMjQwYSNwcS9nMmRjampgLS1kMS9zcw%3D%3D&btag=e00088000&expire=1712078154&l=20240331171535D58136FDBD81775504F0&ply_type=2&policy=2&signature=9b195c8994e6c047582b2e4a4c3bbcd5&tk=tt_chain_token&__vid=TT-vCache-7344503775098441003
video/mp4,bytesbytes 944613-1956857/1957248,1711905352.70855,1711905352.709546,1711905352.754999,1711905352.8879201,dump,video,/video/tos/useast5/tos-useast5-ve-0068c004-tx/oEvsBlg7fAQw5tfAgDRlA2By6EDSFEu9OODI1t/?a=1988&bti=NDU3ZjAwOg%3D%3D&ch=0&cr=3&dr=0&lr=unwatermarked&cd=0%7C0%7C0%7C&cv=1&br=1682&bt=841&cs=0&ds=6&ft=4KJMyMzm8Zmo05ga1-4jV2yZdpWrKsd.&mime_type=video_mp4&qs=0&rc=OTk4OGY6NjZnOmlmaDU0O0Bpamx5anA5cmpocTMzZzczNEAuMC42Xy9jNS0xLi0vMjQwYSNwcS9nMmRjampgLS1kMS9zcw%3D%3D&btag=e00088000&expire=1712078154&l=20240331171535D58136FDBD81775504F0&ply_type=2&policy=2&signature=9b195c8994e6c047582b2e4a4c3bbcd5&tk=tt_chain_token&__vid=TT-vCache-7344503775098441003
video/mp4,bytesbytes 4890327-6523782/14615109,1711905362.225874,1711905362.227055,1711905362.316252,1711905362.550518,dump,video,/video/tos/useast5/tos-useast5-ve-0068c002-tx/oUUIxDFlUIDUeeQAmF8AfNEoLKEvjJFHkNYYxC/?a=1988&bti=NDU3ZjAwOg%3D%3D&ch=0&cr=3&dr=0&lr=unwatermarked&cd=0%7C0%7C0%7C&cv=1&br=1806&bt=903&cs=0&ds=6&ft=4KJMyMzm8Zmo05ga1-4jV2yZdpWrKsd.&mime_type=video_mp4&qs=0&rc=NjxlNmk2ZWk3ZGRpNjU3NkBpam5xNng5cnFmcTMzZzczNEAyMTJeXzBjXzQxYjIuLy81YSMvLzVoMmRrNjJgLS1kMS9zcw%3D%3D&btag=e00090000&expire=1712078262&l=20240331171535D58136FDBD81775504F0&ply_type=2&policy=2&signature=3a43a365f5d291e1b6c33a0e2b327e66&tk=tt_chain_token&__vid=TT-vCache-7334891799065939242
video/mp4,bytesbytes 101121-101262/101263,1711905366.096677,1711905366.097043,1711905366.15187,1711905366.1523998,dump,video,/video/tos/alisg/tos-alisg-pve-0037c001/oAIJgILBjcgPt5fIDGGAQhyJjSLAyCfILMIVev/?a=1988&bti=NDU3ZjAwOg%3D%3D&ch=0&cr=3&dr=0&lr=unwatermarked&cd=0%7C0%7C0%7C&cv=1&br=148&bt=74&cs=0&ds=6&ft=4KJMyMzm8Zmo05ga1-4jV2yZdpWrKsd.&mime_type=video_mp4&qs=0&rc=aGc1ZzM5OmU6aDg5aThpOEBpM3hvPGw5cjw5cTMzODczNEBiY2BeLzRgNmMxMDExLl4zYSM2MWxeMmRzNWZgLS1kMS1zcw%3D%3D&btag=e00088000&expire=1712078146&l=20240331171535D58136FDBD81775504F0&ply_type=2&policy=2&signature=7fa62b41b2432fb5134e03942e48a4e7&tk=tt_chain_token&__vid=TT-vCache-7342103467655269650
video/mp4,bytesbytes 1956858-1957247/1957248,1711905403.3729029,1711905403.373299,1711905403.387192,1711905403.390259,dump,video,/video/tos/useast5/tos-useast5-ve-0068c004-tx/oEvsBlg7fAQw5tfAgDRlA2By6EDSFEu9OODI1t/?a=1988&bti=NDU3ZjAwOg%3D%3D&ch=0&cr=3&dr=0&lr=unwatermarked&cd=0%7C0%7C0%7C&cv=1&br=1682&bt=841&cs=0&ds=6&ft=4KJMyMzm8Zmo05ga1-4jV2yZdpWrKsd.&mime_type=video_mp4&qs=0&rc=OTk4OGY6NjZnOmlmaDU0O0Bpamx5anA5cmpocTMzZzczNEAuMC42Xy9jNS0xLi0vMjQwYSNwcS9nMmRjampgLS1kMS9zcw%3D%3D&btag=e00088000&expire=1712078154&l=20240331171535D58136FDBD81775504F0&ply_type=2&policy=2&signature=9b195c8994e6c047582b2e4a4c3bbcd5&tk=tt_chain_token&__vid=TT-vCache-7344503775098441003
video/mp4,bytesbytes 0-614399/1180864,1711905404.356249,1711905404.3569589,1711905404.436152,1711905404.516015,dump,video,/video/tos/useast5/tos-useast5-ve-0068c001-tx/oocCBX3eH0dLLHAvIknoj5eGAIJIkYQEeC6mEI/?a=1988&bti=NDU3ZjAwOg%3D%3D&ch=0&cr=3&dr=0&lr=unwatermarked&cd=0%7C0%7C0%7C&cv=1&br=2042&bt=1021&cs=0&ds=6&ft=4KJMyMzm8Zmo0L9a1-4jVcLWdpWrKsd.&mime_type=video_mp4&qs=0&rc=NTZkNTppOGY0Zzk1aGY5NEBpM3g3anU5cjlocTMzZzczNEBhNGIxNV9gNi0xYGMzNi5fYSNoa2RzMmRzNm5gLS1kMS9zcw%3D%3D&btag=e00088000&expire=1712078175&l=20240331171605128D813C339783569D22&ply_type=2&policy=2&signature=e27abc3a20b5f75602e5c4d8608c89ac&tk=tt_chain_token&__vid=TT-vCache-7346750133549141290
video/mp4,bytesbytes 614400-1066961/1180864,1711905404.527274,1711905404.528163,1711905404.5476859,1711905404.6096268,dump,video,/video/tos/useast5/tos-useast5-ve-0068c001-tx/oocCBX3eH0dLLHAvIknoj5eGAIJIkYQEeC6mEI/?a=1988&bti=NDU3ZjAwOg%3D%3D&ch=0&cr=3&dr=0&lr=unwatermarked&cd=0%7C0%7C0%7C&cv=1&br=2042&bt=1021&cs=0&ds=6&ft=4KJMyMzm8Zmo0L9a1-4jVcLWdpWrKsd.&mime_type=video_mp4&qs=0&rc=NTZkNTppOGY0Zzk1aGY5NEBpM3g3anU5cjlocTMzZzczNEBhNGIxNV9gNi0xYGMzNi5fYSNoa2RzMmRzNm5gLS1kMS9zcw%3D%3D&btag=e00088000&expire=1712078175&l=20240331171605128D813C339783569D22&ply_type=2&policy=2&signature=e27abc3a20b5f75602e5c4d8608c89ac&tk=tt_chain_token&__vid=TT-vCache-7346750133549141290
video/mp4,bytesbytes 1066962-1180519/1180864,1711905404.633141,1711905404.635016,1711905404.665353,1711905404.677191,dump,video,/video/tos/useast5/tos-useast5-ve-0068c001-tx/oocCBX3eH0dLLHAvIknoj5eGAIJIkYQEeC6mEI/?a=1988&bti=NDU3ZjAwOg%3D%3D&ch=0&cr=3&dr=0&lr=unwatermarked&cd=0%7C0%7C0%7C&cv=1&br=2042&bt=1021&cs=0&ds=6&ft=4KJMyMzm8Zmo0L9a1-4jVcLWdpWrKsd.&mime_type=video_mp4&qs=0&rc=NTZkNTppOGY0Zzk1aGY5NEBpM3g3anU5cjlocTMzZzczNEBhNGIxNV9gNi0xYGMzNi5fYSNoa2RzMmRzNm5gLS1kMS9zcw%3D%3D&btag=e00088000&expire=1712078175&l=20240331171605128D813C339783569D22&ply_type=2&policy=2&signature=e27abc3a20b5f75602e5c4d8608c89ac&tk=tt_chain_token&__vid=TT-vCache-7346750133549141290
video/mp4,bytesbytes 1180520-1180863/1180864,1711905404.6876538,1711905404.6886778,1711905404.708833,1711905404.710002,dump,video,/video/tos/useast5/tos-useast5-ve-0068c001-tx/oocCBX3eH0dLLHAvIknoj5eGAIJIkYQEeC6mEI/?a=1988&bti=NDU3ZjAwOg%3D%3D&ch=0&cr=3&dr=0&lr=unwatermarked&cd=0%7C0%7C0%7C&cv=1&br=2042&bt=1021&cs=0&ds=6&ft=4KJMyMzm8Zmo0L9a1-4jVcLWdpWrKsd.&mime_type=video_mp4&qs=0&rc=NTZkNTppOGY0Zzk1aGY5NEBpM3g3anU5cjlocTMzZzczNEBhNGIxNV9gNi0xYGMzNi5fYSNoa2RzMmRzNm5gLS1kMS9zcw%3D%3D&btag=e00088000&expire=1712078175&l=20240331171605128D813C339783569D22&ply_type=2&policy=2&signature=e27abc3a20b5f75602e5c4d8608c89ac&tk=tt_chain_token&__vid=TT-vCache-7346750133549141290
video/mp4,bytesbytes 0-614399/3429026,1711905405.353338,1711905405.3546271,1711905405.472757,1711905405.5521212,dump,video,/video/tos/useast5/tos-useast5-pve-0068-tx/oAEaZkBDWbsUSERBnSEvA3Pyig4cJrQ0dtiCI/?a=1988&bti=NDU3ZjAwOg%3D%3D&ch=0&cr=3&dr=0&lr=unwatermarked&cd=0%7C0%7C0%7C&cv=1&br=6592&bt=3296&cs=0&ds=6&ft=4KJMyMzm8Zmo0L9a1-4jVcLWdpWrKsd.&mime_type=video_mp4&qs=0&rc=Z2U8ZzpoODo1NDQ0PDtpOkBpM3B3dWw5cjc8cDMzZzczNEAwM2AvYi8tXmIxNDVfYjQtYSMuajZpMmRrbmZgLS1kMS9zcw%3D%3D&btag=e00088000&expire=1712078174&l=20240331171605128D813C339783569D22&ply_type=2&policy=2&signature=903e5451e94f41bf26258d72322413de&tk=tt_chain_token&__vid=TT-vCache-7324154088487390510
video/mp4,bytesbytes 614400-2336872/3429026,1711905405.5671349,1711905405.568461,1711905405.592722,1711905405.8232691,dump,video,/video/tos/useast5/tos-useast5-pve-0068-tx/oAEaZkBDWbsUSERBnSEvA3Pyig4cJrQ0dtiCI/?a=1988&bti=NDU3ZjAwOg%3D%3D&ch=0&cr=3&dr=0&lr=unwatermarked&cd=0%7C0%7C0%7C&cv=1&br=6592&bt=3296&cs=0&ds=6&ft=4KJMyMzm8Zmo0L9a1-4jVcLWdpWrKsd.&mime_type=video_mp4&qs=0&rc=Z2U8ZzpoODo1NDQ0PDtpOkBpM3B3dWw5cjc8cDMzZzczNEAwM2AvYi8tXmIxNDVfYjQtYSMuajZpMmRrbmZgLS1kMS9zcw%3D%3D&btag=e00088000&expire=1712078174&l=20240331171605128D813C339783569D22&ply_type=2&policy=2&signature=903e5451e94f41bf26258d72322413de&tk=tt_chain_token&__vid=TT-vCache-7324154088487390510
video/mp4,bytesbytes 2336873-3428475/3429026,1711905405.8411388,1711905405.841724,1711905405.8600729,1711905406.005297,dump,video,/video/tos/useast5/tos-useast5-pve-0068-tx/oAEaZkBDWbsUSERBnSEvA3Pyig4cJrQ0dtiCI/?a=1988&bti=NDU3ZjAwOg%3D%3D&ch=0&cr=3&dr=0&lr=unwatermarked&cd=0%7C0%7C0%7C&cv=1&br=6592&bt=3296&cs=0&ds=6&ft=4KJMyMzm8Zmo0L9a1-4jVcLWdpWrKsd.&mime_type=video_mp4&qs=0&rc=Z2U8ZzpoODo1NDQ0PDtpOkBpM3B3dWw5cjc8cDMzZzczNEAwM2AvYi8tXmIxNDVfYjQtYSMuajZpMmRrbmZgLS1kMS9zcw%3D%3D&btag=e00088000&expire=1712078174&l=20240331171605128D813C339783569D22&ply_type=2&policy=2&signature=903e5451e94f41bf26258d72322413de&tk=tt_chain_token&__vid=TT-vCache-7324154088487390510
video/mp4,bytesbytes 3428476-3429025/3429026,1711905406.025975,1711905406.0268989,1711905406.0450501,1711905406.0456982,dump,video,/video/tos/useast5/tos-useast5-pve-0068-tx/oAEaZkBDWbsUSERBnSEvA3Pyig4cJrQ0dtiCI/?a=1988&bti=NDU3ZjAwOg%3D%3D&ch=0&cr=3&dr=0&lr=unwatermarked&cd=0%7C0%7C0%7C&cv=1&br=6592&bt=3296&cs=0&ds=6&ft=4KJMyMzm8Zmo0L9a1-4jVcLWdpWrKsd.&mime_type=video_mp4&qs=0&rc=Z2U8ZzpoODo1NDQ0PDtpOkBpM3B3dWw5cjc8cDMzZzczNEAwM2AvYi8tXmIxNDVfYjQtYSMuajZpMmRrbmZgLS1kMS9zcw%3D%3D&btag=e00088000&expire=1712078174&l=20240331171605128D813C339783569D22&ply_type=2&policy=2&signature=903e5451e94f41bf26258d72322413de&tk=tt_chain_token&__vid=TT-vCache-7324154088487390510
video/mp4,bytesbytes 0-614399/1664204,1711905417.2531662,1711905417.254505,1711905417.4143329,1711905417.768218,dump,video,/video/tos/alisg/tos-alisg-pve-0037c001/oAtb9NAoiElMhBMLAfQ5EuI9fuIn1CD4FDqjfF/?a=1988&bti=NDU3ZjAwOg%3D%3D&ch=0&cr=3&dr=0&lr=unwatermarked&cd=0%7C0%7C0%7C&cv=1&br=2220&bt=1110&cs=0&ds=6&ft=4KJMyMzm8Zmo0L9a1-4jVcLWdpWrKsd.&mime_type=video_mp4&qs=0&rc=NTxmZTo5NzY3ZTpnaTY7ZEBpajU3PG85cmV1cTMzODczNEAzLTUvMy8tX18xMGMxY15jYSNzYWY1MmRja3JgLS1kMWBzcw%3D%3D&btag=e00088000&expire=1712078177&l=20240331171605128D813C339783569D22&ply_type=2&policy=2&signature=1120f3a8e00518248ce0c62e8f56d556&tk=tt_chain_token&__vid=TT-vCache-7349236592793472258
video/mp4,bytesbytes 614400-1663855/1664204,1711905417.787466,1711905417.788647,1711905417.803021,1711905417.951394,dump,video,/video/tos/alisg/tos-alisg-pve-0037c001/oAtb9NAoiElMhBMLAfQ5EuI9fuIn1CD4FDqjfF/?a=1988&bti=NDU3ZjAwOg%3D%3D&ch=0&cr=3&dr=0&lr=unwatermarked&cd=0%7C0%7C0%7C&cv=1&br=2220&bt=1110&cs=0&ds=6&ft=4KJMyMzm8Zmo0L9a1-4jVcLWdpWrKsd.&mime_type=video_mp4&qs=0&rc=NTxmZTo5NzY3ZTpnaTY7ZEBpajU3PG85cmV1cTMzODczNEAzLTUvMy8tX18xMGMxY15jYSNzYWY1MmRja3JgLS1kMWBzcw%3D%3D&btag=e00088000&expire=1712078177&l=20240331171605128D813C339783569D22&ply_type=2&policy=2&signature=1120f3a8e00518248ce0c62e8f56d556&tk=tt_chain_token&__vid=TT-vCache-7349236592793472258
video/mp4,bytesbytes 1663856-1664203/1664204,1711905423.050314,1711905423.051113,1711905423.068649,1711905423.069171,dump,video,/video/tos/alisg/tos-alisg-pve-0037c001/oAtb9NAoiElMhBMLAfQ5EuI9fuIn1CD4FDqjfF/?a=1988&bti=NDU3ZjAwOg%3D%3D&ch=0&cr=3&dr=0&lr=unwatermarked&cd=0%7C0%7C0%7C&cv=1&br=2220&bt=1110&cs=0&ds=6&ft=4KJMyMzm8Zmo0L9a1-4jVcLWdpWrKsd.&mime_type=video_mp4&qs=0&rc=NTxmZTo5NzY3ZTpnaTY7ZEBpajU3PG85cmV1cTMzODczNEAzLTUvMy8tX18xMGMxY15jYSNzYWY1MmRja3JgLS1kMWBzcw%3D%3D&btag=e00088000&expire=1712078177&l=20240331171605128D813C339783569D22&ply_type=2&policy=2&signature=1120f3a8e00518248ce0c62e8f56d556&tk=tt_chain_token&__vid=TT-vCache-7349236592793472258
video/mp4,bytesbytes 0-614399/1666079,1711905424.025536,1711905424.027189,1711905424.053393,1711905424.1341681,dump,video,/video/tos/useast5/tos-useast5-ve-0068c004-tx/oQ8qcgpAEIxUiB0BBvHCQEtOU4PlZ8lbHSip6/?a=1988&bti=NDU3ZjAwOg%3D%3D&ch=0&cr=3&dr=0&lr=unwatermarked&cd=0%7C0%7C0%7C&cv=1&br=1996&bt=998&cs=0&ds=6&ft=4KJMyMzm8Zmo0E_a1-4jVy..dpWrKsd.&mime_type=video_mp4&qs=0&rc=aTQ5aTRnNTtlZGg6NDxlM0BpamtvZHY5cmRkcTMzZzczNEA0MjE1L18vXzUxMWM2YDZeYSMwNmFuMmQ0XzRgLS1kMS9zcw%3D%3D&btag=e00088000&expire=1712078233&l=20240331171659790E96DDB6ABDF54C39F&ply_type=2&policy=2&signature=044c68e0767812de86cdb22beb2f8a4c&tk=tt_chain_token&__vid=TT-vCache-7335982876879621419
video/mp4,bytesbytes 614400-1009840/1666079,1711905424.149787,1711905424.1513128,1711905424.175976,1711905424.238517,dump,video,/video/tos/useast5/tos-useast5-ve-0068c004-tx/oQ8qcgpAEIxUiB0BBvHCQEtOU4PlZ8lbHSip6/?a=1988&bti=NDU3ZjAwOg%3D%3D&ch=0&cr=3&dr=0&lr=unwatermarked&cd=0%7C0%7C0%7C&cv=1&br=1996&bt=998&cs=0&ds=6&ft=4KJMyMzm8Zmo0E_a1-4jVy..dpWrKsd.&mime_type=video_mp4&qs=0&rc=aTQ5aTRnNTtlZGg6NDxlM0BpamtvZHY5cmRkcTMzZzczNEA0MjE1L18vXzUxMWM2YDZeYSMwNmFuMmQ0XzRgLS1kMS9zcw%3D%3D&btag=e00088000&expire=1712078233&l=20240331171659790E96DDB6ABDF54C39F&ply_type=2&policy=2&signature=044c68e0767812de86cdb22beb2f8a4c&tk=tt_chain_token&__vid=TT-vCache-7335982876879621419
video/mp4,bytesbytes 1009841-1665719/1666079,1711905424.256265,1711905424.257426,1711905424.281908,1711905424.381588,dump,video,/video/tos/useast5/tos-useast5-ve-0068c004-tx/oQ8qcgpAEIxUiB0BBvHCQEtOU4PlZ8lbHSip6/?a=1988&bti=NDU3ZjAwOg%3D%3D&ch=0&cr=3&dr=0&lr=unwatermarked&cd=0%7C0%7C0%7C&cv=1&br=1996&bt=998&cs=0&ds=6&ft=4KJMyMzm8Zmo0E_a1-4jVy..dpWrKsd.&mime_type=video_mp4&qs=0&rc=aTQ5aTRnNTtlZGg6NDxlM0BpamtvZHY5cmRkcTMzZzczNEA0MjE1L18vXzUxMWM2YDZeYSMwNmFuMmQ0XzRgLS1kMS9zcw%3D%3D&btag=e00088000&expire=1712078233&l=20240331171659790E96DDB6ABDF54C39F&ply_type=2&policy=2&signature=044c68e0767812de86cdb22beb2f8a4c&tk=tt_chain_token&__vid=TT-vCache-7335982876879621419
video/mp4,bytesbytes 0-614399/1241376,1711905425.027458,1711905425.029099,1711905425.193055,1711905425.3024,dump,video,/video/tos/useast8/tos-useast8-ve-0068c003-tx2/oE87IBiILKqB3zHTiQBAEj6wIyyAsAzCBdiWf9/?a=1988&bti=NDU3ZjAwOg%3D%3D&ch=0&cr=3&dr=0&lr=unwatermarked&cd=0%7C0%7C0%7C&cv=1&br=2012&bt=1006&cs=0&ds=6&ft=4KJMyMzm8Zmo0E_a1-4jVy..dpWrKsd.&mime_type=video_mp4&qs=0&rc=M2Y2O2Y8NjlmZDgzPDM3OUBpam11NWo5cjN1cTMzaTczNEAzMWEvLS4vX2AxMGJhLzUyYSMta2ZtMmRzMDZgLS1kMTJzcw%3D%3D&btag=e00088000&expire=1712078229&l=20240331171659790E96DDB6ABDF54C39F&ply_type=2&policy=2&signature=fec04d9f46a8cf627666c7081c9cb94d&tk=tt_chain_token&__vid=TT-vCache-7337405682855038238
video/mp4,bytesbytes 614400-1063774/1241376,1711905425.3136818,1711905425.314275,1711905425.3307478,1711905425.393501,dump,video,/video/tos/useast8/tos-useast8-ve-0068c003-tx2/oE87IBiILKqB3zHTiQBAEj6wIyyAsAzCBdiWf9/?a=1988&bti=NDU3ZjAwOg%3D%3D&ch=0&cr=3&dr=0&lr=unwatermarked&cd=0%7C0%7C0%7C&cv=1&br=2012&bt=1006&cs=0&ds=6&ft=4KJMyMzm8Zmo0E_a1-4jVy..dpWrKsd.&mime_type=video_mp4&qs=0&rc=M2Y2O2Y8NjlmZDgzPDM3OUBpam11NWo5cjN1cTMzaTczNEAzMWEvLS4vX2AxMGJhLzUyYSMta2ZtMmRzMDZgLS1kMTJzcw%3D%3D&btag=e00088000&expire=1712078229&l=20240331171659790E96DDB6ABDF54C39F&ply_type=2&policy=2&signature=fec04d9f46a8cf627666c7081c9cb94d&tk=tt_chain_token&__vid=TT-vCache-7337405682855038238
video/mp4,bytesbytes 1063775-1241098/1241376,1711905425.416364,1711905425.417996,1711905425.4334028,1711905425.4587562,dump,video,/video/tos/useast8/tos-useast8-ve-0068c003-tx2/oE87IBiILKqB3zHTiQBAEj6wIyyAsAzCBdiWf9/?a=1988&bti=NDU3ZjAwOg%3D%3D&ch=0&cr=3&dr=0&lr=unwatermarked&cd=0%7C0%7C0%7C&cv=1&br=2012&bt=1006&cs=0&ds=6&ft=4KJMyMzm8Zmo0E_a1-4jVy..dpWrKsd.&mime_type=video_mp4&qs=0&rc=M2Y2O2Y8NjlmZDgzPDM3OUBpam11NWo5cjN1cTMzaTczNEAzMWEvLS4vX2AxMGJhLzUyYSMta2ZtMmRzMDZgLS1kMTJzcw%3D%3D&btag=e00088000&expire=1712078229&l=20240331171659790E96DDB6ABDF54C39F&ply_type=2&policy=2&signature=fec04d9f46a8cf627666c7081c9cb94d&tk=tt_chain_token&__vid=TT-vCache-7337405682855038238
video/mp4,bytesbytes 1241099-1241375/1241376,1711905425.469141,1711905425.470571,1711905425.48992,1711905425.490737,dump,video,/video/tos/useast8/tos-useast8-ve-0068c003-tx2/oE87IBiILKqB3zHTiQBAEj6wIyyAsAzCBdiWf9/?a=1988&bti=NDU3ZjAwOg%3D%3D&ch=0&cr=3&dr=0&lr=unwatermarked&cd=0%7C0%7C0%7C&cv=1&br=2012&bt=1006&cs=0&ds=6&ft=4KJMyMzm8Zmo0E_a1-4jVy..dpWrKsd.&mime_type=video_mp4&qs=0&rc=M2Y2O2Y8NjlmZDgzPDM3OUBpam11NWo5cjN1cTMzaTczNEAzMWEvLS4vX2AxMGJhLzUyYSMta2ZtMmRzMDZgLS1kMTJzcw%3D%3D&btag=e00088000&expire=1712078229&l=20240331171659790E96DDB6ABDF54C39F&ply_type=2&policy=2&signature=fec04d9f46a8cf627666c7081c9cb94d&tk=tt_chain_token&__vid=TT-vCache-7337405682855038238
video/mp4,bytesbytes 1665720-1666078/1666079,1711905428.780839,1711905428.7830489,1711905428.799,1711905428.8000371,dump,video,/video/tos/useast5/tos-useast5-ve-0068c004-tx/oQ8qcgpAEIxUiB0BBvHCQEtOU4PlZ8lbHSip6/?a=1988&bti=NDU3ZjAwOg%3D%3D&ch=0&cr=3&dr=0&lr=unwatermarked&cd=0%7C0%7C0%7C&cv=1&br=1996&bt=998&cs=0&ds=6&ft=4KJMyMzm8Zmo0E_a1-4jVy..dpWrKsd.&mime_type=video_mp4&qs=0&rc=aTQ5aTRnNTtlZGg6NDxlM0BpamtvZHY5cmRkcTMzZzczNEA0MjE1L18vXzUxMWM2YDZeYSMwNmFuMmQ0XzRgLS1kMS9zcw%3D%3D&btag=e00088000&expire=1712078233&l=20240331171659790E96DDB6ABDF54C39F&ply_type=2&policy=2&signature=044c68e0767812de86cdb22beb2f8a4c&tk=tt_chain_token&__vid=TT-vCache-7335982876879621419
video/mp4,bytesbytes 0-614399/1380312,1711905430.7605498,1711905430.7616158,1711905430.946971,1711905431.319993,dump,video,/video/tos/useast2a/tos-useast2a-ve-0068c001/osFVZMHIQiGtAR9gwELXAefGAUk0FF1RefqRGH/?a=1988&bti=NDU3ZjAwOg%3D%3D&ch=0&cr=3&dr=0&lr=unwatermarked&cd=0%7C0%7C0%7C&cv=1&br=1368&bt=684&cs=0&ds=6&ft=4KJMyMzm8Zmo0E_a1-4jVy..dpWrKsd.&mime_type=video_mp4&qs=0&rc=PDQ3O2doNWdoZDM4PDNoZUBpajRnbGs5cnVpcTMzNzczM0A0Ly8xMS4yNS8xLl8uYTUwYSNeMDJtMmQ0ZWlgLS1kMTZzcw%3D%3D&btag=e00088000&expire=1712078235&l=20240331171659790E96DDB6ABDF54C39F&ply_type=2&policy=2&signature=acfb42aee15ed7bef000e441867c4f23&tk=tt_chain_token&__vid=TT-vCache-7343956009733459206
video/mp4,bytesbytes 614400-1379994/1380312,1711905431.342119,1711905431.3438568,1711905431.366163,1711905431.476885,dump,video,/video/tos/useast2a/tos-useast2a-ve-0068c001/osFVZMHIQiGtAR9gwELXAefGAUk0FF1RefqRGH/?a=1988&bti=NDU3ZjAwOg%3D%3D&ch=0&cr=3&dr=0&lr=unwatermarked&cd=0%7C0%7C0%7C&cv=1&br=1368&bt=684&cs=0&ds=6&ft=4KJMyMzm8Zmo0E_a1-4jVy..dpWrKsd.&mime_type=video_mp4&qs=0&rc=PDQ3O2doNWdoZDM4PDNoZUBpajRnbGs5cnVpcTMzNzczM0A0Ly8xMS4yNS8xLl8uYTUwYSNeMDJtMmQ0ZWlgLS1kMTZzcw%3D%3D&btag=e00088000&expire=1712078235&l=20240331171659790E96DDB6ABDF54C39F&ply_type=2&policy=2&signature=acfb42aee15ed7bef000e441867c4f23&tk=tt_chain_token&__vid=TT-vCache-7343956009733459206
video/mp4,bytesbytes 0-614399/3328412,1711905431.760669,1711905431.761965,1711905432.010946,1711905432.3447528,dump,video,/video/tos/useast5/tos-useast5-ve-0068c001-tx/og7pIp4o5BAU11DXLWi9BIyQLCJwVAd4EVfmCi/?a=1988&bti=NDU3ZjAwOg%3D%3D&ch=0&cr=3&dr=0&lr=unwatermarked&cd=0%7C0%7C0%7C&cv=1&br=2860&bt=1430&cs=0&ds=6&ft=4KJMyMzm8Zmo0E_a1-4jVy..dpWrKsd.&mime_type=video_mp4&qs=0&rc=N2VlM2dlNGk8OGY8ZTxpNkBpM29uZ3c5cnZncTMzZzczNEAtMDA0L2EzNi4xXmIuLTYyYSNwZl5oMmRzNi5gLS1kMS9zcw%3D%3D&btag=e00088000&expire=1712078238&l=20240331171659790E96DDB6ABDF54C39F&ply_type=2&policy=2&signature=e1630c3c8b8372cf732299629318c32e&tk=tt_chain_token&__vid=TT-vCache-7332657523712904490
video/mp4,bytesbytes 614400-1299829/3328412,1711905432.359321,1711905432.360213,1711905432.37534,1711905432.470695,dump,video,/video/tos/useast5/tos-useast5-ve-0068c001-tx/og7pIp4o5BAU11DXLWi9BIyQLCJwVAd4EVfmCi/?a=1988&bti=NDU3ZjAwOg%3D%3D&ch=0&cr=3&dr=0&lr=unwatermarked&cd=0%7C0%7C0%7C&cv=1&br=2860&bt=1430&cs=0&ds=6&ft=4KJMyMzm8Zmo0E_a1-4jVy..dpWrKsd.&mime_type=video_mp4&qs=0&rc=N2VlM2dlNGk8OGY8ZTxpNkBpM29uZ3c5cnZncTMzZzczNEAtMDA0L2EzNi4xXmIuLTYyYSNwZl5oMmRzNi5gLS1kMS9zcw%3D%3D&btag=e00088000&expire=1712078238&l=20240331171659790E96DDB6ABDF54C39F&ply_type=2&policy=2&signature=e1630c3c8b8372cf732299629318c32e&tk=tt_chain_token&__vid=TT-vCache-7332657523712904490
video/mp4,bytesbytes 1299830-3328073/3328412,1711905432.4909902,1711905432.4927502,1711905432.5243158,1711905432.807584,dump,video,/video/tos/useast5/tos-useast5-ve-0068c001-tx/og7pIp4o5BAU11DXLWi9BIyQLCJwVAd4EVfmCi/?a=1988&bti=NDU3ZjAwOg%3D%3D&ch=0&cr=3&dr=0&lr=unwatermarked&cd=0%7C0%7C0%7C&cv=1&br=2860&bt=1430&cs=0&ds=6&ft=4KJMyMzm8Zmo0E_a1-4jVy..dpWrKsd.&mime_type=video_mp4&qs=0&rc=N2VlM2dlNGk8OGY8ZTxpNkBpM29uZ3c5cnZncTMzZzczNEAtMDA0L2EzNi4xXmIuLTYyYSNwZl5oMmRzNi5gLS1kMS9zcw%3D%3D&btag=e00088000&expire=1712078238&l=20240331171659790E96DDB6ABDF54C39F&ply_type=2&policy=2&signature=e1630c3c8b8372cf732299629318c32e&tk=tt_chain_token&__vid=TT-vCache-7332657523712904490
