video/mp4, bytesbytes 0-6667558/6667559, 1711560694.344419, 1711560694.344713, 1711560694.499833, 1711560694.7862542, dump, video, /video/tos/useast8/tos-useast8-pve-0068-tx2/oY5IMePE6AkjGeZRAFsIAxCq9IxLgKpPLuY3bf/?a=1988&ch=0&cr=3&dr=0&lr=unwatermarked&cd=0%7C0%7C0%7C&cv=1&br=1706&bt=853&bti=NDU3ZjAwOg%3D%3D&cs=0&ds=6&ft=4KJMyMzm8Zmo0IVkw-4jVO0bdpWrKsd.&mime_type=video_mp4&qs=0&rc=aTo2PDU0aTk7NzxmZDk6NkBpamU4dnU5cjk6cTMzaTczNEAwYDYyYV80NV4xYF9jXmM0YSNlcXIzMmQ0amVgLS1kMTJzcw%3D%3D&btag=e00090000&expire=1711696498&l=20240327071357C8B75D1228CE5C00016B&ply_type=2&policy=2&signature=b98070182c39923221e86fbec7b867a6&tk=tt_chain_token
video/mp4, bytesbytes 0-614399/9102112, 1711560701.6599, 1711560701.6607082, 1711560701.717794, 1711560701.7554991, dump, video, /video/tos/useast5/tos-useast5-ve-0068c004-tx/ow65mIWUZEQxk4ycAdBRi5gErQBiPgRBQQgGI/?a=1988&ch=0&cr=3&dr=0&lr=unwatermarked&cd=0%7C0%7C0%7C&cv=1&br=2366&bt=1183&bti=NDU3ZjAwOg%3D%3D&cs=0&ds=6&ft=4KJMyMzm8Zmo0IVkw-4jVO0bdpWrKsd.&mime_type=video_mp4&qs=0&rc=O2U3NzQ2NjU0OjZlNDhkZUBpams8ZnM5cndzcjMzZzczNEA2Li0yNi8zXy8xMS0uMzJfYSM1LWNtMmQ0LS1gLS1kMS9zcw%3D%3D&btag=e00090000&expire=1711696497&l=20240327071357C8B75D1228CE5C00016B&ply_type=2&policy=2&signature=cf706eecef139b2d818e52ccd77608ca&tk=tt_chain_token&__vid=TT-vCache-7350315585571409194
video/mp4, bytesbytes 614400-1897528/9102112, 1711560701.7873971, 1711560701.788525, 1711560701.883269, 1711560701.96336, dump, video, /video/tos/useast5/tos-useast5-ve-0068c004-tx/ow65mIWUZEQxk4ycAdBRi5gErQBiPgRBQQgGI/?a=1988&ch=0&cr=3&dr=0&lr=unwatermarked&cd=0%7C0%7C0%7C&cv=1&br=2366&bt=1183&bti=NDU3ZjAwOg%3D%3D&cs=0&ds=6&ft=4KJMyMzm8Zmo0IVkw-4jVO0bdpWrKsd.&mime_type=video_mp4&qs=0&rc=O2U3NzQ2NjU0OjZlNDhkZUBpams8ZnM5cndzcjMzZzczNEA2Li0yNi8zXy8xMS0uMzJfYSM1LWNtMmQ0LS1gLS1kMS9zcw%3D%3D&btag=e00090000&expire=1711696497&l=20240327071357C8B75D1228CE5C00016B&ply_type=2&policy=2&signature=cf706eecef139b2d818e52ccd77608ca&tk=tt_chain_token&__vid=TT-vCache-7350315585571409194
video/mp4, bytesbytes 0-614399/4189326, 1711560702.1209338, 1711560702.1223838, 1711560702.278605, 1711560702.303366, dump, video, /video/tos/useast5/tos-useast5-ve-0068c003-tx/ooBJGevJIIlkIiMIEgLALCaSQQjGAfxeuHAHGU/?a=1988&ch=0&cr=3&dr=0&lr=unwatermarked&cd=0%7C0%7C0%7C&cv=1&br=2566&bt=1283&bti=NDU3ZjAwOg%3D%3D&cs=0&ds=6&ft=4KJMyMzm8Zmo0IVkw-4jVO0bdpWrKsd.&mime_type=video_mp4&qs=0&rc=Mzw3OzM0Mzw2NTU8PDY8PEBpamw5a3U5cjw2cDMzZzczNEBiNWA0NTZfNV8xYC1eLTRjYSM0bGhsMmQ0LTZgLS1kMS9zcw%3D%3D&btag=e00088000&expire=1711696462&l=20240327071357C8B75D1228CE5C00016B&ply_type=2&policy=2&signature=cc000a3960115fc877badbd08ecc554c&tk=tt_chain_token&__vid=TT-vCache-7318967336281689390
video/mp4, bytesbytes 376832-1284824/4189326, 1711560702.373301, 1711560702.374178, 1711560702.397192, 1711560702.507755, dump, video, /video/tos/useast5/tos-useast5-ve-0068c003-tx/ooBJGevJIIlkIiMIEgLALCaSQQjGAfxeuHAHGU/?a=1988&ch=0&cr=3&dr=0&lr=unwatermarked&cd=0%7C0%7C0%7C&cv=1&br=2566&bt=1283&bti=NDU3ZjAwOg%3D%3D&cs=0&ds=6&ft=4KJMyMzm8Zmo0IVkw-4jVO0bdpWrKsd.&mime_type=video_mp4&qs=0&rc=Mzw3OzM0Mzw2NTU8PDY8PEBpamw5a3U5cjw2cDMzZzczNEBiNWA0NTZfNV8xYC1eLTRjYSM0bGhsMmQ0LTZgLS1kMS9zcw%3D%3D&btag=e00088000&expire=1711696462&l=20240327071357C8B75D1228CE5C00016B&ply_type=2&policy=2&signature=cc000a3960115fc877badbd08ecc554c&tk=tt_chain_token&__vid=TT-vCache-7318967336281689390
video/mp4, bytesbytes 1284825-4083203/4189326, 1711560702.530078, 1711560702.53148, 1711560702.5501928, 1711560702.6518242, dump, video, /video/tos/useast5/tos-useast5-ve-0068c003-tx/ooBJGevJIIlkIiMIEgLALCaSQQjGAfxeuHAHGU/?a=1988&ch=0&cr=3&dr=0&lr=unwatermarked&cd=0%7C0%7C0%7C&cv=1&br=2566&bt=1283&bti=NDU3ZjAwOg%3D%3D&cs=0&ds=6&ft=4KJMyMzm8Zmo0IVkw-4jVO0bdpWrKsd.&mime_type=video_mp4&qs=0&rc=Mzw3OzM0Mzw2NTU8PDY8PEBpamw5a3U5cjw2cDMzZzczNEBiNWA0NTZfNV8xYC1eLTRjYSM0bGhsMmQ0LTZgLS1kMS9zcw%3D%3D&btag=e00088000&expire=1711696462&l=20240327071357C8B75D1228CE5C00016B&ply_type=2&policy=2&signature=cc000a3960115fc877badbd08ecc554c&tk=tt_chain_token&__vid=TT-vCache-7318967336281689390
video/mp4, bytesbytes 0-614399/4967988, 1711560702.921685, 1711560702.922859, 1711560703.020402, 1711560703.204597, dump, video, /video/tos/useast5/tos-useast5-ve-0068c001-tx/oo8ZIbFFv9SJYi8UDQDAEtlfRBlgiBOEEIEafc/?a=1988&bti=NDU3ZjAwOg%3D%3D&ch=0&cr=3&dr=0&lr=unwatermarked&cd=0%7C0%7C0%7C&cv=1&br=3946&bt=1973&cs=0&ds=6&ft=4KJMyMzm8Zmo0c85F-4jVCRidpWrKsd.&mime_type=video_mp4&qs=0&rc=aDdmZTRpNGlpNDM5Mzo2ZUBpajU8eXk5cmw7cDMzZzczNEBjMl9fYTJiXjYxYl9iMGExYSNhZ18tMmRjal5gLS1kMS9zcw%3D%3D&btag=e00088000&expire=1711733514&l=20240327173134AAA84D167BAE4C0D0D26&ply_type=2&policy=2&signature=8714bb3d33bc7ef59215f85e10c850cc&tk=tt_chain_token&__vid=TT-vCache-7319628812965350699
video/mp4, bytesbytes 614400-889591/4967988, 1711560703.2210429, 1711560703.222464, 1711560703.243517, 1711560703.2729118, dump, video, /video/tos/useast5/tos-useast5-ve-0068c001-tx/oo8ZIbFFv9SJYi8UDQDAEtlfRBlgiBOEEIEafc/?a=1988&bti=NDU3ZjAwOg%3D%3D&ch=0&cr=3&dr=0&lr=unwatermarked&cd=0%7C0%7C0%7C&cv=1&br=3946&bt=1973&cs=0&ds=6&ft=4KJMyMzm8Zmo0c85F-4jVCRidpWrKsd.&mime_type=video_mp4&qs=0&rc=aDdmZTRpNGlpNDM5Mzo2ZUBpajU8eXk5cmw7cDMzZzczNEBjMl9fYTJiXjYxYl9iMGExYSNhZ18tMmRjal5gLS1kMS9zcw%3D%3D&btag=e00088000&expire=1711733514&l=20240327173134AAA84D167BAE4C0D0D26&ply_type=2&policy=2&signature=8714bb3d33bc7ef59215f85e10c850cc&tk=tt_chain_token&__vid=TT-vCache-7319628812965350699
video/mp4, bytesbytes 889592-3282370/4967988, 1711560703.2900102, 1711560703.291351, 1711560703.310126, 1711560703.821075, dump, video, /video/tos/useast5/tos-useast5-ve-0068c001-tx/oo8ZIbFFv9SJYi8UDQDAEtlfRBlgiBOEEIEafc/?a=1988&bti=NDU3ZjAwOg%3D%3D&ch=0&cr=3&dr=0&lr=unwatermarked&cd=0%7C0%7C0%7C&cv=1&br=3946&bt=1973&cs=0&ds=6&ft=4KJMyMzm8Zmo0c85F-4jVCRidpWrKsd.&mime_type=video_mp4&qs=0&rc=aDdmZTRpNGlpNDM5Mzo2ZUBpajU8eXk5cmw7cDMzZzczNEBjMl9fYTJiXjYxYl9iMGExYSNhZ18tMmRjal5gLS1kMS9zcw%3D%3D&btag=e00088000&expire=1711733514&l=20240327173134AAA84D167BAE4C0D0D26&ply_type=2&policy=2&signature=8714bb3d33bc7ef59215f85e10c850cc&tk=tt_chain_token&__vid=TT-vCache-7319628812965350699
video/mp4, bytesbytes 1897529-3814522/9102112, 1711560704.470478, 1711560704.471197, 1711560704.488909, 1711560704.5572212, dump, video, /video/tos/useast5/tos-useast5-ve-0068c004-tx/ow65mIWUZEQxk4ycAdBRi5gErQBiPgRBQQgGI/?a=1988&ch=0&cr=3&dr=0&lr=unwatermarked&cd=0%7C0%7C0%7C&cv=1&br=2366&bt=1183&bti=NDU3ZjAwOg%3D%3D&cs=0&ds=6&ft=4KJMyMzm8Zmo0IVkw-4jVO0bdpWrKsd.&mime_type=video_mp4&qs=0&rc=O2U3NzQ2NjU0OjZlNDhkZUBpams8ZnM5cndzcjMzZzczNEA2Li0yNi8zXy8xMS0uMzJfYSM1LWNtMmQ0LS1gLS1kMS9zcw%3D%3D&btag=e00090000&expire=1711696497&l=20240327071357C8B75D1228CE5C00016B&ply_type=2&policy=2&signature=cf706eecef139b2d818e52ccd77608ca&tk=tt_chain_token&__vid=TT-vCache-7350315585571409194
video/mp4, bytesbytes 3814523-5350387/9102112, 1711560704.635349, 1711560704.635966, 1711560704.6552372, 1711560704.7046568, dump, video, /video/tos/useast5/tos-useast5-ve-0068c004-tx/ow65mIWUZEQxk4ycAdBRi5gErQBiPgRBQQgGI/?a=1988&ch=0&cr=3&dr=0&lr=unwatermarked&cd=0%7C0%7C0%7C&cv=1&br=2366&bt=1183&bti=NDU3ZjAwOg%3D%3D&cs=0&ds=6&ft=4KJMyMzm8Zmo0IVkw-4jVO0bdpWrKsd.&mime_type=video_mp4&qs=0&rc=O2U3NzQ2NjU0OjZlNDhkZUBpams8ZnM5cndzcjMzZzczNEA2Li0yNi8zXy8xMS0uMzJfYSM1LWNtMmQ0LS1gLS1kMS9zcw%3D%3D&btag=e00090000&expire=1711696497&l=20240327071357C8B75D1228CE5C00016B&ply_type=2&policy=2&signature=cf706eecef139b2d818e52ccd77608ca&tk=tt_chain_token&__vid=TT-vCache-7350315585571409194
video/mp4, bytesbytes 5350388-6979807/9102112, 1711560708.287144, 1711560708.2883189, 1711560708.339633, 1711560708.431989, dump, video, /video/tos/useast5/tos-useast5-ve-0068c004-tx/ow65mIWUZEQxk4ycAdBRi5gErQBiPgRBQQgGI/?a=1988&ch=0&cr=3&dr=0&lr=unwatermarked&cd=0%7C0%7C0%7C&cv=1&br=2366&bt=1183&bti=NDU3ZjAwOg%3D%3D&cs=0&ds=6&ft=4KJMyMzm8Zmo0IVkw-4jVO0bdpWrKsd.&mime_type=video_mp4&qs=0&rc=O2U3NzQ2NjU0OjZlNDhkZUBpams8ZnM5cndzcjMzZzczNEA2Li0yNi8zXy8xMS0uMzJfYSM1LWNtMmQ0LS1gLS1kMS9zcw%3D%3D&btag=e00090000&expire=1711696497&l=20240327071357C8B75D1228CE5C00016B&ply_type=2&policy=2&signature=cf706eecef139b2d818e52ccd77608ca&tk=tt_chain_token&__vid=TT-vCache-7350315585571409194
video/mp4, bytesbytes 0-614399/8460214, 1711560709.822294, 1711560709.8228512, 1711560709.839913, 1711560709.8547971, dump, video, /video/tos/useast5/tos-useast5-ve-0068c002-tx/ocERCSlAKSifEj0oDDIrv6FXqIQB7gf9EoEEBW/?a=1988&bti=NDU3ZjAwOg%3D%3D&ch=0&cr=3&dr=0&lr=unwatermarked&cd=0%7C0%7C0%7C&cv=1&br=1976&bt=988&cs=0&ds=6&ft=4KJMyMzm8Zmo0c85F-4jVCRidpWrKsd.&mime_type=video_mp4&qs=0&rc=OGc6PGc0Zmc5Zjg8PGg3PEBpM2loang5cjtkcTMzZzczNEAtLmEtXzYxXi0xYGNgYzYuYSNua2NzMmRzLmhgLS1kMS9zcw%3D%3D&btag=e00090000&expire=1711733561&l=20240327173134AAA84D167BAE4C0D0D26&ply_type=2&policy=2&signature=2aa1b6cc4055df0ebbff65bdc70f8c6c&tk=tt_chain_token&__vid=TT-vCache-7343296456343719211
video/mp4, bytesbytes 614400-2329319/8460214, 1711560709.869441, 1711560709.869775, 1711560709.884844, 1711560709.9383008, dump, video, /video/tos/useast5/tos-useast5-ve-0068c002-tx/ocERCSlAKSifEj0oDDIrv6FXqIQB7gf9EoEEBW/?a=1988&bti=NDU3ZjAwOg%3D%3D&ch=0&cr=3&dr=0&lr=unwatermarked&cd=0%7C0%7C0%7C&cv=1&br=1976&bt=988&cs=0&ds=6&ft=4KJMyMzm8Zmo0c85F-4jVCRidpWrKsd.&mime_type=video_mp4&qs=0&rc=OGc6PGc0Zmc5Zjg8PGg3PEBpM2loang5cjtkcTMzZzczNEAtLmEtXzYxXi0xYGNgYzYuYSNua2NzMmRzLmhgLS1kMS9zcw%3D%3D&btag=e00090000&expire=1711733561&l=20240327173134AAA84D167BAE4C0D0D26&ply_type=2&policy=2&signature=2aa1b6cc4055df0ebbff65bdc70f8c6c&tk=tt_chain_token&__vid=TT-vCache-7343296456343719211
video/mp4, bytesbytes 4083204-4189207/4189326, 1711560719.009558, 1711560719.010134, 1711560719.03699, 1711560719.047807, dump, video, /video/tos/useast5/tos-useast5-ve-0068c003-tx/ooBJGevJIIlkIiMIEgLALCaSQQjGAfxeuHAHGU/?a=1988&ch=0&cr=3&dr=0&lr=unwatermarked&cd=0%7C0%7C0%7C&cv=1&br=2566&bt=1283&bti=NDU3ZjAwOg%3D%3D&cs=0&ds=6&ft=4KJMyMzm8Zmo0IVkw-4jVO0bdpWrKsd.&mime_type=video_mp4&qs=0&rc=Mzw3OzM0Mzw2NTU8PDY8PEBpamw5a3U5cjw2cDMzZzczNEBiNWA0NTZfNV8xYC1eLTRjYSM0bGhsMmQ0LTZgLS1kMS9zcw%3D%3D&btag=e00088000&expire=1711696462&l=20240327071357C8B75D1228CE5C00016B&ply_type=2&policy=2&signature=cc000a3960115fc877badbd08ecc554c&tk=tt_chain_token&__vid=TT-vCache-7318967336281689390
video/mp4, bytesbytes 4189208-4189325/4189326, 1711560719.086496, 1711560719.087195, 1711560719.112674, 1711560719.1144829, dump, video, /video/tos/useast5/tos-useast5-ve-0068c003-tx/ooBJGevJIIlkIiMIEgLALCaSQQjGAfxeuHAHGU/?a=1988&ch=0&cr=3&dr=0&lr=unwatermarked&cd=0%7C0%7C0%7C&cv=1&br=2566&bt=1283&bti=NDU3ZjAwOg%3D%3D&cs=0&ds=6&ft=4KJMyMzm8Zmo0IVkw-4jVO0bdpWrKsd.&mime_type=video_mp4&qs=0&rc=Mzw3OzM0Mzw2NTU8PDY8PEBpamw5a3U5cjw2cDMzZzczNEBiNWA0NTZfNV8xYC1eLTRjYSM0bGhsMmQ0LTZgLS1kMS9zcw%3D%3D&btag=e00088000&expire=1711696462&l=20240327071357C8B75D1228CE5C00016B&ply_type=2&policy=2&signature=cc000a3960115fc877badbd08ecc554c&tk=tt_chain_token&__vid=TT-vCache-7318967336281689390
video/mp4, bytesbytes 0-614399/1231425, 1711560724.359912, 1711560724.3604941, 1711560724.385607, 1711560724.414058, dump, video, /video/tos/useast5/tos-useast5-ve-0068c002-tx/okPy7wILCBBe5tQisRiDNILNBlBmEwAz1HQpAA/?a=1988&bti=NDU3ZjAwOg%3D%3D&ch=0&cr=3&dr=0&lr=unwatermarked&cd=0%7C0%7C0%7C&cv=1&br=2050&bt=1025&cs=0&ds=6&ft=4KJMyMzm8Zmo0c85F-4jVCRidpWrKsd.&mime_type=video_mp4&qs=0&rc=PDNkaGQzaDk4aWU0aDkzOEBpajo6PG05cmducTMzZzczNEAxYjIyXzMzX2AxLjYuX2EvYSNmLWstMmQ0M2pgLS1kMS9zcw%3D%3D&btag=e00088000&expire=1711733504&l=20240327173134AAA84D167BAE4C0D0D26&ply_type=2&policy=2&signature=1316562b009705ecb14c80f01288ec8e&tk=tt_chain_token&__vid=TT-vCache-7344602098937384234
video/mp4, bytesbytes 614400-1063764/1231425, 1711560724.426888, 1711560724.42727, 1711560724.44618, 1711560724.458857, dump, video, /video/tos/useast5/tos-useast5-ve-0068c002-tx/okPy7wILCBBe5tQisRiDNILNBlBmEwAz1HQpAA/?a=1988&bti=NDU3ZjAwOg%3D%3D&ch=0&cr=3&dr=0&lr=unwatermarked&cd=0%7C0%7C0%7C&cv=1&br=2050&bt=1025&cs=0&ds=6&ft=4KJMyMzm8Zmo0c85F-4jVCRidpWrKsd.&mime_type=video_mp4&qs=0&rc=PDNkaGQzaDk4aWU0aDkzOEBpajo6PG05cmducTMzZzczNEAxYjIyXzMzX2AxLjYuX2EvYSNmLWstMmQ0M2pgLS1kMS9zcw%3D%3D&btag=e00088000&expire=1711733504&l=20240327173134AAA84D167BAE4C0D0D26&ply_type=2&policy=2&signature=1316562b009705ecb14c80f01288ec8e&tk=tt_chain_token&__vid=TT-vCache-7344602098937384234
video/mp4, bytesbytes 1063765-1231282/1231425, 1711560724.4733272, 1711560724.473782, 1711560724.488068, 1711560724.515991, dump, video, /video/tos/useast5/tos-useast5-ve-0068c002-tx/okPy7wILCBBe5tQisRiDNILNBlBmEwAz1HQpAA/?a=1988&bti=NDU3ZjAwOg%3D%3D&ch=0&cr=3&dr=0&lr=unwatermarked&cd=0%7C0%7C0%7C&cv=1&br=2050&bt=1025&cs=0&ds=6&ft=4KJMyMzm8Zmo0c85F-4jVCRidpWrKsd.&mime_type=video_mp4&qs=0&rc=PDNkaGQzaDk4aWU0aDkzOEBpajo6PG05cmducTMzZzczNEAxYjIyXzMzX2AxLjYuX2EvYSNmLWstMmQ0M2pgLS1kMS9zcw%3D%3D&btag=e00088000&expire=1711733504&l=20240327173134AAA84D167BAE4C0D0D26&ply_type=2&policy=2&signature=1316562b009705ecb14c80f01288ec8e&tk=tt_chain_token&__vid=TT-vCache-7344602098937384234
video/mp4, bytesbytes 1231283-1231424/1231425, 1711560724.5249228, 1711560724.525367, 1711560724.556305, 1711560724.5570161, dump, video, /video/tos/useast5/tos-useast5-ve-0068c002-tx/okPy7wILCBBe5tQisRiDNILNBlBmEwAz1HQpAA/?a=1988&bti=NDU3ZjAwOg%3D%3D&ch=0&cr=3&dr=0&lr=unwatermarked&cd=0%7C0%7C0%7C&cv=1&br=2050&bt=1025&cs=0&ds=6&ft=4KJMyMzm8Zmo0c85F-4jVCRidpWrKsd.&mime_type=video_mp4&qs=0&rc=PDNkaGQzaDk4aWU0aDkzOEBpajo6PG05cmducTMzZzczNEAxYjIyXzMzX2AxLjYuX2EvYSNmLWstMmQ0M2pgLS1kMS9zcw%3D%3D&btag=e00088000&expire=1711733504&l=20240327173134AAA84D167BAE4C0D0D26&ply_type=2&policy=2&signature=1316562b009705ecb14c80f01288ec8e&tk=tt_chain_token&__vid=TT-vCache-7344602098937384234
video/mp4, bytesbytes 3282371-4967941/4967988, 1711560758.013783, 1711560758.014143, 1711560758.056929, 1711560758.134318, dump, video, /video/tos/useast5/tos-useast5-ve-0068c001-tx/oo8ZIbFFv9SJYi8UDQDAEtlfRBlgiBOEEIEafc/?a=1988&bti=NDU3ZjAwOg%3D%3D&ch=0&cr=3&dr=0&lr=unwatermarked&cd=0%7C0%7C0%7C&cv=1&br=3946&bt=1973&cs=0&ds=6&ft=4KJMyMzm8Zmo0c85F-4jVCRidpWrKsd.&mime_type=video_mp4&qs=0&rc=aDdmZTRpNGlpNDM5Mzo2ZUBpajU8eXk5cmw7cDMzZzczNEBjMl9fYTJiXjYxYl9iMGExYSNhZ18tMmRjal5gLS1kMS9zcw%3D%3D&btag=e00088000&expire=1711733514&l=20240327173134AAA84D167BAE4C0D0D26&ply_type=2&policy=2&signature=8714bb3d33bc7ef59215f85e10c850cc&tk=tt_chain_token&__vid=TT-vCache-7319628812965350699
video/mp4, bytesbytes 4967942-4967987/4967988, 1711560758.1877608, 1711560758.188431, 1711560758.23953, 1711560758.247071, dump, video, /video/tos/useast5/tos-useast5-ve-0068c001-tx/oo8ZIbFFv9SJYi8UDQDAEtlfRBlgiBOEEIEafc/?a=1988&bti=NDU3ZjAwOg%3D%3D&ch=0&cr=3&dr=0&lr=unwatermarked&cd=0%7C0%7C0%7C&cv=1&br=3946&bt=1973&cs=0&ds=6&ft=4KJMyMzm8Zmo0c85F-4jVCRidpWrKsd.&mime_type=video_mp4&qs=0&rc=aDdmZTRpNGlpNDM5Mzo2ZUBpajU8eXk5cmw7cDMzZzczNEBjMl9fYTJiXjYxYl9iMGExYSNhZ18tMmRjal5gLS1kMS9zcw%3D%3D&btag=e00088000&expire=1711733514&l=20240327173134AAA84D167BAE4C0D0D26&ply_type=2&policy=2&signature=8714bb3d33bc7ef59215f85e10c850cc&tk=tt_chain_token&__vid=TT-vCache-7319628812965350699
video/mp4, bytesbytes 0-614399/3280670, 1711560763.344964, 1711560763.3467572, 1711560763.3693361, 1711560763.382008, dump, video, /video/tos/useast5/tos-useast5-ve-0068c003-tx/ooeBXGzbRAklChAIcHFIg0YMigfjAgLPLMChwe/?a=1988&bti=NDU3ZjAwOg%3D%3D&ch=0&cr=3&dr=0&lr=unwatermarked&cd=0%7C0%7C0%7C&cv=1&br=3202&bt=1601&cs=0&ds=6&ft=4KJMyMzm8Zmo0c85F-4jVCRidpWrKsd.&mime_type=video_mp4&qs=0&rc=OTozPDhpNDgzNWRlaTo3OkBpMztpZHE5cjczcTMzZzczNEBhMGNgXzZhNl8xMzUtNmIwYSNibi8tMmRramdgLS1kMS9zcw%3D%3D&btag=e00088000&expire=1711733511&l=20240327173134AAA84D167BAE4C0D0D26&ply_type=2&policy=2&signature=0e18a085479fcce4f32b482630f221d4&tk=tt_chain_token&__vid=TT-vCache-7342569073395535150
video/mp4, bytesbytes 614400-1779807/3280670, 1711560763.394349, 1711560763.3949718, 1711560763.40941, 1711560763.453351, dump, video, /video/tos/useast5/tos-useast5-ve-0068c003-tx/ooeBXGzbRAklChAIcHFIg0YMigfjAgLPLMChwe/?a=1988&bti=NDU3ZjAwOg%3D%3D&ch=0&cr=3&dr=0&lr=unwatermarked&cd=0%7C0%7C0%7C&cv=1&br=3202&bt=1601&cs=0&ds=6&ft=4KJMyMzm8Zmo0c85F-4jVCRidpWrKsd.&mime_type=video_mp4&qs=0&rc=OTozPDhpNDgzNWRlaTo3OkBpMztpZHE5cjczcTMzZzczNEBhMGNgXzZhNl8xMzUtNmIwYSNibi8tMmRramdgLS1kMS9zcw%3D%3D&btag=e00088000&expire=1711733511&l=20240327173134AAA84D167BAE4C0D0D26&ply_type=2&policy=2&signature=0e18a085479fcce4f32b482630f221d4&tk=tt_chain_token&__vid=TT-vCache-7342569073395535150
video/mp4, bytesbytes 1779808-3280312/3280670, 1711560763.474667, 1711560763.475898, 1711560763.510876, 1711560763.5794182, dump, video, /video/tos/useast5/tos-useast5-ve-0068c003-tx/ooeBXGzbRAklChAIcHFIg0YMigfjAgLPLMChwe/?a=1988&bti=NDU3ZjAwOg%3D%3D&ch=0&cr=3&dr=0&lr=unwatermarked&cd=0%7C0%7C0%7C&cv=1&br=3202&bt=1601&cs=0&ds=6&ft=4KJMyMzm8Zmo0c85F-4jVCRidpWrKsd.&mime_type=video_mp4&qs=0&rc=OTozPDhpNDgzNWRlaTo3OkBpMztpZHE5cjczcTMzZzczNEBhMGNgXzZhNl8xMzUtNmIwYSNibi8tMmRramdgLS1kMS9zcw%3D%3D&btag=e00088000&expire=1711733511&l=20240327173134AAA84D167BAE4C0D0D26&ply_type=2&policy=2&signature=0e18a085479fcce4f32b482630f221d4&tk=tt_chain_token&__vid=TT-vCache-7342569073395535150
video/mp4, bytesbytes 2329320-3679306/8460214, 1711560771.8463008, 1711560771.846673, 1711560771.888503, 1711560771.9573069, dump, video, /video/tos/useast5/tos-useast5-ve-0068c002-tx/ocERCSlAKSifEj0oDDIrv6FXqIQB7gf9EoEEBW/?a=1988&bti=NDU3ZjAwOg%3D%3D&ch=0&cr=3&dr=0&lr=unwatermarked&cd=0%7C0%7C0%7C&cv=1&br=1976&bt=988&cs=0&ds=6&ft=4KJMyMzm8Zmo0c85F-4jVCRidpWrKsd.&mime_type=video_mp4&qs=0&rc=OGc6PGc0Zmc5Zjg8PGg3PEBpM2loang5cjtkcTMzZzczNEAtLmEtXzYxXi0xYGNgYzYuYSNua2NzMmRzLmhgLS1kMS9zcw%3D%3D&btag=e00090000&expire=1711733561&l=20240327173134AAA84D167BAE4C0D0D26&ply_type=2&policy=2&signature=2aa1b6cc4055df0ebbff65bdc70f8c6c&tk=tt_chain_token&__vid=TT-vCache-7343296456343719211
video/mp4, bytesbytes 3679307-5128057/8460214, 1711560772.0239491, 1711560772.025022, 1711560772.0416052, 1711560772.091603, dump, video, /video/tos/useast5/tos-useast5-ve-0068c002-tx/ocERCSlAKSifEj0oDDIrv6FXqIQB7gf9EoEEBW/?a=1988&bti=NDU3ZjAwOg%3D%3D&ch=0&cr=3&dr=0&lr=unwatermarked&cd=0%7C0%7C0%7C&cv=1&br=1976&bt=988&cs=0&ds=6&ft=4KJMyMzm8Zmo0c85F-4jVCRidpWrKsd.&mime_type=video_mp4&qs=0&rc=OGc6PGc0Zmc5Zjg8PGg3PEBpM2loang5cjtkcTMzZzczNEAtLmEtXzYxXi0xYGNgYzYuYSNua2NzMmRzLmhgLS1kMS9zcw%3D%3D&btag=e00090000&expire=1711733561&l=20240327173134AAA84D167BAE4C0D0D26&ply_type=2&policy=2&signature=2aa1b6cc4055df0ebbff65bdc70f8c6c&tk=tt_chain_token&__vid=TT-vCache-7343296456343719211
video/mp4, bytesbytes 0-614399/2298700, 1711560777.129535, 1711560777.131217, 1711560777.16288, 1711560777.186111, dump, video, /video/tos/useast5/tos-useast5-ve-0068c002-tx/oQvIeigmfXSMACkYvL5tjNAEmQQQ8H4MIKfORs/?a=1988&bti=NDU3ZjAwOg%3D%3D&ch=0&cr=3&dr=0&lr=unwatermarked&cd=0%7C0%7C0%7C&cv=1&br=2568&bt=1284&cs=0&ds=6&ft=4KJMyMzm8Zmo0c85F-4jVCRidpWrKsd.&mime_type=video_mp4&qs=0&rc=ZTNpOWQ2ZGVnNGY0OzY8O0BpM3Z4eXk5cm9xcTMzZzczNEAxNmJgYmBeXzIxXjI0MjJjYSMwZm40MmRrbS9gLS1kMS9zcw%3D%3D&btag=e00088000&expire=1711733509&l=20240327173134AAA84D167BAE4C0D0D26&ply_type=2&policy=2&signature=d05051f27040de9b0164c2d4683d512f&tk=tt_chain_token&__vid=TT-vCache-7333404749334629674
video/mp4, bytesbytes 614400-1250010/2298700, 1711560777.200632, 1711560777.201704, 1711560777.242681, 1711560777.265676, dump, video, /video/tos/useast5/tos-useast5-ve-0068c002-tx/oQvIeigmfXSMACkYvL5tjNAEmQQQ8H4MIKfORs/?a=1988&bti=NDU3ZjAwOg%3D%3D&ch=0&cr=3&dr=0&lr=unwatermarked&cd=0%7C0%7C0%7C&cv=1&br=2568&bt=1284&cs=0&ds=6&ft=4KJMyMzm8Zmo0c85F-4jVCRidpWrKsd.&mime_type=video_mp4&qs=0&rc=ZTNpOWQ2ZGVnNGY0OzY8O0BpM3Z4eXk5cm9xcTMzZzczNEAxNmJgYmBeXzIxXjI0MjJjYSMwZm40MmRrbS9gLS1kMS9zcw%3D%3D&btag=e00088000&expire=1711733509&l=20240327173134AAA84D167BAE4C0D0D26&ply_type=2&policy=2&signature=d05051f27040de9b0164c2d4683d512f&tk=tt_chain_token&__vid=TT-vCache-7333404749334629674
video/mp4, bytesbytes 1250011-2298322/2298700, 1711560777.2899358, 1711560777.2907891, 1711560777.3059998, 1711560777.371559, dump, video, /video/tos/useast5/tos-useast5-ve-0068c002-tx/oQvIeigmfXSMACkYvL5tjNAEmQQQ8H4MIKfORs/?a=1988&bti=NDU3ZjAwOg%3D%3D&ch=0&cr=3&dr=0&lr=unwatermarked&cd=0%7C0%7C0%7C&cv=1&br=2568&bt=1284&cs=0&ds=6&ft=4KJMyMzm8Zmo0c85F-4jVCRidpWrKsd.&mime_type=video_mp4&qs=0&rc=ZTNpOWQ2ZGVnNGY0OzY8O0BpM3Z4eXk5cm9xcTMzZzczNEAxNmJgYmBeXzIxXjI0MjJjYSMwZm40MmRrbS9gLS1kMS9zcw%3D%3D&btag=e00088000&expire=1711733509&l=20240327173134AAA84D167BAE4C0D0D26&ply_type=2&policy=2&signature=d05051f27040de9b0164c2d4683d512f&tk=tt_chain_token&__vid=TT-vCache-7333404749334629674
video/mp4, bytesbytes 5128058-6388022/8460214, 1711560778.137982, 1711560778.1393259, 1711560778.166537, 1711560778.223575, dump, video, /video/tos/useast5/tos-useast5-ve-0068c002-tx/ocERCSlAKSifEj0oDDIrv6FXqIQB7gf9EoEEBW/?a=1988&bti=NDU3ZjAwOg%3D%3D&ch=0&cr=3&dr=0&lr=unwatermarked&cd=0%7C0%7C0%7C&cv=1&br=1976&bt=988&cs=0&ds=6&ft=4KJMyMzm8Zmo0c85F-4jVCRidpWrKsd.&mime_type=video_mp4&qs=0&rc=OGc6PGc0Zmc5Zjg8PGg3PEBpM2loang5cjtkcTMzZzczNEAtLmEtXzYxXi0xYGNgYzYuYSNua2NzMmRzLmhgLS1kMS9zcw%3D%3D&btag=e00090000&expire=1711733561&l=20240327173134AAA84D167BAE4C0D0D26&ply_type=2&policy=2&signature=2aa1b6cc4055df0ebbff65bdc70f8c6c&tk=tt_chain_token&__vid=TT-vCache-7343296456343719211
video/mp4, bytesbytes 0-4189325/4189326, 1711560790.836153, 1711560790.8367481, 1711560790.955988, 1711560791.7705002, dump, video, /video/tos/useast5/tos-useast5-ve-0068c003-tx/ooBJGevJIIlkIiMIEgLALCaSQQjGAfxeuHAHGU/?a=1988&ch=0&cr=3&dr=0&lr=unwatermarked&cd=0%7C0%7C0%7C&cv=1&br=2566&bt=1283&bti=NDU3ZjAwOg%3D%3D&cs=0&ds=6&ft=4KJMyMzm8Zmo0IVkw-4jVO0bdpWrKsd.&mime_type=video_mp4&qs=0&rc=Mzw3OzM0Mzw2NTU8PDY8PEBpamw5a3U5cjw2cDMzZzczNEBiNWA0NTZfNV8xYC1eLTRjYSM0bGhsMmQ0LTZgLS1kMS9zcw%3D%3D&btag=e00088000&expire=1711696462&l=20240327071357C8B75D1228CE5C00016B&ply_type=2&policy=2&signature=cc000a3960115fc877badbd08ecc554c&tk=tt_chain_token
video/mp4, bytesbytes 0-9102111/9102112, 1711560793.366699, 1711560793.367342, 1711560793.4170601, 1711560793.9838238, dump, video, /video/tos/useast5/tos-useast5-ve-0068c004-tx/ow65mIWUZEQxk4ycAdBRi5gErQBiPgRBQQgGI/?a=1988&ch=0&cr=3&dr=0&lr=unwatermarked&cd=0%7C0%7C0%7C&cv=1&br=2366&bt=1183&bti=NDU3ZjAwOg%3D%3D&cs=0&ds=6&ft=4KJMyMzm8Zmo0IVkw-4jVO0bdpWrKsd.&mime_type=video_mp4&qs=0&rc=O2U3NzQ2NjU0OjZlNDhkZUBpams8ZnM5cndzcjMzZzczNEA2Li0yNi8zXy8xMS0uMzJfYSM1LWNtMmQ0LS1gLS1kMS9zcw%3D%3D&btag=e00090000&expire=1711696497&l=20240327071357C8B75D1228CE5C00016B&ply_type=2&policy=2&signature=cf706eecef139b2d818e52ccd77608ca&tk=tt_chain_token
video/mp4, bytesbytes 0-397165/403742, 1711560800.753061, 1711560800.753938, 1711560800.777526, 1711560800.809546, dump, video, /video/tos/useast5/tos-useast5-ve-0068c003-tx/owIFmjeA7c1Dpp6yGKRGveffRPOFmdEXAIEEAI/?a=1988&bti=NDU3ZjAwOg%3D%3D&ch=0&cr=3&dr=0&lr=unwatermarked&cd=0%7C0%7C0%7C&cv=1&br=688&bt=344&cs=0&ds=6&ft=4KJMyMzm8Zmo0c85F-4jVCRidpWrKsd.&mime_type=video_mp4&qs=0&rc=OjY7PGc8ZzhoPGU5PGlkO0BpM2luaXc5cnk6cTMzZzczNEBfLWAzNi41X2ExLTYwMTAzYSMvLWpeMmRrNGdgLS1kMS9zcw%3D%3D&btag=e00088000&expire=1711733504&l=20240327173134AAA84D167BAE4C0D0D26&ply_type=2&policy=2&signature=777a440d22a3eb539fd9d92730934a49&tk=tt_chain_token&__vid=TT-vCache-7342686891881368875
video/mp4, bytesbytes 397166-403290/403742, 1711560800.830954, 1711560800.832397, 1711560800.853962, 1711560800.8548841, dump, video, /video/tos/useast5/tos-useast5-ve-0068c003-tx/owIFmjeA7c1Dpp6yGKRGveffRPOFmdEXAIEEAI/?a=1988&bti=NDU3ZjAwOg%3D%3D&ch=0&cr=3&dr=0&lr=unwatermarked&cd=0%7C0%7C0%7C&cv=1&br=688&bt=344&cs=0&ds=6&ft=4KJMyMzm8Zmo0c85F-4jVCRidpWrKsd.&mime_type=video_mp4&qs=0&rc=OjY7PGc8ZzhoPGU5PGlkO0BpM2luaXc5cnk6cTMzZzczNEBfLWAzNi41X2ExLTYwMTAzYSMvLWpeMmRrNGdgLS1kMS9zcw%3D%3D&btag=e00088000&expire=1711733504&l=20240327173134AAA84D167BAE4C0D0D26&ply_type=2&policy=2&signature=777a440d22a3eb539fd9d92730934a49&tk=tt_chain_token&__vid=TT-vCache-7342686891881368875
video/mp4, bytesbytes 403291-403741/403742, 1711560800.865661, 1711560800.8667772, 1711560800.881403, 1711560800.883622, dump, video, /video/tos/useast5/tos-useast5-ve-0068c003-tx/owIFmjeA7c1Dpp6yGKRGveffRPOFmdEXAIEEAI/?a=1988&bti=NDU3ZjAwOg%3D%3D&ch=0&cr=3&dr=0&lr=unwatermarked&cd=0%7C0%7C0%7C&cv=1&br=688&bt=344&cs=0&ds=6&ft=4KJMyMzm8Zmo0c85F-4jVCRidpWrKsd.&mime_type=video_mp4&qs=0&rc=OjY7PGc8ZzhoPGU5PGlkO0BpM2luaXc5cnk6cTMzZzczNEBfLWAzNi41X2ExLTYwMTAzYSMvLWpeMmRrNGdgLS1kMS9zcw%3D%3D&btag=e00088000&expire=1711733504&l=20240327173134AAA84D167BAE4C0D0D26&ply_type=2&policy=2&signature=777a440d22a3eb539fd9d92730934a49&tk=tt_chain_token&__vid=TT-vCache-7342686891881368875
video/mp4, bytesbytes 0-8460213/8460214, 1711560831.880231, 1711560831.880584, 1711560831.898305, 1711560832.188339, dump, video, /video/tos/useast5/tos-useast5-ve-0068c002-tx/ocERCSlAKSifEj0oDDIrv6FXqIQB7gf9EoEEBW/?a=1988&bti=NDU3ZjAwOg%3D%3D&ch=0&cr=3&dr=0&lr=unwatermarked&cd=0%7C0%7C0%7C&cv=1&br=1976&bt=988&cs=0&ds=6&ft=4KJMyMzm8Zmo0c85F-4jVCRidpWrKsd.&mime_type=video_mp4&qs=0&rc=OGc6PGc0Zmc5Zjg8PGg3PEBpM2loang5cjtkcTMzZzczNEAtLmEtXzYxXi0xYGNgYzYuYSNua2NzMmRzLmhgLS1kMS9zcw%3D%3D&btag=e00090000&expire=1711733561&l=20240327173134AAA84D167BAE4C0D0D26&ply_type=2&policy=2&signature=2aa1b6cc4055df0ebbff65bdc70f8c6c&tk=tt_chain_token
video/mp4, bytesbytes 0-1231424/1231425, 1711560832.5764549, 1711560832.576882, 1711560832.599756, 1711560832.665508, dump, video, /video/tos/useast5/tos-useast5-ve-0068c002-tx/okPy7wILCBBe5tQisRiDNILNBlBmEwAz1HQpAA/?a=1988&bti=NDU3ZjAwOg%3D%3D&ch=0&cr=3&dr=0&lr=unwatermarked&cd=0%7C0%7C0%7C&cv=1&br=2050&bt=1025&cs=0&ds=6&ft=4KJMyMzm8Zmo0c85F-4jVCRidpWrKsd.&mime_type=video_mp4&qs=0&rc=PDNkaGQzaDk4aWU0aDkzOEBpajo6PG05cmducTMzZzczNEAxYjIyXzMzX2AxLjYuX2EvYSNmLWstMmQ0M2pgLS1kMS9zcw%3D%3D&btag=e00088000&expire=1711733504&l=20240327173134AAA84D167BAE4C0D0D26&ply_type=2&policy=2&signature=1316562b009705ecb14c80f01288ec8e&tk=tt_chain_token
