video/mp4, bytesbytes 0-10086316/10086317, 1711588572.2336981, 1711588572.233998, 1711588572.258759, 1711588572.671263, dump, video, /video/tos/useast5/tos-useast5-ve-0068c003-tx/oANgA5XeeHkBzPgfHBMAibnEjtLA2CcIM9QQ8Y/?a=1988&bti=NDU3ZjAwOg%3D%3D&ch=0&cr=3&dr=0&lr=unwatermarked&cd=0%7C0%7C0%7C&cv=1&br=2616&bt=1308&cs=0&ds=6&ft=4KJMyMzm8Zmo0eKFF-4jVh.rdpWrKsd.&mime_type=video_mp4&qs=0&rc=ODlpOWczNjVlZDs5NDQzZ0BpajQ7dHI5cnJ4cTMzZzczNEAwLzBfLi5fXi8xM18wNTBhYSNzNTRmMmQ0ajRgLS1kMS9zcw%3D%3D&btag=e00090000&expire=1711760686&l=20240328010345086C7C61BB70070A2174&ply_type=2&policy=2&signature=1452a1251cf21cb037dfee693533bb05&tk=tt_chain_token
video/mp4, bytesbytes 0-1023999/50976237, 1711588578.124744, 1711588578.125582, 1711588578.1830158, 1711588578.282499, dump, video, /video/tos/useast8/tos-useast8-ve-0068c003-tx2/o4f5W3KAiQAinwAW4DBzqyEK6Iw4XvI01i2CXz/?a=1988&bti=NDU3ZjAwOg%3D%3D&ch=0&cr=3&dr=0&lr=unwatermarked&cd=0%7C0%7C0%7C&cv=1&br=3684&bt=1842&cs=0&ds=6&ft=4KJMyMzm8Zmo0eKFF-4jVh.rdpWrKsd.&mime_type=video_mp4&qs=0&rc=OWU8MztkNWY2ZDo4MzloNEBpM206ZnI5cjhlcTMzaTczNEBgLy1eYi8wXjAxM2EtLTBiYSNvLnNfMmRjbF9gLS1kMTJzcw%3D%3D&btag=e00098000&expire=1711760842&l=20240328010345086C7C61BB70070A2174&ply_type=2&policy=2&signature=2e86c921db37bc31e541badc1abba997&tk=tt_chain_token&__vid=TT-vCache-7338259624308526367
video/mp4, bytesbytes 1024000-3237640/50976237, 1711588578.314791, 1711588578.3156219, 1711588578.3461702, 1711588578.636054, dump, video, /video/tos/useast8/tos-useast8-ve-0068c003-tx2/o4f5W3KAiQAinwAW4DBzqyEK6Iw4XvI01i2CXz/?a=1988&bti=NDU3ZjAwOg%3D%3D&ch=0&cr=3&dr=0&lr=unwatermarked&cd=0%7C0%7C0%7C&cv=1&br=3684&bt=1842&cs=0&ds=6&ft=4KJMyMzm8Zmo0eKFF-4jVh.rdpWrKsd.&mime_type=video_mp4&qs=0&rc=OWU8MztkNWY2ZDo4MzloNEBpM206ZnI5cjhlcTMzaTczNEBgLy1eYi8wXjAxM2EtLTBiYSNvLnNfMmRjbF9gLS1kMTJzcw%3D%3D&btag=e00098000&expire=1711760842&l=20240328010345086C7C61BB70070A2174&ply_type=2&policy=2&signature=2e86c921db37bc31e541badc1abba997&tk=tt_chain_token&__vid=TT-vCache-7338259624308526367
video/mp4, bytesbytes 0-614399/4403837, 1711588578.8093371, 1711588578.811002, 1711588579.2875981, 1711588579.584814, dump, video, /video/tos/useast5/tos-useast5-ve-0068c003-tx/oQ8oZFFEpRQZoIylA0gIRIrFWfl4eJESDDgBgT/?a=1988&bti=NDU3ZjAwOg%3D%3D&ch=0&cr=3&dr=0&lr=unwatermarked&cd=0%7C0%7C0%7C&cv=1&br=5374&bt=2687&cs=0&ds=6&ft=4KJMyMzm8Zmo0WbFF-4jVcrWdpWrKsd.&mime_type=video_mp4&qs=0&rc=Zjs1ZzU0Zmg3Omg6NWZlNEBpM2ZqOHg5cm48cDMzZzczNEAzLWA2YDEtXjExXi8zLTYtYSNsZ2JhMmRjL2VgLS1kMS9zcw%3D%3D&btag=e00088000&expire=1711761372&l=202403280115591F54ADC5846EE50BE231&ply_type=2&policy=2&signature=25f5c45ff5048e7ee2c5246def48d40d&tk=tt_chain_token&__vid=TT-vCache-7323575734415707438
video/mp4, bytesbytes 614400-2679627/4403837, 1711588579.6023622, 1711588579.603196, 1711588579.6263611, 1711588579.845781, dump, video, /video/tos/useast5/tos-useast5-ve-0068c003-tx/oQ8oZFFEpRQZoIylA0gIRIrFWfl4eJESDDgBgT/?a=1988&bti=NDU3ZjAwOg%3D%3D&ch=0&cr=3&dr=0&lr=unwatermarked&cd=0%7C0%7C0%7C&cv=1&br=5374&bt=2687&cs=0&ds=6&ft=4KJMyMzm8Zmo0WbFF-4jVcrWdpWrKsd.&mime_type=video_mp4&qs=0&rc=Zjs1ZzU0Zmg3Omg6NWZlNEBpM2ZqOHg5cm48cDMzZzczNEAzLWA2YDEtXjExXi8zLTYtYSNsZ2JhMmRjL2VgLS1kMS9zcw%3D%3D&btag=e00088000&expire=1711761372&l=202403280115591F54ADC5846EE50BE231&ply_type=2&policy=2&signature=25f5c45ff5048e7ee2c5246def48d40d&tk=tt_chain_token&__vid=TT-vCache-7323575734415707438
video/mp4, bytesbytes 2679628-4403610/4403837, 1711588579.870764, 1711588579.871822, 1711588579.913196, 1711588580.11333, dump, video, /video/tos/useast5/tos-useast5-ve-0068c003-tx/oQ8oZFFEpRQZoIylA0gIRIrFWfl4eJESDDgBgT/?a=1988&bti=NDU3ZjAwOg%3D%3D&ch=0&cr=3&dr=0&lr=unwatermarked&cd=0%7C0%7C0%7C&cv=1&br=5374&bt=2687&cs=0&ds=6&ft=4KJMyMzm8Zmo0WbFF-4jVcrWdpWrKsd.&mime_type=video_mp4&qs=0&rc=Zjs1ZzU0Zmg3Omg6NWZlNEBpM2ZqOHg5cm48cDMzZzczNEAzLWA2YDEtXjExXi8zLTYtYSNsZ2JhMmRjL2VgLS1kMS9zcw%3D%3D&btag=e00088000&expire=1711761372&l=202403280115591F54ADC5846EE50BE231&ply_type=2&policy=2&signature=25f5c45ff5048e7ee2c5246def48d40d&tk=tt_chain_token&__vid=TT-vCache-7323575734415707438
video/mp4, bytesbytes 0-614399/2982888, 1711588580.143975, 1711588580.144566, 1711588580.240555, 1711588580.2959301, dump, video, /video/tos/useast5/tos-useast5-ve-0068c003-tx/ooDGLFIkdRmsXFssQgF7IeefI82eWIAqMO4GAk/?a=1988&bti=NDU3ZjAwOg%3D%3D&ch=0&cr=3&dr=0&lr=unwatermarked&cd=0%7C0%7C0%7C&cv=1&br=3546&bt=1773&cs=0&ds=6&ft=4KJMyMzm8Zmo0WbFF-4jVcrWdpWrKsd.&mime_type=video_mp4&qs=0&rc=MzwzZmRnNDhoPGRmZmk7NEBpajg7bHM5cm06cDMzZzczNEA2Ll9eYC9eXjYxX2JiLi4zYSNzcGhoMmRzYW9gLS1kMS9zcw%3D%3D&btag=e00088000&expire=1711761373&l=202403280115591F54ADC5846EE50BE231&ply_type=2&policy=2&signature=8e3c631bef095a356f04c90fd8cdbb82&tk=tt_chain_token&__vid=TT-vCache-7329179250685119787
video/mp4, bytesbytes 614400-1911592/2982888, 1711588580.3082829, 1711588580.309521, 1711588580.354101, 1711588580.476049, dump, video, /video/tos/useast5/tos-useast5-ve-0068c003-tx/ooDGLFIkdRmsXFssQgF7IeefI82eWIAqMO4GAk/?a=1988&bti=NDU3ZjAwOg%3D%3D&ch=0&cr=3&dr=0&lr=unwatermarked&cd=0%7C0%7C0%7C&cv=1&br=3546&bt=1773&cs=0&ds=6&ft=4KJMyMzm8Zmo0WbFF-4jVcrWdpWrKsd.&mime_type=video_mp4&qs=0&rc=MzwzZmRnNDhoPGRmZmk7NEBpajg7bHM5cm06cDMzZzczNEA2Ll9eYC9eXjYxX2JiLi4zYSNzcGhoMmRzYW9gLS1kMS9zcw%3D%3D&btag=e00088000&expire=1711761373&l=202403280115591F54ADC5846EE50BE231&ply_type=2&policy=2&signature=8e3c631bef095a356f04c90fd8cdbb82&tk=tt_chain_token&__vid=TT-vCache-7329179250685119787
video/mp4, bytesbytes 1911593-2982515/2982888, 1711588580.4998772, 1711588580.50059, 1711588580.5257401, 1711588580.635318, dump, video, /video/tos/useast5/tos-useast5-ve-0068c003-tx/ooDGLFIkdRmsXFssQgF7IeefI82eWIAqMO4GAk/?a=1988&bti=NDU3ZjAwOg%3D%3D&ch=0&cr=3&dr=0&lr=unwatermarked&cd=0%7C0%7C0%7C&cv=1&br=3546&bt=1773&cs=0&ds=6&ft=4KJMyMzm8Zmo0WbFF-4jVcrWdpWrKsd.&mime_type=video_mp4&qs=0&rc=MzwzZmRnNDhoPGRmZmk7NEBpajg7bHM5cm06cDMzZzczNEA2Ll9eYC9eXjYxX2JiLi4zYSNzcGhoMmRzYW9gLS1kMS9zcw%3D%3D&btag=e00088000&expire=1711761373&l=202403280115591F54ADC5846EE50BE231&ply_type=2&policy=2&signature=8e3c631bef095a356f04c90fd8cdbb82&tk=tt_chain_token&__vid=TT-vCache-7329179250685119787
video/mp4, bytesbytes 3237641-6416797/50976237, 1711588587.795862, 1711588587.796313, 1711588587.817322, 1711588588.038763, dump, video, /video/tos/useast8/tos-useast8-ve-0068c003-tx2/o4f5W3KAiQAinwAW4DBzqyEK6Iw4XvI01i2CXz/?a=1988&bti=NDU3ZjAwOg%3D%3D&ch=0&cr=3&dr=0&lr=unwatermarked&cd=0%7C0%7C0%7C&cv=1&br=3684&bt=1842&cs=0&ds=6&ft=4KJMyMzm8Zmo0eKFF-4jVh.rdpWrKsd.&mime_type=video_mp4&qs=0&rc=OWU8MztkNWY2ZDo4MzloNEBpM206ZnI5cjhlcTMzaTczNEBgLy1eYi8wXjAxM2EtLTBiYSNvLnNfMmRjbF9gLS1kMTJzcw%3D%3D&btag=e00098000&expire=1711760842&l=20240328010345086C7C61BB70070A2174&ply_type=2&policy=2&signature=2e86c921db37bc31e541badc1abba997&tk=tt_chain_token&__vid=TT-vCache-7338259624308526367
video/mp4, bytesbytes 6416798-9310972/50976237, 1711588588.074611, 1711588588.075309, 1711588588.098746, 1711588588.243087, dump, video, /video/tos/useast8/tos-useast8-ve-0068c003-tx2/o4f5W3KAiQAinwAW4DBzqyEK6Iw4XvI01i2CXz/?a=1988&bti=NDU3ZjAwOg%3D%3D&ch=0&cr=3&dr=0&lr=unwatermarked&cd=0%7C0%7C0%7C&cv=1&br=3684&bt=1842&cs=0&ds=6&ft=4KJMyMzm8Zmo0eKFF-4jVh.rdpWrKsd.&mime_type=video_mp4&qs=0&rc=OWU8MztkNWY2ZDo4MzloNEBpM206ZnI5cjhlcTMzaTczNEBgLy1eYi8wXjAxM2EtLTBiYSNvLnNfMmRjbF9gLS1kMTJzcw%3D%3D&btag=e00098000&expire=1711760842&l=20240328010345086C7C61BB70070A2174&ply_type=2&policy=2&signature=2e86c921db37bc31e541badc1abba997&tk=tt_chain_token&__vid=TT-vCache-7338259624308526367
video/mp4, bytesbytes 0-614399/3639576, 1711588593.092475, 1711588593.0936599, 1711588593.1172638, 1711588593.139929, dump, video, /video/tos/useast5/tos-useast5-ve-0068c004-tx/oAhLeNSERAQkzGIlA1gIVFEFHfLHRrCSDDwBgY/?a=1988&bti=NDU3ZjAwOg%3D%3D&ch=0&cr=3&dr=0&lr=unwatermarked&cd=0%7C0%7C0%7C&br=6612&bt=3306&cs=0&ds=6&ft=4KJMyMzm8Zmo0WbFF-4jVcrWdpWrKsd.&mime_type=video_mp4&qs=0&rc=OTZkZGRlMzM1PDtnNTg8OkBpM2xwO2o5cjNrcTMzZzgzNEBeNC1hXmNhNV4xMzAxYjEyYSNgbGRxMmQ0NjNgLS1kLy9zcw%3D%3D&btag=e00088000&expire=1711761368&l=202403280115591F54ADC5846EE50BE231&ply_type=2&policy=2&signature=7e83550db76c18b8bec9d9a51b14f7f8&tk=tt_chain_token&__vid=TT-vCache-7325502377321139498
video/mp4, bytesbytes 614400-801241/3639576, 1711588593.153994, 1711588593.1555789, 1711588593.173462, 1711588593.178029, dump, video, /video/tos/useast5/tos-useast5-ve-0068c004-tx/oAhLeNSERAQkzGIlA1gIVFEFHfLHRrCSDDwBgY/?a=1988&bti=NDU3ZjAwOg%3D%3D&ch=0&cr=3&dr=0&lr=unwatermarked&cd=0%7C0%7C0%7C&br=6612&bt=3306&cs=0&ds=6&ft=4KJMyMzm8Zmo0WbFF-4jVcrWdpWrKsd.&mime_type=video_mp4&qs=0&rc=OTZkZGRlMzM1PDtnNTg8OkBpM2xwO2o5cjNrcTMzZzgzNEBeNC1hXmNhNV4xMzAxYjEyYSNgbGRxMmQ0NjNgLS1kLy9zcw%3D%3D&btag=e00088000&expire=1711761368&l=202403280115591F54ADC5846EE50BE231&ply_type=2&policy=2&signature=7e83550db76c18b8bec9d9a51b14f7f8&tk=tt_chain_token&__vid=TT-vCache-7325502377321139498
video/mp4, bytesbytes 801242-3639229/3639576, 1711588593.191114, 1711588593.192859, 1711588593.215368, 1711588593.322083, dump, video, /video/tos/useast5/tos-useast5-ve-0068c004-tx/oAhLeNSERAQkzGIlA1gIVFEFHfLHRrCSDDwBgY/?a=1988&bti=NDU3ZjAwOg%3D%3D&ch=0&cr=3&dr=0&lr=unwatermarked&cd=0%7C0%7C0%7C&br=6612&bt=3306&cs=0&ds=6&ft=4KJMyMzm8Zmo0WbFF-4jVcrWdpWrKsd.&mime_type=video_mp4&qs=0&rc=OTZkZGRlMzM1PDtnNTg8OkBpM2xwO2o5cjNrcTMzZzgzNEBeNC1hXmNhNV4xMzAxYjEyYSNgbGRxMmQ0NjNgLS1kLy9zcw%3D%3D&btag=e00088000&expire=1711761368&l=202403280115591F54ADC5846EE50BE231&ply_type=2&policy=2&signature=7e83550db76c18b8bec9d9a51b14f7f8&tk=tt_chain_token&__vid=TT-vCache-7325502377321139498
video/mp4, bytesbytes 3639230-3639575/3639576, 1711588593.3508391, 1711588593.351986, 1711588593.3721018, 1711588593.3732622, dump, video, /video/tos/useast5/tos-useast5-ve-0068c004-tx/oAhLeNSERAQkzGIlA1gIVFEFHfLHRrCSDDwBgY/?a=1988&bti=NDU3ZjAwOg%3D%3D&ch=0&cr=3&dr=0&lr=unwatermarked&cd=0%7C0%7C0%7C&br=6612&bt=3306&cs=0&ds=6&ft=4KJMyMzm8Zmo0WbFF-4jVcrWdpWrKsd.&mime_type=video_mp4&qs=0&rc=OTZkZGRlMzM1PDtnNTg8OkBpM2xwO2o5cjNrcTMzZzgzNEBeNC1hXmNhNV4xMzAxYjEyYSNgbGRxMmQ0NjNgLS1kLy9zcw%3D%3D&btag=e00088000&expire=1711761368&l=202403280115591F54ADC5846EE50BE231&ply_type=2&policy=2&signature=7e83550db76c18b8bec9d9a51b14f7f8&tk=tt_chain_token&__vid=TT-vCache-7325502377321139498
video/mp4, bytesbytes 9310973-11925206/50976237, 1711588598.814703, 1711588598.815968, 1711588598.8476999, 1711588598.938097, dump, video, /video/tos/useast8/tos-useast8-ve-0068c003-tx2/o4f5W3KAiQAinwAW4DBzqyEK6Iw4XvI01i2CXz/?a=1988&bti=NDU3ZjAwOg%3D%3D&ch=0&cr=3&dr=0&lr=unwatermarked&cd=0%7C0%7C0%7C&cv=1&br=3684&bt=1842&cs=0&ds=6&ft=4KJMyMzm8Zmo0eKFF-4jVh.rdpWrKsd.&mime_type=video_mp4&qs=0&rc=OWU8MztkNWY2ZDo4MzloNEBpM206ZnI5cjhlcTMzaTczNEBgLy1eYi8wXjAxM2EtLTBiYSNvLnNfMmRjbF9gLS1kMTJzcw%3D%3D&btag=e00098000&expire=1711760842&l=20240328010345086C7C61BB70070A2174&ply_type=2&policy=2&signature=2e86c921db37bc31e541badc1abba997&tk=tt_chain_token&__vid=TT-vCache-7338259624308526367
video/mp4, bytesbytes 11925207-14794330/50976237, 1711588610.1499572, 1711588610.151108, 1711588610.182768, 1711588610.319045, dump, video, /video/tos/useast8/tos-useast8-ve-0068c003-tx2/o4f5W3KAiQAinwAW4DBzqyEK6Iw4XvI01i2CXz/?a=1988&bti=NDU3ZjAwOg%3D%3D&ch=0&cr=3&dr=0&lr=unwatermarked&cd=0%7C0%7C0%7C&cv=1&br=3684&bt=1842&cs=0&ds=6&ft=4KJMyMzm8Zmo0eKFF-4jVh.rdpWrKsd.&mime_type=video_mp4&qs=0&rc=OWU8MztkNWY2ZDo4MzloNEBpM206ZnI5cjhlcTMzaTczNEBgLy1eYi8wXjAxM2EtLTBiYSNvLnNfMmRjbF9gLS1kMTJzcw%3D%3D&btag=e00098000&expire=1711760842&l=20240328010345086C7C61BB70070A2174&ply_type=2&policy=2&signature=2e86c921db37bc31e541badc1abba997&tk=tt_chain_token&__vid=TT-vCache-7338259624308526367
video/mp4, bytesbytes 4403611-4403836/4403837, 1711588611.4000041, 1711588611.4005702, 1711588611.415924, 1711588611.417196, dump, video, /video/tos/useast5/tos-useast5-ve-0068c003-tx/oQ8oZFFEpRQZoIylA0gIRIrFWfl4eJESDDgBgT/?a=1988&bti=NDU3ZjAwOg%3D%3D&ch=0&cr=3&dr=0&lr=unwatermarked&cd=0%7C0%7C0%7C&cv=1&br=5374&bt=2687&cs=0&ds=6&ft=4KJMyMzm8Zmo0WbFF-4jVcrWdpWrKsd.&mime_type=video_mp4&qs=0&rc=Zjs1ZzU0Zmg3Omg6NWZlNEBpM2ZqOHg5cm48cDMzZzczNEAzLWA2YDEtXjExXi8zLTYtYSNsZ2JhMmRjL2VgLS1kMS9zcw%3D%3D&btag=e00088000&expire=1711761372&l=202403280115591F54ADC5846EE50BE231&ply_type=2&policy=2&signature=25f5c45ff5048e7ee2c5246def48d40d&tk=tt_chain_token&__vid=TT-vCache-7323575734415707438
video/mp4, bytesbytes 2982516-2982887/2982888, 1711588612.7401001, 1711588612.74072, 1711588612.755032, 1711588612.755865, dump, video, /video/tos/useast5/tos-useast5-ve-0068c003-tx/ooDGLFIkdRmsXFssQgF7IeefI82eWIAqMO4GAk/?a=1988&bti=NDU3ZjAwOg%3D%3D&ch=0&cr=3&dr=0&lr=unwatermarked&cd=0%7C0%7C0%7C&cv=1&br=3546&bt=1773&cs=0&ds=6&ft=4KJMyMzm8Zmo0WbFF-4jVcrWdpWrKsd.&mime_type=video_mp4&qs=0&rc=MzwzZmRnNDhoPGRmZmk7NEBpajg7bHM5cm06cDMzZzczNEA2Ll9eYC9eXjYxX2JiLi4zYSNzcGhoMmRzYW9gLS1kMS9zcw%3D%3D&btag=e00088000&expire=1711761373&l=202403280115591F54ADC5846EE50BE231&ply_type=2&policy=2&signature=8e3c631bef095a356f04c90fd8cdbb82&tk=tt_chain_token&__vid=TT-vCache-7329179250685119787
video/mp4, bytesbytes 0-614399/1141964, 1711588619.6692638, 1711588619.670749, 1711588619.720476, 1711588619.760784, dump, video, /video/tos/useast5/tos-useast5-ve-0068c003-tx/o0sNjAIGWFc0vEmLIEWetAgpRO0Xe2xACGRfeX/?a=1988&bti=NDU3ZjAwOg%3D%3D&ch=0&cr=3&dr=0&lr=unwatermarked&cd=0%7C0%7C0%7C&cv=1&br=2152&bt=1076&cs=0&ds=6&ft=4KJMyMzm8Zmo0WbFF-4jVcrWdpWrKsd.&mime_type=video_mp4&qs=0&rc=O2k7aWk3OTVlNGY3OGhnaUBpamVuN3c5cmRpcDMzZzczNEAzYmJhYy4xXi0xLjNhNDMxYSNxZzIyMmRzMG9gLS1kMS9zcw%3D%3D&btag=e00088000&expire=1711761368&l=202403280115591F54ADC5846EE50BE231&ply_type=2&policy=2&signature=799c76b5dd7e4ae72a5ad0268665a353&tk=tt_chain_token&__vid=TT-vCache-7329311179611016494
video/mp4, bytesbytes 614400-1141696/1141964, 1711588619.776952, 1711588619.778419, 1711588619.7944572, 1711588619.810484, dump, video, /video/tos/useast5/tos-useast5-ve-0068c003-tx/o0sNjAIGWFc0vEmLIEWetAgpRO0Xe2xACGRfeX/?a=1988&bti=NDU3ZjAwOg%3D%3D&ch=0&cr=3&dr=0&lr=unwatermarked&cd=0%7C0%7C0%7C&cv=1&br=2152&bt=1076&cs=0&ds=6&ft=4KJMyMzm8Zmo0WbFF-4jVcrWdpWrKsd.&mime_type=video_mp4&qs=0&rc=O2k7aWk3OTVlNGY3OGhnaUBpamVuN3c5cmRpcDMzZzczNEAzYmJhYy4xXi0xLjNhNDMxYSNxZzIyMmRzMG9gLS1kMS9zcw%3D%3D&btag=e00088000&expire=1711761368&l=202403280115591F54ADC5846EE50BE231&ply_type=2&policy=2&signature=799c76b5dd7e4ae72a5ad0268665a353&tk=tt_chain_token&__vid=TT-vCache-7329311179611016494
video/mp4, bytesbytes 1141697-1141963/1141964, 1711588619.8296168, 1711588619.830546, 1711588619.851625, 1711588619.852681, dump, video, /video/tos/useast5/tos-useast5-ve-0068c003-tx/o0sNjAIGWFc0vEmLIEWetAgpRO0Xe2xACGRfeX/?a=1988&bti=NDU3ZjAwOg%3D%3D&ch=0&cr=3&dr=0&lr=unwatermarked&cd=0%7C0%7C0%7C&cv=1&br=2152&bt=1076&cs=0&ds=6&ft=4KJMyMzm8Zmo0WbFF-4jVcrWdpWrKsd.&mime_type=video_mp4&qs=0&rc=O2k7aWk3OTVlNGY3OGhnaUBpamVuN3c5cmRpcDMzZzczNEAzYmJhYy4xXi0xLjNhNDMxYSNxZzIyMmRzMG9gLS1kMS9zcw%3D%3D&btag=e00088000&expire=1711761368&l=202403280115591F54ADC5846EE50BE231&ply_type=2&policy=2&signature=799c76b5dd7e4ae72a5ad0268665a353&tk=tt_chain_token&__vid=TT-vCache-7329311179611016494
video/mp4, bytesbytes 0-614399/15205698, 1711588619.8692758, 1711588619.870686, 1711588619.889537, 1711588619.9081569, dump, video, /video/tos/useast5/tos-useast5-ve-0068c002-tx/owzBiAuiOC1gwH7pIQOmifEkp39YyEA76BxIwP/?a=1988&bti=NDU3ZjAwOg%3D%3D&ch=0&cr=3&dr=0&lr=unwatermarked&cd=0%7C0%7C0%7C&cv=1&br=3916&bt=1958&cs=0&ds=6&ft=4KJMyMzm8Zmo0WbFF-4jVcrWdpWrKsd.&mime_type=video_mp4&qs=0&rc=aTs6OmY5ZTw1ODo3Zjw1OkBpM2p1aG85cmx3cTMzZzczNEBhMDA0XzFgNmMxNi1eMWMtYSMvMHFlMmRjb2hgLS1kMS9zcw%3D%3D&btag=e00090000&expire=1711761420&l=202403280115591F54ADC5846EE50BE231&ply_type=2&policy=2&signature=1124de889333277cc3bc7f245ae264f9&tk=tt_chain_token&__vid=TT-vCache-7343645037181422894
video/mp4, bytesbytes 614400-2902936/15205698, 1711588619.926048, 1711588619.927296, 1711588619.9425879, 1711588620.017793, dump, video, /video/tos/useast5/tos-useast5-ve-0068c002-tx/owzBiAuiOC1gwH7pIQOmifEkp39YyEA76BxIwP/?a=1988&bti=NDU3ZjAwOg%3D%3D&ch=0&cr=3&dr=0&lr=unwatermarked&cd=0%7C0%7C0%7C&cv=1&br=3916&bt=1958&cs=0&ds=6&ft=4KJMyMzm8Zmo0WbFF-4jVcrWdpWrKsd.&mime_type=video_mp4&qs=0&rc=aTs6OmY5ZTw1ODo3Zjw1OkBpM2p1aG85cmx3cTMzZzczNEBhMDA0XzFgNmMxNi1eMWMtYSMvMHFlMmRjb2hgLS1kMS9zcw%3D%3D&btag=e00090000&expire=1711761420&l=202403280115591F54ADC5846EE50BE231&ply_type=2&policy=2&signature=1124de889333277cc3bc7f245ae264f9&tk=tt_chain_token&__vid=TT-vCache-7343645037181422894
video/mp4, bytesbytes 0-614399/5134787, 1711588620.0707, 1711588620.071371, 1711588620.1594281, 1711588620.2597399, dump, video, /video/tos/useast5/tos-useast5-ve-0068c001-tx/oceNILGYGRO9cE5N5lIIeTFA8QfA8nEClWeZ1a/?a=1988&bti=NDU3ZjAwOg%3D%3D&ch=0&cr=3&dr=0&lr=unwatermarked&cd=0%7C0%7C0%7C&cv=1&br=2652&bt=1326&cs=0&ds=6&ft=4KJMyMzm8Zmo0WbFF-4jVcrWdpWrKsd.&mime_type=video_mp4&qs=0&rc=ZDtnNmg3M2lnPGc5ZDdlM0Bpam84cXM5cnN5cDMzZzczNEBfLzViYDMxNTExYWBiYWIyYSNgc2xtMmRrMWZgLS1kMS9zcw%3D%3D&btag=e00088000&expire=1711761390&l=202403280115591F54ADC5846EE50BE231&ply_type=2&policy=2&signature=c004129ad63d5649330807cdd355cb8e&tk=tt_chain_token&__vid=TT-vCache-7324528286183345454
video/mp4, bytesbytes 614400-2311374/5134787, 1711588620.280673, 1711588620.282474, 1711588620.297068, 1711588620.434827, dump, video, /video/tos/useast5/tos-useast5-ve-0068c001-tx/oceNILGYGRO9cE5N5lIIeTFA8QfA8nEClWeZ1a/?a=1988&bti=NDU3ZjAwOg%3D%3D&ch=0&cr=3&dr=0&lr=unwatermarked&cd=0%7C0%7C0%7C&cv=1&br=2652&bt=1326&cs=0&ds=6&ft=4KJMyMzm8Zmo0WbFF-4jVcrWdpWrKsd.&mime_type=video_mp4&qs=0&rc=ZDtnNmg3M2lnPGc5ZDdlM0Bpam84cXM5cnN5cDMzZzczNEBfLzViYDMxNTExYWBiYWIyYSNgc2xtMmRrMWZgLS1kMS9zcw%3D%3D&btag=e00088000&expire=1711761390&l=202403280115591F54ADC5846EE50BE231&ply_type=2&policy=2&signature=c004129ad63d5649330807cdd355cb8e&tk=tt_chain_token&__vid=TT-vCache-7324528286183345454
video/mp4, bytesbytes 0-614399/2735439, 1711588634.765405, 1711588634.766138, 1711588634.8593569, 1711588634.8803232, dump, video, /video/tos/useast8/tos-useast8-ve-0068c001-tx2/ogWA37BRAc3JA6UWWn6FQe0JvIIsQgL8NeFeeG/?a=1988&bti=NDU3ZjAwOg%3D%3D&ch=0&cr=3&dr=0&lr=unwatermarked&cd=0%7C0%7C0%7C&cv=1&br=2690&bt=1345&cs=0&ds=6&ft=4KJMyMzm8Zmo0WbFF-4jVcrWdpWrKsd.&mime_type=video_mp4&qs=0&rc=M2U2NTU5aTlpaWZnNTY2Z0BpandubXg5cnQzcDMzaTgzNEAxMjFgNGIzXjIxLV4uNjUvYSNycmNnMmQ0YXJgLS1kLzJzcw%3D%3D&btag=e00088000&expire=1711761375&l=202403280115591F54ADC5846EE50BE231&ply_type=2&policy=2&signature=695c5bdcbcdc445998ba6ef5d0628ff9&tk=tt_chain_token&__vid=TT-vCache-7329756007142346027
video/mp4, bytesbytes 614400-1289773/2735439, 1711588634.895465, 1711588634.896585, 1711588634.933316, 1711588634.950229, dump, video, /video/tos/useast8/tos-useast8-ve-0068c001-tx2/ogWA37BRAc3JA6UWWn6FQe0JvIIsQgL8NeFeeG/?a=1988&bti=NDU3ZjAwOg%3D%3D&ch=0&cr=3&dr=0&lr=unwatermarked&cd=0%7C0%7C0%7C&cv=1&br=2690&bt=1345&cs=0&ds=6&ft=4KJMyMzm8Zmo0WbFF-4jVcrWdpWrKsd.&mime_type=video_mp4&qs=0&rc=M2U2NTU5aTlpaWZnNTY2Z0BpandubXg5cnQzcDMzaTgzNEAxMjFgNGIzXjIxLV4uNjUvYSNycmNnMmQ0YXJgLS1kLzJzcw%3D%3D&btag=e00088000&expire=1711761375&l=202403280115591F54ADC5846EE50BE231&ply_type=2&policy=2&signature=695c5bdcbcdc445998ba6ef5d0628ff9&tk=tt_chain_token&__vid=TT-vCache-7329756007142346027
video/mp4, bytesbytes 1289774-2735169/2735439, 1711588634.974853, 1711588634.9764411, 1711588634.999016, 1711588635.0503302, dump, video, /video/tos/useast8/tos-useast8-ve-0068c001-tx2/ogWA37BRAc3JA6UWWn6FQe0JvIIsQgL8NeFeeG/?a=1988&bti=NDU3ZjAwOg%3D%3D&ch=0&cr=3&dr=0&lr=unwatermarked&cd=0%7C0%7C0%7C&cv=1&br=2690&bt=1345&cs=0&ds=6&ft=4KJMyMzm8Zmo0WbFF-4jVcrWdpWrKsd.&mime_type=video_mp4&qs=0&rc=M2U2NTU5aTlpaWZnNTY2Z0BpandubXg5cnQzcDMzaTgzNEAxMjFgNGIzXjIxLV4uNjUvYSNycmNnMmQ0YXJgLS1kLzJzcw%3D%3D&btag=e00088000&expire=1711761375&l=202403280115591F54ADC5846EE50BE231&ply_type=2&policy=2&signature=695c5bdcbcdc445998ba6ef5d0628ff9&tk=tt_chain_token&__vid=TT-vCache-7329756007142346027
video/mp4, bytesbytes 2902937-6267305/15205698, 1711588635.140873, 1711588635.141556, 1711588635.162576, 1711588635.295512, dump, video, /video/tos/useast5/tos-useast5-ve-0068c002-tx/owzBiAuiOC1gwH7pIQOmifEkp39YyEA76BxIwP/?a=1988&bti=NDU3ZjAwOg%3D%3D&ch=0&cr=3&dr=0&lr=unwatermarked&cd=0%7C0%7C0%7C&cv=1&br=3916&bt=1958&cs=0&ds=6&ft=4KJMyMzm8Zmo0WbFF-4jVcrWdpWrKsd.&mime_type=video_mp4&qs=0&rc=aTs6OmY5ZTw1ODo3Zjw1OkBpM2p1aG85cmx3cTMzZzczNEBhMDA0XzFgNmMxNi1eMWMtYSMvMHFlMmRjb2hgLS1kMS9zcw%3D%3D&btag=e00090000&expire=1711761420&l=202403280115591F54ADC5846EE50BE231&ply_type=2&policy=2&signature=1124de889333277cc3bc7f245ae264f9&tk=tt_chain_token&__vid=TT-vCache-7343645037181422894
video/mp4, bytesbytes 6267306-9214953/15205698, 1711588635.4126358, 1711588635.413852, 1711588635.4295151, 1711588635.5311801, dump, video, /video/tos/useast5/tos-useast5-ve-0068c002-tx/owzBiAuiOC1gwH7pIQOmifEkp39YyEA76BxIwP/?a=1988&bti=NDU3ZjAwOg%3D%3D&ch=0&cr=3&dr=0&lr=unwatermarked&cd=0%7C0%7C0%7C&cv=1&br=3916&bt=1958&cs=0&ds=6&ft=4KJMyMzm8Zmo0WbFF-4jVcrWdpWrKsd.&mime_type=video_mp4&qs=0&rc=aTs6OmY5ZTw1ODo3Zjw1OkBpM2p1aG85cmx3cTMzZzczNEBhMDA0XzFgNmMxNi1eMWMtYSMvMHFlMmRjb2hgLS1kMS9zcw%3D%3D&btag=e00090000&expire=1711761420&l=202403280115591F54ADC5846EE50BE231&ply_type=2&policy=2&signature=1124de889333277cc3bc7f245ae264f9&tk=tt_chain_token&__vid=TT-vCache-7343645037181422894
video/mp4, bytesbytes 0-614399/1635373, 1711588640.416275, 1711588640.418093, 1711588640.500813, 1711588640.5938199, dump, video, /video/tos/useast5/tos-useast5-pve-0068-tx/o4BEgEjQR1kIlAbfujl73mdafstDEBF3SFCDw0/?a=1988&bti=NDU3ZjAwOg%3D%3D&ch=0&cr=3&dr=0&lr=unwatermarked&cd=0%7C0%7C0%7C&cv=1&br=2030&bt=1015&cs=0&ds=6&ft=4KJMyMzm8Zmo0WbFF-4jVcrWdpWrKsd.&mime_type=video_mp4&qs=0&rc=Nzc2O2QzNjU4Zzk7ZTg6OUBpamZtaWs5cnc5cTMzZzczNEAvX2AyMGE0NS4xYzIyLmJeYSNmNnBlMmRzbmtgLS1kMS9zcw%3D%3D&btag=e00088000&expire=1711761372&l=202403280115591F54ADC5846EE50BE231&ply_type=2&policy=2&signature=ef8ec4921b12985fc1ba466b49e8e156&tk=tt_chain_token&__vid=TT-vCache-7344928640871976238
video/mp4, bytesbytes 614400-937293/1635373, 1711588640.609837, 1711588640.611306, 1711588640.633605, 1711588640.658078, dump, video, /video/tos/useast5/tos-useast5-pve-0068-tx/o4BEgEjQR1kIlAbfujl73mdafstDEBF3SFCDw0/?a=1988&bti=NDU3ZjAwOg%3D%3D&ch=0&cr=3&dr=0&lr=unwatermarked&cd=0%7C0%7C0%7C&cv=1&br=2030&bt=1015&cs=0&ds=6&ft=4KJMyMzm8Zmo0WbFF-4jVcrWdpWrKsd.&mime_type=video_mp4&qs=0&rc=Nzc2O2QzNjU4Zzk7ZTg6OUBpamZtaWs5cnc5cTMzZzczNEAvX2AyMGE0NS4xYzIyLmJeYSNmNnBlMmRzbmtgLS1kMS9zcw%3D%3D&btag=e00088000&expire=1711761372&l=202403280115591F54ADC5846EE50BE231&ply_type=2&policy=2&signature=ef8ec4921b12985fc1ba466b49e8e156&tk=tt_chain_token&__vid=TT-vCache-7344928640871976238
video/mp4, bytesbytes 937294-1635027/1635373, 1711588640.675792, 1711588640.677589, 1711588640.6949902, 1711588640.812781, dump, video, /video/tos/useast5/tos-useast5-pve-0068-tx/o4BEgEjQR1kIlAbfujl73mdafstDEBF3SFCDw0/?a=1988&bti=NDU3ZjAwOg%3D%3D&ch=0&cr=3&dr=0&lr=unwatermarked&cd=0%7C0%7C0%7C&cv=1&br=2030&bt=1015&cs=0&ds=6&ft=4KJMyMzm8Zmo0WbFF-4jVcrWdpWrKsd.&mime_type=video_mp4&qs=0&rc=Nzc2O2QzNjU4Zzk7ZTg6OUBpamZtaWs5cnc5cTMzZzczNEAvX2AyMGE0NS4xYzIyLmJeYSNmNnBlMmRzbmtgLS1kMS9zcw%3D%3D&btag=e00088000&expire=1711761372&l=202403280115591F54ADC5846EE50BE231&ply_type=2&policy=2&signature=ef8ec4921b12985fc1ba466b49e8e156&tk=tt_chain_token&__vid=TT-vCache-7344928640871976238
video/mp4, bytesbytes 9214954-11511203/15205698, 1711588643.05515, 1711588643.05634, 1711588643.069972, 1711588643.2169201, dump, video, /video/tos/useast5/tos-useast5-ve-0068c002-tx/owzBiAuiOC1gwH7pIQOmifEkp39YyEA76BxIwP/?a=1988&bti=NDU3ZjAwOg%3D%3D&ch=0&cr=3&dr=0&lr=unwatermarked&cd=0%7C0%7C0%7C&cv=1&br=3916&bt=1958&cs=0&ds=6&ft=4KJMyMzm8Zmo0WbFF-4jVcrWdpWrKsd.&mime_type=video_mp4&qs=0&rc=aTs6OmY5ZTw1ODo3Zjw1OkBpM2p1aG85cmx3cTMzZzczNEBhMDA0XzFgNmMxNi1eMWMtYSMvMHFlMmRjb2hgLS1kMS9zcw%3D%3D&btag=e00090000&expire=1711761420&l=202403280115591F54ADC5846EE50BE231&ply_type=2&policy=2&signature=1124de889333277cc3bc7f245ae264f9&tk=tt_chain_token&__vid=TT-vCache-7343645037181422894
video/mp4, bytesbytes 2311375-4082314/5134787, 1711588645.7055218, 1711588645.705944, 1711588645.7458072, 1711588645.8464708, dump, video, /video/tos/useast5/tos-useast5-ve-0068c001-tx/oceNILGYGRO9cE5N5lIIeTFA8QfA8nEClWeZ1a/?a=1988&bti=NDU3ZjAwOg%3D%3D&ch=0&cr=3&dr=0&lr=unwatermarked&cd=0%7C0%7C0%7C&cv=1&br=2652&bt=1326&cs=0&ds=6&ft=4KJMyMzm8Zmo0WbFF-4jVcrWdpWrKsd.&mime_type=video_mp4&qs=0&rc=ZDtnNmg3M2lnPGc5ZDdlM0Bpam84cXM5cnN5cDMzZzczNEBfLzViYDMxNTExYWBiYWIyYSNgc2xtMmRrMWZgLS1kMS9zcw%3D%3D&btag=e00088000&expire=1711761390&l=202403280115591F54ADC5846EE50BE231&ply_type=2&policy=2&signature=c004129ad63d5649330807cdd355cb8e&tk=tt_chain_token&__vid=TT-vCache-7324528286183345454
video/mp4, bytesbytes 4082315-5134747/5134787, 1711588645.8906949, 1711588645.891202, 1711588645.90833, 1711588645.938991, dump, video, /video/tos/useast5/tos-useast5-ve-0068c001-tx/oceNILGYGRO9cE5N5lIIeTFA8QfA8nEClWeZ1a/?a=1988&bti=NDU3ZjAwOg%3D%3D&ch=0&cr=3&dr=0&lr=unwatermarked&cd=0%7C0%7C0%7C&cv=1&br=2652&bt=1326&cs=0&ds=6&ft=4KJMyMzm8Zmo0WbFF-4jVcrWdpWrKsd.&mime_type=video_mp4&qs=0&rc=ZDtnNmg3M2lnPGc5ZDdlM0Bpam84cXM5cnN5cDMzZzczNEBfLzViYDMxNTExYWBiYWIyYSNgc2xtMmRrMWZgLS1kMS9zcw%3D%3D&btag=e00088000&expire=1711761390&l=202403280115591F54ADC5846EE50BE231&ply_type=2&policy=2&signature=c004129ad63d5649330807cdd355cb8e&tk=tt_chain_token&__vid=TT-vCache-7324528286183345454
video/mp4, bytesbytes 5134748-5134786/5134787, 1711588646.0978649, 1711588646.098874, 1711588646.114183, 1711588646.115711, dump, video, /video/tos/useast5/tos-useast5-ve-0068c001-tx/oceNILGYGRO9cE5N5lIIeTFA8QfA8nEClWeZ1a/?a=1988&bti=NDU3ZjAwOg%3D%3D&ch=0&cr=3&dr=0&lr=unwatermarked&cd=0%7C0%7C0%7C&cv=1&br=2652&bt=1326&cs=0&ds=6&ft=4KJMyMzm8Zmo0WbFF-4jVcrWdpWrKsd.&mime_type=video_mp4&qs=0&rc=ZDtnNmg3M2lnPGc5ZDdlM0Bpam84cXM5cnN5cDMzZzczNEBfLzViYDMxNTExYWBiYWIyYSNgc2xtMmRrMWZgLS1kMS9zcw%3D%3D&btag=e00088000&expire=1711761390&l=202403280115591F54ADC5846EE50BE231&ply_type=2&policy=2&signature=c004129ad63d5649330807cdd355cb8e&tk=tt_chain_token&__vid=TT-vCache-7324528286183345454
video/mp4, bytesbytes 0-614399/4045971, 1711588650.990263, 1711588650.991773, 1711588651.025912, 1711588651.0479941, dump, video, /video/tos/useast5/tos-useast5-ve-0068c002-tx/oMdHlMvnRAk1fbAIdHOQgCNPGgejAbXrLeCN08/?a=1988&bti=NDU3ZjAwOg%3D%3D&ch=0&cr=3&dr=0&lr=unwatermarked&cd=0%7C0%7C0%7C&cv=1&br=3230&bt=1615&cs=0&ds=6&ft=4KJMyMzm8Zmo0WbFF-4jVcrWdpWrKsd.&mime_type=video_mp4&qs=0&rc=ZWc2ZzU3NWU0ZDk1NTc3aEBpajlldnU5cmg2cTMzZzczNEAvMi5fXjQtNjIxMi1fXzYuYSNyLm9rMmRrZ2NgLS1kMS9zcw%3D%3D&btag=e00088000&expire=1711761379&l=202403280115591F54ADC5846EE50BE231&ply_type=2&policy=2&signature=a0d43ba715a2f06d1dc1d889ff5ad977&tk=tt_chain_token&__vid=TT-vCache-7340367892791315755
video/mp4, bytesbytes 614400-2422722/4045971, 1711588651.069796, 1711588651.071521, 1711588651.1058738, 1711588651.1751611, dump, video, /video/tos/useast5/tos-useast5-ve-0068c002-tx/oMdHlMvnRAk1fbAIdHOQgCNPGgejAbXrLeCN08/?a=1988&bti=NDU3ZjAwOg%3D%3D&ch=0&cr=3&dr=0&lr=unwatermarked&cd=0%7C0%7C0%7C&cv=1&br=3230&bt=1615&cs=0&ds=6&ft=4KJMyMzm8Zmo0WbFF-4jVcrWdpWrKsd.&mime_type=video_mp4&qs=0&rc=ZWc2ZzU3NWU0ZDk1NTc3aEBpajlldnU5cmg2cTMzZzczNEAvMi5fXjQtNjIxMi1fXzYuYSNyLm9rMmRrZ2NgLS1kMS9zcw%3D%3D&btag=e00088000&expire=1711761379&l=202403280115591F54ADC5846EE50BE231&ply_type=2&policy=2&signature=a0d43ba715a2f06d1dc1d889ff5ad977&tk=tt_chain_token&__vid=TT-vCache-7340367892791315755
video/mp4, bytesbytes 2735170-2735438/2735439, 1711588671.1639628, 1711588671.1646469, 1711588671.193959, 1711588671.1978052, dump, video, /video/tos/useast8/tos-useast8-ve-0068c001-tx2/ogWA37BRAc3JA6UWWn6FQe0JvIIsQgL8NeFeeG/?a=1988&bti=NDU3ZjAwOg%3D%3D&ch=0&cr=3&dr=0&lr=unwatermarked&cd=0%7C0%7C0%7C&cv=1&br=2690&bt=1345&cs=0&ds=6&ft=4KJMyMzm8Zmo0WbFF-4jVcrWdpWrKsd.&mime_type=video_mp4&qs=0&rc=M2U2NTU5aTlpaWZnNTY2Z0BpandubXg5cnQzcDMzaTgzNEAxMjFgNGIzXjIxLV4uNjUvYSNycmNnMmQ0YXJgLS1kLzJzcw%3D%3D&btag=e00088000&expire=1711761375&l=202403280115591F54ADC5846EE50BE231&ply_type=2&policy=2&signature=695c5bdcbcdc445998ba6ef5d0628ff9&tk=tt_chain_token&__vid=TT-vCache-7329756007142346027
video/mp4, bytesbytes 1635028-1635372/1635373, 1711588676.983753, 1711588676.984236, 1711588676.998017, 1711588677.00084, dump, video, /video/tos/useast5/tos-useast5-pve-0068-tx/o4BEgEjQR1kIlAbfujl73mdafstDEBF3SFCDw0/?a=1988&bti=NDU3ZjAwOg%3D%3D&ch=0&cr=3&dr=0&lr=unwatermarked&cd=0%7C0%7C0%7C&cv=1&br=2030&bt=1015&cs=0&ds=6&ft=4KJMyMzm8Zmo0WbFF-4jVcrWdpWrKsd.&mime_type=video_mp4&qs=0&rc=Nzc2O2QzNjU4Zzk7ZTg6OUBpamZtaWs5cnc5cTMzZzczNEAvX2AyMGE0NS4xYzIyLmJeYSNmNnBlMmRzbmtgLS1kMS9zcw%3D%3D&btag=e00088000&expire=1711761372&l=202403280115591F54ADC5846EE50BE231&ply_type=2&policy=2&signature=ef8ec4921b12985fc1ba466b49e8e156&tk=tt_chain_token&__vid=TT-vCache-7344928640871976238
video/mp4, bytesbytes 2422723-4045619/4045971, 1711588681.715123, 1711588681.716361, 1711588681.736491, 1711588681.8156302, dump, video, /video/tos/useast5/tos-useast5-ve-0068c002-tx/oMdHlMvnRAk1fbAIdHOQgCNPGgejAbXrLeCN08/?a=1988&bti=NDU3ZjAwOg%3D%3D&ch=0&cr=3&dr=0&lr=unwatermarked&cd=0%7C0%7C0%7C&cv=1&br=3230&bt=1615&cs=0&ds=6&ft=4KJMyMzm8Zmo0WbFF-4jVcrWdpWrKsd.&mime_type=video_mp4&qs=0&rc=ZWc2ZzU3NWU0ZDk1NTc3aEBpajlldnU5cmg2cTMzZzczNEAvMi5fXjQtNjIxMi1fXzYuYSNyLm9rMmRrZ2NgLS1kMS9zcw%3D%3D&btag=e00088000&expire=1711761379&l=202403280115591F54ADC5846EE50BE231&ply_type=2&policy=2&signature=a0d43ba715a2f06d1dc1d889ff5ad977&tk=tt_chain_token&__vid=TT-vCache-7340367892791315755
video/mp4, bytesbytes 4045620-4045970/4045971, 1711588681.9166741, 1711588681.9179652, 1711588681.9369469, 1711588681.937966, dump, video, /video/tos/useast5/tos-useast5-ve-0068c002-tx/oMdHlMvnRAk1fbAIdHOQgCNPGgejAbXrLeCN08/?a=1988&bti=NDU3ZjAwOg%3D%3D&ch=0&cr=3&dr=0&lr=unwatermarked&cd=0%7C0%7C0%7C&cv=1&br=3230&bt=1615&cs=0&ds=6&ft=4KJMyMzm8Zmo0WbFF-4jVcrWdpWrKsd.&mime_type=video_mp4&qs=0&rc=ZWc2ZzU3NWU0ZDk1NTc3aEBpajlldnU5cmg2cTMzZzczNEAvMi5fXjQtNjIxMi1fXzYuYSNyLm9rMmRrZ2NgLS1kMS9zcw%3D%3D&btag=e00088000&expire=1711761379&l=202403280115591F54ADC5846EE50BE231&ply_type=2&policy=2&signature=a0d43ba715a2f06d1dc1d889ff5ad977&tk=tt_chain_token&__vid=TT-vCache-7340367892791315755
video/mp4, bytesbytes 0-65834254/65834255, 1711588688.79684, 1711588688.797441, 1711588688.99867, 1711588700.617676, dump, video, /video/tos/useast5/tos-useast5-ve-0068c004-tx/oQeIAIShjbJQLA3eMyemPb7rU86GICLVkDzH74/?a=1988&bti=NDU3ZjAwOg%3D%3D&ch=0&cr=3&dr=0&lr=unwatermarked&cd=0%7C0%7C0%7C&cv=1&br=2726&bt=1363&cs=0&ds=6&ft=4KJMyMzm8Zmo0~WFF-4jVS.WdpWrKsd.&mime_type=video_mp4&qs=0&rc=Z2VpOjdlNTo6aWk0ZDk6ZkBpamk8Z245cnRncTMzZzczNEBgY2FfLS00XmAxMC5iYi5fYSM0cDVkMmRrajNgLS1kMS9zcw%3D%3D&btag=e000a0000&expire=1711761854&l=20240328011756C54B92BE7A11CC0BED04&ply_type=2&policy=2&signature=d96e8e5ce24d225c486a2ee477b73c5d&tk=tt_chain_token
video/mp4, bytesbytes 0-31968503/31968504, 1711588704.295553, 1711588704.2960398, 1711588704.329899, 1711588706.7199948, dump, video, /video/tos/useast5/tos-useast5-ve-0068c004-tx/o8zvb5Azfgfmf8eWAwg7IvQ74BROzFOIQYzG7v/?a=1988&bti=NDU3ZjAwOg%3D%3D&ch=0&cr=3&dr=0&lr=unwatermarked&cd=0%7C0%7C0%7C&cv=1&br=7248&bt=3624&cs=0&ds=6&ft=4KJMyMzm8Zmo0~WFF-4jVS.WdpWrKsd.&mime_type=video_mp4&qs=0&rc=NGhoOmdoOjs3Zzc0Njg2aUBpMzt5eXk5cjp1cDMzZzczNEBiXjMuMTEtXjExYzM1MjE0YSNgbXE0MmQ0bHFgLS1kMS9zcw%3D%3D&btag=e00090000&expire=1711761545&l=20240328011756C54B92BE7A11CC0BED04&ply_type=2&policy=2&signature=2def1147f46c550bc987371be639c65c&tk=tt_chain_token
video/mp4, bytesbytes 0-20748664/20748665, 1711588722.44433, 1711588722.4449139, 1711588722.530082, 1711588723.4215932, dump, video, /video/tos/alisg/tos-alisg-pve-0037/ooDPP5QuIiuGuqTA9UyBvBFAeEosojyvwAtibK/?a=1988&bti=NDU3ZjAwOg%3D%3D&ch=0&cr=3&dr=0&lr=unwatermarked&cd=0%7C0%7C0%7C&cv=1&br=5498&bt=2749&cs=0&ds=6&ft=4KJMyMzm8Zmo0~WFF-4jVS.WdpWrKsd.&mime_type=video_mp4&qs=0&rc=ZDZlNDU7PDU1NzZnOjw2aUBpM2h0dXM5cmlucTMzODgzNEBjXmI0YTEyNS4xY142MV8zYSNrNC1qMmRrcmtgLS1kLy1zcw%3D%3D&btag=e00088000&expire=1711761535&l=20240328011756C54B92BE7A11CC0BED04&ply_type=2&policy=2&signature=dce947014cd834d9ed626e6a00192c63&tk=tt_chain_token
video/mp4, bytesbytes 0-614399/1160358, 1711588728.895875, 1711588728.896611, 1711588729.269498, 1711588729.4236212, dump, video, /video/tos/useast5/tos-useast5-pve-0068-tx/o4IK7RBlJ7vQLFh0rF3DugQESzDfAdeG2EBOE0/?a=1988&bti=NDU3ZjAwOg%3D%3D&ch=0&cr=3&dr=0&lr=unwatermarked&cd=0%7C0%7C0%7C&cv=1&br=1682&bt=841&cs=0&ds=6&ft=4KJMyMzm8Zmo0~WFF-4jVS.WdpWrKsd.&mime_type=video_mp4&qs=0&rc=OWgzaDtoOmkzNWg5OThlN0Bpam10Nm85cnFucTMzZzczNEBiMDEvNjJjXjYxXi41YTJhYSMvMGpzMmRjMmtgLS1kMS9zcw%3D%3D&btag=e00088000&expire=1711761487&l=20240328011756C54B92BE7A11CC0BED04&ply_type=2&policy=2&signature=36af19cea1f6506e1cbffc68ab20161a&tk=tt_chain_token&__vid=TT-vCache-7345162905421122858
video/mp4, bytesbytes 614400-904422/1160358, 1711588729.439638, 1711588729.4407349, 1711588729.470142, 1711588729.4837708, dump, video, /video/tos/useast5/tos-useast5-pve-0068-tx/o4IK7RBlJ7vQLFh0rF3DugQESzDfAdeG2EBOE0/?a=1988&bti=NDU3ZjAwOg%3D%3D&ch=0&cr=3&dr=0&lr=unwatermarked&cd=0%7C0%7C0%7C&cv=1&br=1682&bt=841&cs=0&ds=6&ft=4KJMyMzm8Zmo0~WFF-4jVS.WdpWrKsd.&mime_type=video_mp4&qs=0&rc=OWgzaDtoOmkzNWg5OThlN0Bpam10Nm85cnFucTMzZzczNEBiMDEvNjJjXjYxXi41YTJhYSMvMGpzMmRjMmtgLS1kMS9zcw%3D%3D&btag=e00088000&expire=1711761487&l=20240328011756C54B92BE7A11CC0BED04&ply_type=2&policy=2&signature=36af19cea1f6506e1cbffc68ab20161a&tk=tt_chain_token&__vid=TT-vCache-7345162905421122858
video/mp4, bytesbytes 904423-1160172/1160358, 1711588729.502582, 1711588729.503812, 1711588729.5367649, 1711588729.5461938, dump, video, /video/tos/useast5/tos-useast5-pve-0068-tx/o4IK7RBlJ7vQLFh0rF3DugQESzDfAdeG2EBOE0/?a=1988&bti=NDU3ZjAwOg%3D%3D&ch=0&cr=3&dr=0&lr=unwatermarked&cd=0%7C0%7C0%7C&cv=1&br=1682&bt=841&cs=0&ds=6&ft=4KJMyMzm8Zmo0~WFF-4jVS.WdpWrKsd.&mime_type=video_mp4&qs=0&rc=OWgzaDtoOmkzNWg5OThlN0Bpam10Nm85cnFucTMzZzczNEBiMDEvNjJjXjYxXi41YTJhYSMvMGpzMmRjMmtgLS1kMS9zcw%3D%3D&btag=e00088000&expire=1711761487&l=20240328011756C54B92BE7A11CC0BED04&ply_type=2&policy=2&signature=36af19cea1f6506e1cbffc68ab20161a&tk=tt_chain_token&__vid=TT-vCache-7345162905421122858
video/mp4, bytesbytes 0-614399/6041494, 1711588729.595926, 1711588729.596787, 1711588729.9055822, 1711588729.925069, dump, video, /video/tos/useast5/tos-useast5-ve-0068c001-tx/osA4udFOSAazNIglB1EEZsiQBwwUQ8iUi0Pgg/?a=1988&bti=NDU3ZjAwOg%3D%3D&ch=0&cr=3&dr=0&lr=unwatermarked&cd=0%7C0%7C0%7C&cv=1&br=2628&bt=1314&cs=0&ds=6&ft=4KJMyMzm8Zmo0~WFF-4jVS.WdpWrKsd.&mime_type=video_mp4&qs=0&rc=ZjZkZDdoZzZoNzZnPGdnOEBpMzU0N205cm42cDMzZzczNEAvLy4yMS8wXzUxLTMvMzRfYSNyMi1kMmQ0X2pgLS1kMS9zcw%3D%3D&btag=e00088000&expire=1711761512&l=20240328011756C54B92BE7A11CC0BED04&ply_type=2&policy=2&signature=6619abfdf08efff899f35be0585759d8&tk=tt_chain_token&__vid=TT-vCache-7326289920249629994
video/mp4, bytesbytes 614400-629653/6041494, 1711588729.940085, 1711588729.940864, 1711588729.960934, 1711588729.961919, dump, video, /video/tos/useast5/tos-useast5-ve-0068c001-tx/osA4udFOSAazNIglB1EEZsiQBwwUQ8iUi0Pgg/?a=1988&bti=NDU3ZjAwOg%3D%3D&ch=0&cr=3&dr=0&lr=unwatermarked&cd=0%7C0%7C0%7C&cv=1&br=2628&bt=1314&cs=0&ds=6&ft=4KJMyMzm8Zmo0~WFF-4jVS.WdpWrKsd.&mime_type=video_mp4&qs=0&rc=ZjZkZDdoZzZoNzZnPGdnOEBpMzU0N205cm42cDMzZzczNEAvLy4yMS8wXzUxLTMvMzRfYSNyMi1kMmQ0X2pgLS1kMS9zcw%3D%3D&btag=e00088000&expire=1711761512&l=20240328011756C54B92BE7A11CC0BED04&ply_type=2&policy=2&signature=6619abfdf08efff899f35be0585759d8&tk=tt_chain_token&__vid=TT-vCache-7326289920249629994
video/mp4, bytesbytes 629654-2863288/6041494, 1711588729.9721081, 1711588729.9738638, 1711588729.996635, 1711588730.0800269, dump, video, /video/tos/useast5/tos-useast5-ve-0068c001-tx/osA4udFOSAazNIglB1EEZsiQBwwUQ8iUi0Pgg/?a=1988&bti=NDU3ZjAwOg%3D%3D&ch=0&cr=3&dr=0&lr=unwatermarked&cd=0%7C0%7C0%7C&cv=1&br=2628&bt=1314&cs=0&ds=6&ft=4KJMyMzm8Zmo0~WFF-4jVS.WdpWrKsd.&mime_type=video_mp4&qs=0&rc=ZjZkZDdoZzZoNzZnPGdnOEBpMzU0N205cm42cDMzZzczNEAvLy4yMS8wXzUxLTMvMzRfYSNyMi1kMmQ0X2pgLS1kMS9zcw%3D%3D&btag=e00088000&expire=1711761512&l=20240328011756C54B92BE7A11CC0BED04&ply_type=2&policy=2&signature=6619abfdf08efff899f35be0585759d8&tk=tt_chain_token&__vid=TT-vCache-7326289920249629994
video/mp4, bytesbytes 0-614399/8889509, 1711588730.118515, 1711588730.1191108, 1711588730.1881468, 1711588730.2046762, dump, video, /video/tos/useast5/tos-useast5-ve-0068c004-tx/oUnQSI2ogAl7DS1LRFfgtlDBHQwj0EE1denagC/?a=1988&bti=NDU3ZjAwOg%3D%3D&ch=0&cr=3&dr=0&lr=unwatermarked&cd=0%7C0%7C0%7C&cv=1&br=4366&bt=2183&cs=0&ds=6&ft=4KJMyMzm8Zmo0~WFF-4jVS.WdpWrKsd.&mime_type=video_mp4&qs=0&rc=ZTc3PDxoZWY7OWdpZDtnOUBpMzhpbnQ5cnBncTMzZzczNEA1NGM1NTItNjYxYTI0MS41YSNxaS9oMmRrZi5gLS1kMS9zcw%3D%3D&btag=e00088000&expire=1711761508&l=20240328011756C54B92BE7A11CC0BED04&ply_type=2&policy=2&signature=e201fea994d44a172dd0fedc9e8f000c&tk=tt_chain_token&__vid=TT-vCache-7332662439898631466
video/mp4, bytesbytes 614400-1898918/8889509, 1711588730.210834, 1711588730.211253, 1711588730.234103, 1711588730.274931, dump, video, /video/tos/useast5/tos-useast5-ve-0068c004-tx/oUnQSI2ogAl7DS1LRFfgtlDBHQwj0EE1denagC/?a=1988&bti=NDU3ZjAwOg%3D%3D&ch=0&cr=3&dr=0&lr=unwatermarked&cd=0%7C0%7C0%7C&cv=1&br=4366&bt=2183&cs=0&ds=6&ft=4KJMyMzm8Zmo0~WFF-4jVS.WdpWrKsd.&mime_type=video_mp4&qs=0&rc=ZTc3PDxoZWY7OWdpZDtnOUBpMzhpbnQ5cnBncTMzZzczNEA1NGM1NTItNjYxYTI0MS41YSNxaS9oMmRrZi5gLS1kMS9zcw%3D%3D&btag=e00088000&expire=1711761508&l=20240328011756C54B92BE7A11CC0BED04&ply_type=2&policy=2&signature=e201fea994d44a172dd0fedc9e8f000c&tk=tt_chain_token&__vid=TT-vCache-7332662439898631466
video/mp4, bytesbytes 1898919-5358505/8889509, 1711588730.287411, 1711588730.2881122, 1711588730.30585, 1711588730.415058, dump, video, /video/tos/useast5/tos-useast5-ve-0068c004-tx/oUnQSI2ogAl7DS1LRFfgtlDBHQwj0EE1denagC/?a=1988&bti=NDU3ZjAwOg%3D%3D&ch=0&cr=3&dr=0&lr=unwatermarked&cd=0%7C0%7C0%7C&cv=1&br=4366&bt=2183&cs=0&ds=6&ft=4KJMyMzm8Zmo0~WFF-4jVS.WdpWrKsd.&mime_type=video_mp4&qs=0&rc=ZTc3PDxoZWY7OWdpZDtnOUBpMzhpbnQ5cnBncTMzZzczNEA1NGM1NTItNjYxYTI0MS41YSNxaS9oMmRrZi5gLS1kMS9zcw%3D%3D&btag=e00088000&expire=1711761508&l=20240328011756C54B92BE7A11CC0BED04&ply_type=2&policy=2&signature=e201fea994d44a172dd0fedc9e8f000c&tk=tt_chain_token&__vid=TT-vCache-7332662439898631466
video/mp4, bytesbytes 1160173-1160357/1160358, 1711588731.293212, 1711588731.293907, 1711588731.308055, 1711588731.311465, dump, video, /video/tos/useast5/tos-useast5-pve-0068-tx/o4IK7RBlJ7vQLFh0rF3DugQESzDfAdeG2EBOE0/?a=1988&bti=NDU3ZjAwOg%3D%3D&ch=0&cr=3&dr=0&lr=unwatermarked&cd=0%7C0%7C0%7C&cv=1&br=1682&bt=841&cs=0&ds=6&ft=4KJMyMzm8Zmo0~WFF-4jVS.WdpWrKsd.&mime_type=video_mp4&qs=0&rc=OWgzaDtoOmkzNWg5OThlN0Bpam10Nm85cnFucTMzZzczNEBiMDEvNjJjXjYxXi41YTJhYSMvMGpzMmRjMmtgLS1kMS9zcw%3D%3D&btag=e00088000&expire=1711761487&l=20240328011756C54B92BE7A11CC0BED04&ply_type=2&policy=2&signature=36af19cea1f6506e1cbffc68ab20161a&tk=tt_chain_token&__vid=TT-vCache-7345162905421122858
video/mp4, bytesbytes 0-614399/12082884, 1711588736.606986, 1711588736.6080902, 1711588736.785804, 1711588736.824237, dump, video, /video/tos/useast5/tos-useast5-pve-0068-tx/oYF7A6m5bFeXLR5gQWEDxDf0ICuYAe0QOI5fCG/?a=1988&bti=NDU3ZjAwOg%3D%3D&ch=0&cr=3&dr=0&lr=unwatermarked&cd=0%7C0%7C0%7C&cv=1&br=3088&bt=1544&cs=0&ds=6&ft=4KJMyMzm8Zmo0~WFF-4jVS.WdpWrKsd.&mime_type=video_mp4&qs=0&rc=OTc0NWQ6Zzs2Zmk4MzwzaEBpM207dHI5cnF4cDMzZzczNEAwNTJeNTBfNi8xLV9eLzRgYSNhLzBmMmRzY3BgLS1kMS9zcw%3D%3D&btag=e00090000&expire=1711761538&l=20240328011756C54B92BE7A11CC0BED04&ply_type=2&policy=2&signature=985a63626da59c5831936afa07c0ed87&tk=tt_chain_token&__vid=TT-vCache-7330145035675176238
video/mp4, bytesbytes 614400-1105280/12082884, 1711588736.8386712, 1711588736.839177, 1711588736.85439, 1711588736.8775392, dump, video, /video/tos/useast5/tos-useast5-pve-0068-tx/oYF7A6m5bFeXLR5gQWEDxDf0ICuYAe0QOI5fCG/?a=1988&bti=NDU3ZjAwOg%3D%3D&ch=0&cr=3&dr=0&lr=unwatermarked&cd=0%7C0%7C0%7C&cv=1&br=3088&bt=1544&cs=0&ds=6&ft=4KJMyMzm8Zmo0~WFF-4jVS.WdpWrKsd.&mime_type=video_mp4&qs=0&rc=OTc0NWQ6Zzs2Zmk4MzwzaEBpM207dHI5cnF4cDMzZzczNEAwNTJeNTBfNi8xLV9eLzRgYSNhLzBmMmRzY3BgLS1kMS9zcw%3D%3D&btag=e00090000&expire=1711761538&l=20240328011756C54B92BE7A11CC0BED04&ply_type=2&policy=2&signature=985a63626da59c5831936afa07c0ed87&tk=tt_chain_token&__vid=TT-vCache-7330145035675176238
video/mp4, bytesbytes 1105281-4074374/12082884, 1711588736.8876889, 1711588736.888003, 1711588736.9098098, 1711588737.064272, dump, video, /video/tos/useast5/tos-useast5-pve-0068-tx/oYF7A6m5bFeXLR5gQWEDxDf0ICuYAe0QOI5fCG/?a=1988&bti=NDU3ZjAwOg%3D%3D&ch=0&cr=3&dr=0&lr=unwatermarked&cd=0%7C0%7C0%7C&cv=1&br=3088&bt=1544&cs=0&ds=6&ft=4KJMyMzm8Zmo0~WFF-4jVS.WdpWrKsd.&mime_type=video_mp4&qs=0&rc=OTc0NWQ6Zzs2Zmk4MzwzaEBpM207dHI5cnF4cDMzZzczNEAwNTJeNTBfNi8xLV9eLzRgYSNhLzBmMmRzY3BgLS1kMS9zcw%3D%3D&btag=e00090000&expire=1711761538&l=20240328011756C54B92BE7A11CC0BED04&ply_type=2&policy=2&signature=985a63626da59c5831936afa07c0ed87&tk=tt_chain_token&__vid=TT-vCache-7330145035675176238
video/mp4, bytesbytes 2863289-4755694/6041494, 1711588760.319676, 1711588760.321548, 1711588760.379065, 1711588760.45681, dump, video, /video/tos/useast5/tos-useast5-ve-0068c001-tx/osA4udFOSAazNIglB1EEZsiQBwwUQ8iUi0Pgg/?a=1988&bti=NDU3ZjAwOg%3D%3D&ch=0&cr=3&dr=0&lr=unwatermarked&cd=0%7C0%7C0%7C&cv=1&br=2628&bt=1314&cs=0&ds=6&ft=4KJMyMzm8Zmo0~WFF-4jVS.WdpWrKsd.&mime_type=video_mp4&qs=0&rc=ZjZkZDdoZzZoNzZnPGdnOEBpMzU0N205cm42cDMzZzczNEAvLy4yMS8wXzUxLTMvMzRfYSNyMi1kMmQ0X2pgLS1kMS9zcw%3D%3D&btag=e00088000&expire=1711761512&l=20240328011756C54B92BE7A11CC0BED04&ply_type=2&policy=2&signature=6619abfdf08efff899f35be0585759d8&tk=tt_chain_token&__vid=TT-vCache-7326289920249629994
video/mp4, bytesbytes 4755695-6041327/6041494, 1711588760.516947, 1711588760.5180218, 1711588760.594805, 1711588760.650319, dump, video, /video/tos/useast5/tos-useast5-ve-0068c001-tx/osA4udFOSAazNIglB1EEZsiQBwwUQ8iUi0Pgg/?a=1988&bti=NDU3ZjAwOg%3D%3D&ch=0&cr=3&dr=0&lr=unwatermarked&cd=0%7C0%7C0%7C&cv=1&br=2628&bt=1314&cs=0&ds=6&ft=4KJMyMzm8Zmo0~WFF-4jVS.WdpWrKsd.&mime_type=video_mp4&qs=0&rc=ZjZkZDdoZzZoNzZnPGdnOEBpMzU0N205cm42cDMzZzczNEAvLy4yMS8wXzUxLTMvMzRfYSNyMi1kMmQ0X2pgLS1kMS9zcw%3D%3D&btag=e00088000&expire=1711761512&l=20240328011756C54B92BE7A11CC0BED04&ply_type=2&policy=2&signature=6619abfdf08efff899f35be0585759d8&tk=tt_chain_token&__vid=TT-vCache-7326289920249629994
video/mp4, bytesbytes 0-614399/1715485, 1711588765.631309, 1711588765.631968, 1711588765.7064059, 1711588765.725302, dump, video, /video/tos/useast5/tos-useast5-pve-0068-tx/o4IwFDGRQOAeqIdegWRACIlyIFLMfYfGMN4tYq/?a=1988&bti=NDU3ZjAwOg%3D%3D&ch=0&cr=3&dr=0&lr=unwatermarked&cd=0%7C0%7C0%7C&cv=1&br=2086&bt=1043&cs=0&ds=6&ft=4KJMyMzm8Zmo0~WFF-4jVS.WdpWrKsd.&mime_type=video_mp4&qs=0&rc=O2U5Zmg0Nzw1aTNmZzM4OEBpM2k4bnQ5cjg5cDMzZzczNEAtNGE2YTVfNTUxX182X15gYSNmbTFoMmRrMHNgLS1kMS9zcw%3D%3D&btag=e00088000&expire=1711761489&l=20240328011756C54B92BE7A11CC0BED04&ply_type=2&policy=2&signature=61307a4792831a2e2b341c60167361f4&tk=tt_chain_token&__vid=TT-vCache-7331405575567183146
video/mp4, bytesbytes 614400-1141418/1715485, 1711588765.7374809, 1711588765.738739, 1711588765.755064, 1711588765.7665, dump, video, /video/tos/useast5/tos-useast5-pve-0068-tx/o4IwFDGRQOAeqIdegWRACIlyIFLMfYfGMN4tYq/?a=1988&bti=NDU3ZjAwOg%3D%3D&ch=0&cr=3&dr=0&lr=unwatermarked&cd=0%7C0%7C0%7C&cv=1&br=2086&bt=1043&cs=0&ds=6&ft=4KJMyMzm8Zmo0~WFF-4jVS.WdpWrKsd.&mime_type=video_mp4&qs=0&rc=O2U5Zmg0Nzw1aTNmZzM4OEBpM2k4bnQ5cjg5cDMzZzczNEAtNGE2YTVfNTUxX182X15gYSNmbTFoMmRrMHNgLS1kMS9zcw%3D%3D&btag=e00088000&expire=1711761489&l=20240328011756C54B92BE7A11CC0BED04&ply_type=2&policy=2&signature=61307a4792831a2e2b341c60167361f4&tk=tt_chain_token&__vid=TT-vCache-7331405575567183146
video/mp4, bytesbytes 1141419-1715204/1715485, 1711588765.774949, 1711588765.7761521, 1711588765.817078, 1711588765.833709, dump, video, /video/tos/useast5/tos-useast5-pve-0068-tx/o4IwFDGRQOAeqIdegWRACIlyIFLMfYfGMN4tYq/?a=1988&bti=NDU3ZjAwOg%3D%3D&ch=0&cr=3&dr=0&lr=unwatermarked&cd=0%7C0%7C0%7C&cv=1&br=2086&bt=1043&cs=0&ds=6&ft=4KJMyMzm8Zmo0~WFF-4jVS.WdpWrKsd.&mime_type=video_mp4&qs=0&rc=O2U5Zmg0Nzw1aTNmZzM4OEBpM2k4bnQ5cjg5cDMzZzczNEAtNGE2YTVfNTUxX182X15gYSNmbTFoMmRrMHNgLS1kMS9zcw%3D%3D&btag=e00088000&expire=1711761489&l=20240328011756C54B92BE7A11CC0BED04&ply_type=2&policy=2&signature=61307a4792831a2e2b341c60167361f4&tk=tt_chain_token&__vid=TT-vCache-7331405575567183146
video/mp4, bytesbytes 6041328-6041493/6041494, 1711588766.335907, 1711588766.337114, 1711588766.374937, 1711588766.37603, dump, video, /video/tos/useast5/tos-useast5-ve-0068c001-tx/osA4udFOSAazNIglB1EEZsiQBwwUQ8iUi0Pgg/?a=1988&bti=NDU3ZjAwOg%3D%3D&ch=0&cr=3&dr=0&lr=unwatermarked&cd=0%7C0%7C0%7C&cv=1&br=2628&bt=1314&cs=0&ds=6&ft=4KJMyMzm8Zmo0~WFF-4jVS.WdpWrKsd.&mime_type=video_mp4&qs=0&rc=ZjZkZDdoZzZoNzZnPGdnOEBpMzU0N205cm42cDMzZzczNEAvLy4yMS8wXzUxLTMvMzRfYSNyMi1kMmQ0X2pgLS1kMS9zcw%3D%3D&btag=e00088000&expire=1711761512&l=20240328011756C54B92BE7A11CC0BED04&ply_type=2&policy=2&signature=6619abfdf08efff899f35be0585759d8&tk=tt_chain_token&__vid=TT-vCache-7326289920249629994
video/mp4, bytesbytes 5358506-8889452/8889509, 1711588772.599443, 1711588772.600023, 1711588772.6158872, 1711588772.7196789, dump, video, /video/tos/useast5/tos-useast5-ve-0068c004-tx/oUnQSI2ogAl7DS1LRFfgtlDBHQwj0EE1denagC/?a=1988&bti=NDU3ZjAwOg%3D%3D&ch=0&cr=3&dr=0&lr=unwatermarked&cd=0%7C0%7C0%7C&cv=1&br=4366&bt=2183&cs=0&ds=6&ft=4KJMyMzm8Zmo0~WFF-4jVS.WdpWrKsd.&mime_type=video_mp4&qs=0&rc=ZTc3PDxoZWY7OWdpZDtnOUBpMzhpbnQ5cnBncTMzZzczNEA1NGM1NTItNjYxYTI0MS41YSNxaS9oMmRrZi5gLS1kMS9zcw%3D%3D&btag=e00088000&expire=1711761508&l=20240328011756C54B92BE7A11CC0BED04&ply_type=2&policy=2&signature=e201fea994d44a172dd0fedc9e8f000c&tk=tt_chain_token&__vid=TT-vCache-7332662439898631466
video/mp4, bytesbytes 8889453-8889508/8889509, 1711588774.5420952, 1711588774.543814, 1711588774.5565922, 1711588774.557955, dump, video, /video/tos/useast5/tos-useast5-ve-0068c004-tx/oUnQSI2ogAl7DS1LRFfgtlDBHQwj0EE1denagC/?a=1988&bti=NDU3ZjAwOg%3D%3D&ch=0&cr=3&dr=0&lr=unwatermarked&cd=0%7C0%7C0%7C&cv=1&br=4366&bt=2183&cs=0&ds=6&ft=4KJMyMzm8Zmo0~WFF-4jVS.WdpWrKsd.&mime_type=video_mp4&qs=0&rc=ZTc3PDxoZWY7OWdpZDtnOUBpMzhpbnQ5cnBncTMzZzczNEA1NGM1NTItNjYxYTI0MS41YSNxaS9oMmRrZi5gLS1kMS9zcw%3D%3D&btag=e00088000&expire=1711761508&l=20240328011756C54B92BE7A11CC0BED04&ply_type=2&policy=2&signature=e201fea994d44a172dd0fedc9e8f000c&tk=tt_chain_token&__vid=TT-vCache-7332662439898631466
video/mp4, bytesbytes 4074375-6982027/12082884, 1711588775.464986, 1711588775.466197, 1711588775.4844, 1711588775.579386, dump, video, /video/tos/useast5/tos-useast5-pve-0068-tx/oYF7A6m5bFeXLR5gQWEDxDf0ICuYAe0QOI5fCG/?a=1988&bti=NDU3ZjAwOg%3D%3D&ch=0&cr=3&dr=0&lr=unwatermarked&cd=0%7C0%7C0%7C&cv=1&br=3088&bt=1544&cs=0&ds=6&ft=4KJMyMzm8Zmo0~WFF-4jVS.WdpWrKsd.&mime_type=video_mp4&qs=0&rc=OTc0NWQ6Zzs2Zmk4MzwzaEBpM207dHI5cnF4cDMzZzczNEAwNTJeNTBfNi8xLV9eLzRgYSNhLzBmMmRzY3BgLS1kMS9zcw%3D%3D&btag=e00090000&expire=1711761538&l=20240328011756C54B92BE7A11CC0BED04&ply_type=2&policy=2&signature=985a63626da59c5831936afa07c0ed87&tk=tt_chain_token&__vid=TT-vCache-7330145035675176238
video/mp4, bytesbytes 6982028-9763641/12082884, 1711588777.4993742, 1711588777.499844, 1711588777.523346, 1711588777.718466, dump, video, /video/tos/useast5/tos-useast5-pve-0068-tx/oYF7A6m5bFeXLR5gQWEDxDf0ICuYAe0QOI5fCG/?a=1988&bti=NDU3ZjAwOg%3D%3D&ch=0&cr=3&dr=0&lr=unwatermarked&cd=0%7C0%7C0%7C&cv=1&br=3088&bt=1544&cs=0&ds=6&ft=4KJMyMzm8Zmo0~WFF-4jVS.WdpWrKsd.&mime_type=video_mp4&qs=0&rc=OTc0NWQ6Zzs2Zmk4MzwzaEBpM207dHI5cnF4cDMzZzczNEAwNTJeNTBfNi8xLV9eLzRgYSNhLzBmMmRzY3BgLS1kMS9zcw%3D%3D&btag=e00090000&expire=1711761538&l=20240328011756C54B92BE7A11CC0BED04&ply_type=2&policy=2&signature=985a63626da59c5831936afa07c0ed87&tk=tt_chain_token&__vid=TT-vCache-7330145035675176238
video/mp4, bytesbytes 0-567632/637074, 1711588780.695477, 1711588780.696668, 1711588780.8143291, 1711588780.846497, dump, video, /video/tos/useast5/tos-useast5-ve-0068c003-tx/o4VQSIJfgAKkD4lSRFfdhlDBjcoXgEE3lSkiTE/?a=1988&bti=NDU3ZjAwOg%3D%3D&ch=0&cr=3&dr=0&lr=unwatermarked&cd=0%7C0%7C0%7C&cv=1&br=1478&bt=739&cs=0&ds=6&ft=4KJMyMzm8Zmo0~WFF-4jVS.WdpWrKsd.&mime_type=video_mp4&qs=0&rc=Njs4NjYzODtmOWdmO2Q0O0BpMzw8Nmw5cjs0cDMzZzczNEBhMzYuMWMzNjAxYDQ2NWMzYSM1a2pyMmRrMmVgLS1kMS9zcw%3D%3D&btag=e00088000&expire=1711761483&l=20240328011756C54B92BE7A11CC0BED04&ply_type=2&policy=2&signature=f9d1f73ff2cca6ebee6ec67e9b9a75fb&tk=tt_chain_token&__vid=TT-vCache-7323436866424818986
video/mp4, bytesbytes 567633-584597/637074, 1711588780.861108, 1711588780.862113, 1711588780.889287, 1711588780.892919, dump, video, /video/tos/useast5/tos-useast5-ve-0068c003-tx/o4VQSIJfgAKkD4lSRFfdhlDBjcoXgEE3lSkiTE/?a=1988&bti=NDU3ZjAwOg%3D%3D&ch=0&cr=3&dr=0&lr=unwatermarked&cd=0%7C0%7C0%7C&cv=1&br=1478&bt=739&cs=0&ds=6&ft=4KJMyMzm8Zmo0~WFF-4jVS.WdpWrKsd.&mime_type=video_mp4&qs=0&rc=Njs4NjYzODtmOWdmO2Q0O0BpMzw8Nmw5cjs0cDMzZzczNEBhMzYuMWMzNjAxYDQ2NWMzYSM1a2pyMmRrMmVgLS1kMS9zcw%3D%3D&btag=e00088000&expire=1711761483&l=20240328011756C54B92BE7A11CC0BED04&ply_type=2&policy=2&signature=f9d1f73ff2cca6ebee6ec67e9b9a75fb&tk=tt_chain_token&__vid=TT-vCache-7323436866424818986
video/mp4, bytesbytes 584598-637001/637074, 1711588780.9109309, 1711588780.9115882, 1711588780.93418, 1711588780.9404721, dump, video, /video/tos/useast5/tos-useast5-ve-0068c003-tx/o4VQSIJfgAKkD4lSRFfdhlDBjcoXgEE3lSkiTE/?a=1988&bti=NDU3ZjAwOg%3D%3D&ch=0&cr=3&dr=0&lr=unwatermarked&cd=0%7C0%7C0%7C&cv=1&br=1478&bt=739&cs=0&ds=6&ft=4KJMyMzm8Zmo0~WFF-4jVS.WdpWrKsd.&mime_type=video_mp4&qs=0&rc=Njs4NjYzODtmOWdmO2Q0O0BpMzw8Nmw5cjs0cDMzZzczNEBhMzYuMWMzNjAxYDQ2NWMzYSM1a2pyMmRrMmVgLS1kMS9zcw%3D%3D&btag=e00088000&expire=1711761483&l=20240328011756C54B92BE7A11CC0BED04&ply_type=2&policy=2&signature=f9d1f73ff2cca6ebee6ec67e9b9a75fb&tk=tt_chain_token&__vid=TT-vCache-7323436866424818986
video/mp4, bytesbytes 637002-637073/637074, 1711588780.9455, 1711588780.946083, 1711588780.958724, 1711588780.96293, dump, video, /video/tos/useast5/tos-useast5-ve-0068c003-tx/o4VQSIJfgAKkD4lSRFfdhlDBjcoXgEE3lSkiTE/?a=1988&bti=NDU3ZjAwOg%3D%3D&ch=0&cr=3&dr=0&lr=unwatermarked&cd=0%7C0%7C0%7C&cv=1&br=1478&bt=739&cs=0&ds=6&ft=4KJMyMzm8Zmo0~WFF-4jVS.WdpWrKsd.&mime_type=video_mp4&qs=0&rc=Njs4NjYzODtmOWdmO2Q0O0BpMzw8Nmw5cjs0cDMzZzczNEBhMzYuMWMzNjAxYDQ2NWMzYSM1a2pyMmRrMmVgLS1kMS9zcw%3D%3D&btag=e00088000&expire=1711761483&l=20240328011756C54B92BE7A11CC0BED04&ply_type=2&policy=2&signature=f9d1f73ff2cca6ebee6ec67e9b9a75fb&tk=tt_chain_token&__vid=TT-vCache-7323436866424818986
video/mp4, bytesbytes 0-614399/8486725, 1711588780.978774, 1711588780.979268, 1711588781.08389, 1711588781.105768, dump, video, /video/tos/useast5/tos-useast5-ve-0068c002-tx/okgQDEMRlDLDwHI1ADBvf4q9FgDQSIfRiEMy0g/?a=1988&bti=NDU3ZjAwOg%3D%3D&ch=0&cr=3&dr=0&lr=unwatermarked&cd=0%7C0%7C0%7C&cv=1&br=3172&bt=1586&cs=0&ds=6&ft=4KJMyMzm8Zmo0~WFF-4jVS.WdpWrKsd.&mime_type=video_mp4&qs=0&rc=ZTM8ZWc8NDdkNWVpOzw1OkBpMzY1a3Q5cmxmcTMzZzczNEAuLTBgM15eXjUxLjYuYDNgYSNsMGVwMmQ0Lm5gLS1kMS9zcw%3D%3D&btag=e00088000&expire=1711761518&l=20240328011756C54B92BE7A11CC0BED04&ply_type=2&policy=2&signature=8a82a8df9a32a9445fee34b83f6a3f84&tk=tt_chain_token&__vid=TT-vCache-7346710144903925038
video/mp4, bytesbytes 614400-1383952/8486725, 1711588781.115715, 1711588781.1168342, 1711588781.13654, 1711588781.170186, dump, video, /video/tos/useast5/tos-useast5-ve-0068c002-tx/okgQDEMRlDLDwHI1ADBvf4q9FgDQSIfRiEMy0g/?a=1988&bti=NDU3ZjAwOg%3D%3D&ch=0&cr=3&dr=0&lr=unwatermarked&cd=0%7C0%7C0%7C&cv=1&br=3172&bt=1586&cs=0&ds=6&ft=4KJMyMzm8Zmo0~WFF-4jVS.WdpWrKsd.&mime_type=video_mp4&qs=0&rc=ZTM8ZWc8NDdkNWVpOzw1OkBpMzY1a3Q5cmxmcTMzZzczNEAuLTBgM15eXjUxLjYuYDNgYSNsMGVwMmQ0Lm5gLS1kMS9zcw%3D%3D&btag=e00088000&expire=1711761518&l=20240328011756C54B92BE7A11CC0BED04&ply_type=2&policy=2&signature=8a82a8df9a32a9445fee34b83f6a3f84&tk=tt_chain_token&__vid=TT-vCache-7346710144903925038
video/mp4, bytesbytes 1383953-4599966/8486725, 1711588781.1877608, 1711588781.189041, 1711588781.21354, 1711588781.363882, dump, video, /video/tos/useast5/tos-useast5-ve-0068c002-tx/okgQDEMRlDLDwHI1ADBvf4q9FgDQSIfRiEMy0g/?a=1988&bti=NDU3ZjAwOg%3D%3D&ch=0&cr=3&dr=0&lr=unwatermarked&cd=0%7C0%7C0%7C&cv=1&br=3172&bt=1586&cs=0&ds=6&ft=4KJMyMzm8Zmo0~WFF-4jVS.WdpWrKsd.&mime_type=video_mp4&qs=0&rc=ZTM8ZWc8NDdkNWVpOzw1OkBpMzY1a3Q5cmxmcTMzZzczNEAuLTBgM15eXjUxLjYuYDNgYSNsMGVwMmQ0Lm5gLS1kMS9zcw%3D%3D&btag=e00088000&expire=1711761518&l=20240328011756C54B92BE7A11CC0BED04&ply_type=2&policy=2&signature=8a82a8df9a32a9445fee34b83f6a3f84&tk=tt_chain_token&__vid=TT-vCache-7346710144903925038
video/mp4, bytesbytes 1715205-1715484/1715485, 1711588790.4591072, 1711588790.460022, 1711588790.494284, 1711588790.511903, dump, video, /video/tos/useast5/tos-useast5-pve-0068-tx/o4IwFDGRQOAeqIdegWRACIlyIFLMfYfGMN4tYq/?a=1988&bti=NDU3ZjAwOg%3D%3D&ch=0&cr=3&dr=0&lr=unwatermarked&cd=0%7C0%7C0%7C&cv=1&br=2086&bt=1043&cs=0&ds=6&ft=4KJMyMzm8Zmo0~WFF-4jVS.WdpWrKsd.&mime_type=video_mp4&qs=0&rc=O2U5Zmg0Nzw1aTNmZzM4OEBpM2k4bnQ5cjg5cDMzZzczNEAtNGE2YTVfNTUxX182X15gYSNmbTFoMmRrMHNgLS1kMS9zcw%3D%3D&btag=e00088000&expire=1711761489&l=20240328011756C54B92BE7A11CC0BED04&ply_type=2&policy=2&signature=61307a4792831a2e2b341c60167361f4&tk=tt_chain_token&__vid=TT-vCache-7331405575567183146
video/mp4, bytesbytes 0-614399/5800154, 1711588795.7647119, 1711588795.7659972, 1711588795.946066, 1711588795.972927, dump, video, /video/tos/useast5/tos-useast5-ve-0068c003-tx/o81gVEb6PCoFAQitiRmIZ6lq4EBZBUzsNrhDi/?a=1988&bti=NDU3ZjAwOg%3D%3D&ch=0&cr=3&dr=0&lr=unwatermarked&cd=0%7C0%7C0%7C&cv=1&br=1508&bt=754&cs=0&ds=6&ft=4KJMyMzm8Zmo0~WFF-4jVS.WdpWrKsd.&mime_type=video_mp4&qs=0&rc=Mzo5NDVnZzo2OTtpNTQ1OUBpam9nc3Q5cjtlcDMzZzczNEAvNDVgNTYxNi8xXjNiMi8zYSMuL2FgMmQ0NHFgLS1kMS9zcw%3D%3D&btag=e00090000&expire=1711761537&l=20240328011756C54B92BE7A11CC0BED04&ply_type=2&policy=2&signature=780b2332d4219841c59e3ecc65cdca25&tk=tt_chain_token&__vid=TT-vCache-7330369955352808747
video/mp4, bytesbytes 614400-1360286/5800154, 1711588795.997652, 1711588795.9994822, 1711588796.056385, 1711588796.09038, dump, video, /video/tos/useast5/tos-useast5-ve-0068c003-tx/o81gVEb6PCoFAQitiRmIZ6lq4EBZBUzsNrhDi/?a=1988&bti=NDU3ZjAwOg%3D%3D&ch=0&cr=3&dr=0&lr=unwatermarked&cd=0%7C0%7C0%7C&cv=1&br=1508&bt=754&cs=0&ds=6&ft=4KJMyMzm8Zmo0~WFF-4jVS.WdpWrKsd.&mime_type=video_mp4&qs=0&rc=Mzo5NDVnZzo2OTtpNTQ1OUBpam9nc3Q5cjtlcDMzZzczNEAvNDVgNTYxNi8xXjNiMi8zYSMuL2FgMmQ0NHFgLS1kMS9zcw%3D%3D&btag=e00090000&expire=1711761537&l=20240328011756C54B92BE7A11CC0BED04&ply_type=2&policy=2&signature=780b2332d4219841c59e3ecc65cdca25&tk=tt_chain_token&__vid=TT-vCache-7330369955352808747
video/mp4, bytesbytes 0-614399/1936885, 1711588833.1272361, 1711588833.128449, 1711588833.470059, 1711588833.7564979, dump, video, /video/tos/useast5/tos-useast5-ve-0068c004-tx/ocfjJCGSvBDFwJeIQET2pBAUsOcg5lGlDER8EO/?a=1988&bti=NDU3ZjAwOg%3D%3D&ch=0&cr=3&dr=0&lr=unwatermarked&cd=0%7C0%7C0%7C&cv=1&br=1298&bt=649&cs=0&ds=6&ft=4KJMyMzm8Zmo0~WFF-4jVS.WdpWrKsd.&mime_type=video_mp4&qs=0&rc=ZmQ2ZDY0Zzo5MzZpaTRlZEBpM3Azbm45cjQ1cDMzZzczNEAxLTEzNWBjX2IxLi0xYzMuYSNjZ2tnMmRrYnJgLS1kMS9zcw%3D%3D&btag=e00088000&expire=1711761500&l=20240328011756C54B92BE7A11CC0BED04&ply_type=2&policy=2&signature=6fa6469b33499037e76fa9c43599ad7b&tk=tt_chain_token&__vid=TT-vCache-7330777572562963758
video/mp4, bytesbytes 614400-662203/1936885, 1711588833.7752461, 1711588833.7756531, 1711588833.790477, 1711588833.790771, dump, video, /video/tos/useast5/tos-useast5-ve-0068c004-tx/ocfjJCGSvBDFwJeIQET2pBAUsOcg5lGlDER8EO/?a=1988&bti=NDU3ZjAwOg%3D%3D&ch=0&cr=3&dr=0&lr=unwatermarked&cd=0%7C0%7C0%7C&cv=1&br=1298&bt=649&cs=0&ds=6&ft=4KJMyMzm8Zmo0~WFF-4jVS.WdpWrKsd.&mime_type=video_mp4&qs=0&rc=ZmQ2ZDY0Zzo5MzZpaTRlZEBpM3Azbm45cjQ1cDMzZzczNEAxLTEzNWBjX2IxLi0xYzMuYSNjZ2tnMmRrYnJgLS1kMS9zcw%3D%3D&btag=e00088000&expire=1711761500&l=20240328011756C54B92BE7A11CC0BED04&ply_type=2&policy=2&signature=6fa6469b33499037e76fa9c43599ad7b&tk=tt_chain_token&__vid=TT-vCache-7330777572562963758
video/mp4, bytesbytes 4599967-8318520/8486725, 1711588839.5767412, 1711588839.577316, 1711588839.607544, 1711588839.718631, dump, video, /video/tos/useast5/tos-useast5-ve-0068c002-tx/okgQDEMRlDLDwHI1ADBvf4q9FgDQSIfRiEMy0g/?a=1988&bti=NDU3ZjAwOg%3D%3D&ch=0&cr=3&dr=0&lr=unwatermarked&cd=0%7C0%7C0%7C&cv=1&br=3172&bt=1586&cs=0&ds=6&ft=4KJMyMzm8Zmo0~WFF-4jVS.WdpWrKsd.&mime_type=video_mp4&qs=0&rc=ZTM8ZWc8NDdkNWVpOzw1OkBpMzY1a3Q5cmxmcTMzZzczNEAuLTBgM15eXjUxLjYuYDNgYSNsMGVwMmQ0Lm5gLS1kMS9zcw%3D%3D&btag=e00088000&expire=1711761518&l=20240328011756C54B92BE7A11CC0BED04&ply_type=2&policy=2&signature=8a82a8df9a32a9445fee34b83f6a3f84&tk=tt_chain_token&__vid=TT-vCache-7346710144903925038
video/mp4, bytesbytes 1360287-2399987/5800154, 1711588844.534534, 1711588844.5351381, 1711588844.5712261, 1711588844.6052191, dump, video, /video/tos/useast5/tos-useast5-ve-0068c003-tx/o81gVEb6PCoFAQitiRmIZ6lq4EBZBUzsNrhDi/?a=1988&bti=NDU3ZjAwOg%3D%3D&ch=0&cr=3&dr=0&lr=unwatermarked&cd=0%7C0%7C0%7C&cv=1&br=1508&bt=754&cs=0&ds=6&ft=4KJMyMzm8Zmo0~WFF-4jVS.WdpWrKsd.&mime_type=video_mp4&qs=0&rc=Mzo5NDVnZzo2OTtpNTQ1OUBpam9nc3Q5cjtlcDMzZzczNEAvNDVgNTYxNi8xXjNiMi8zYSMuL2FgMmQ0NHFgLS1kMS9zcw%3D%3D&btag=e00090000&expire=1711761537&l=20240328011756C54B92BE7A11CC0BED04&ply_type=2&policy=2&signature=780b2332d4219841c59e3ecc65cdca25&tk=tt_chain_token&__vid=TT-vCache-7330369955352808747
video/mp4, bytesbytes 2399988-3499348/5800154, 1711588844.6546528, 1711588844.655082, 1711588844.686326, 1711588844.766022, dump, video, /video/tos/useast5/tos-useast5-ve-0068c003-tx/o81gVEb6PCoFAQitiRmIZ6lq4EBZBUzsNrhDi/?a=1988&bti=NDU3ZjAwOg%3D%3D&ch=0&cr=3&dr=0&lr=unwatermarked&cd=0%7C0%7C0%7C&cv=1&br=1508&bt=754&cs=0&ds=6&ft=4KJMyMzm8Zmo0~WFF-4jVS.WdpWrKsd.&mime_type=video_mp4&qs=0&rc=Mzo5NDVnZzo2OTtpNTQ1OUBpam9nc3Q5cjtlcDMzZzczNEAvNDVgNTYxNi8xXjNiMi8zYSMuL2FgMmQ0NHFgLS1kMS9zcw%3D%3D&btag=e00090000&expire=1711761537&l=20240328011756C54B92BE7A11CC0BED04&ply_type=2&policy=2&signature=780b2332d4219841c59e3ecc65cdca25&tk=tt_chain_token&__vid=TT-vCache-7330369955352808747
video/mp4, bytesbytes 662204-1936851/1936885, 1711588847.385153, 1711588847.3859808, 1711588847.4008372, 1711588847.448915, dump, video, /video/tos/useast5/tos-useast5-ve-0068c004-tx/ocfjJCGSvBDFwJeIQET2pBAUsOcg5lGlDER8EO/?a=1988&bti=NDU3ZjAwOg%3D%3D&ch=0&cr=3&dr=0&lr=unwatermarked&cd=0%7C0%7C0%7C&cv=1&br=1298&bt=649&cs=0&ds=6&ft=4KJMyMzm8Zmo0~WFF-4jVS.WdpWrKsd.&mime_type=video_mp4&qs=0&rc=ZmQ2ZDY0Zzo5MzZpaTRlZEBpM3Azbm45cjQ1cDMzZzczNEAxLTEzNWBjX2IxLi0xYzMuYSNjZ2tnMmRrYnJgLS1kMS9zcw%3D%3D&btag=e00088000&expire=1711761500&l=20240328011756C54B92BE7A11CC0BED04&ply_type=2&policy=2&signature=6fa6469b33499037e76fa9c43599ad7b&tk=tt_chain_token&__vid=TT-vCache-7330777572562963758
video/mp4, bytesbytes 1936852-1936884/1936885, 1711588847.480082, 1711588847.480855, 1711588847.493237, 1711588847.493731, dump, video, /video/tos/useast5/tos-useast5-ve-0068c004-tx/ocfjJCGSvBDFwJeIQET2pBAUsOcg5lGlDER8EO/?a=1988&bti=NDU3ZjAwOg%3D%3D&ch=0&cr=3&dr=0&lr=unwatermarked&cd=0%7C0%7C0%7C&cv=1&br=1298&bt=649&cs=0&ds=6&ft=4KJMyMzm8Zmo0~WFF-4jVS.WdpWrKsd.&mime_type=video_mp4&qs=0&rc=ZmQ2ZDY0Zzo5MzZpaTRlZEBpM3Azbm45cjQ1cDMzZzczNEAxLTEzNWBjX2IxLi0xYzMuYSNjZ2tnMmRrYnJgLS1kMS9zcw%3D%3D&btag=e00088000&expire=1711761500&l=20240328011756C54B92BE7A11CC0BED04&ply_type=2&policy=2&signature=6fa6469b33499037e76fa9c43599ad7b&tk=tt_chain_token&__vid=TT-vCache-7330777572562963758
video/mp4, bytesbytes 0-1943631/1943632, 1711588854.365355, 1711588854.365908, 1711588854.433389, 1711588854.518861, dump, video, /video/tos/useast5/tos-useast5-ve-0068c004-tx/oMqLCNrBE6gFErWAmAuImzA2jefIDHQwIfkElk/?a=1988&bti=NDU3ZjAwOg%3D%3D&ch=0&cr=3&dr=0&lr=unwatermarked&cd=0%7C0%7C0%7C&cv=1&br=2786&bt=1393&cs=0&ds=6&ft=4KJMyMzm8Zmo0~WFF-4jVS.WdpWrKsd.&mime_type=video_mp4&qs=0&rc=ZmVkM2U2OGlkO2doNDQ6aEBpajgzOnI5cmhvcTMzZzczNEAzMS4vLjQwNTYxNTViYjY0YSNtNm0tMmRrYzNgLS1kMS9zcw%3D%3D&btag=e00088000&expire=1711761487&l=20240328011756C54B92BE7A11CC0BED04&ply_type=2&policy=2&signature=679c0d0933ff0ee9b6ed136db14bc278&tk=tt_chain_token
video/mp4, bytesbytes 0-614399/7333218, 1711588859.8559191, 1711588859.857125, 1711588860.055085, 1711588860.081377, dump, video, /video/tos/useast8/tos-useast8-pve-0068-tx2/oECvGer1RIPUIG8zIgWALFJvQKGeAfGCmQyNfB/?a=1988&bti=NDU3ZjAwOg%3D%3D&ch=0&cr=3&dr=0&lr=unwatermarked&cd=0%7C0%7C0%7C&cv=1&br=1718&bt=859&cs=0&ds=6&ft=4KJMyMzm8Zmo0~WFF-4jVS.WdpWrKsd.&mime_type=video_mp4&qs=0&rc=Z2UzZGVpNDtoaDs7M2VpO0BpanN4M3Q5cnB5cDMzaTczNEA2YmAwYDMuXjUxYS9jYmBeYSNkM2dtMmRrLWtgLS1kMTJzcw%3D%3D&btag=e00090000&expire=1711761543&l=20240328011756C54B92BE7A11CC0BED04&ply_type=2&policy=2&signature=82232f3a9eefa611a3907d439f4102bc&tk=tt_chain_token&__vid=TT-vCache-7327339177941404958
video/mp4, bytesbytes 614400-964226/7333218, 1711588860.115725, 1711588860.117122, 1711588860.1495008, 1711588860.168236, dump, video, /video/tos/useast8/tos-useast8-pve-0068-tx2/oECvGer1RIPUIG8zIgWALFJvQKGeAfGCmQyNfB/?a=1988&bti=NDU3ZjAwOg%3D%3D&ch=0&cr=3&dr=0&lr=unwatermarked&cd=0%7C0%7C0%7C&cv=1&br=1718&bt=859&cs=0&ds=6&ft=4KJMyMzm8Zmo0~WFF-4jVS.WdpWrKsd.&mime_type=video_mp4&qs=0&rc=Z2UzZGVpNDtoaDs7M2VpO0BpanN4M3Q5cnB5cDMzaTczNEA2YmAwYDMuXjUxYS9jYmBeYSNkM2dtMmRrLWtgLS1kMTJzcw%3D%3D&btag=e00090000&expire=1711761543&l=20240328011756C54B92BE7A11CC0BED04&ply_type=2&policy=2&signature=82232f3a9eefa611a3907d439f4102bc&tk=tt_chain_token&__vid=TT-vCache-7327339177941404958
video/mp4, bytesbytes 964227-2420654/7333218, 1711588860.178509, 1711588860.1790311, 1711588860.205778, 1711588860.2680068, dump, video, /video/tos/useast8/tos-useast8-pve-0068-tx2/oECvGer1RIPUIG8zIgWALFJvQKGeAfGCmQyNfB/?a=1988&bti=NDU3ZjAwOg%3D%3D&ch=0&cr=3&dr=0&lr=unwatermarked&cd=0%7C0%7C0%7C&cv=1&br=1718&bt=859&cs=0&ds=6&ft=4KJMyMzm8Zmo0~WFF-4jVS.WdpWrKsd.&mime_type=video_mp4&qs=0&rc=Z2UzZGVpNDtoaDs7M2VpO0BpanN4M3Q5cnB5cDMzaTczNEA2YmAwYDMuXjUxYS9jYmBeYSNkM2dtMmRrLWtgLS1kMTJzcw%3D%3D&btag=e00090000&expire=1711761543&l=20240328011756C54B92BE7A11CC0BED04&ply_type=2&policy=2&signature=82232f3a9eefa611a3907d439f4102bc&tk=tt_chain_token&__vid=TT-vCache-7327339177941404958
video/mp4, bytesbytes 0-614399/10923257, 1711588861.185633, 1711588861.1873229, 1711588861.282384, 1711588861.3307881, dump, video, /video/tos/useast5/tos-useast5-pve-0068-tx/oIXrDYfBSI8VRQlEQMEhukGSRBLAVifaiQKIEg/?a=1988&bti=NDU3ZjAwOg%3D%3D&ch=0&cr=3&dr=0&lr=unwatermarked&cd=0%7C0%7C0%7C&cv=1&br=2708&bt=1354&cs=0&ds=6&ft=4KJMyMzm8Zmo0~WFF-4jVS.WdpWrKsd.&mime_type=video_mp4&qs=0&rc=NWg3ZzQ7Zjo3O2hlZjZoZEBpajk0ZHY5cjdscDMzZzczNEAuMTI2LTY1Nl8xLjNgMDNjYSNkLW81MmRjczVgLS1kMS9zcw%3D%3D&btag=e00090000&expire=1711761540&l=20240328011756C54B92BE7A11CC0BED04&ply_type=2&policy=2&signature=ff7d3a29ff4f7ddc82968e415462357b&tk=tt_chain_token&__vid=TT-vCache-7318684073730444590
video/mp4, bytesbytes 614400-1380691/10923257, 1711588861.347069, 1711588861.3482199, 1711588861.364616, 1711588861.410696, dump, video, /video/tos/useast5/tos-useast5-pve-0068-tx/oIXrDYfBSI8VRQlEQMEhukGSRBLAVifaiQKIEg/?a=1988&bti=NDU3ZjAwOg%3D%3D&ch=0&cr=3&dr=0&lr=unwatermarked&cd=0%7C0%7C0%7C&cv=1&br=2708&bt=1354&cs=0&ds=6&ft=4KJMyMzm8Zmo0~WFF-4jVS.WdpWrKsd.&mime_type=video_mp4&qs=0&rc=NWg3ZzQ7Zjo3O2hlZjZoZEBpajk0ZHY5cjdscDMzZzczNEAuMTI2LTY1Nl8xLjNgMDNjYSNkLW81MmRjczVgLS1kMS9zcw%3D%3D&btag=e00090000&expire=1711761540&l=20240328011756C54B92BE7A11CC0BED04&ply_type=2&policy=2&signature=ff7d3a29ff4f7ddc82968e415462357b&tk=tt_chain_token&__vid=TT-vCache-7318684073730444590
video/mp4, bytesbytes 1380692-3882909/10923257, 1711588861.431914, 1711588861.433758, 1711588861.464213, 1711588861.558495, dump, video, /video/tos/useast5/tos-useast5-pve-0068-tx/oIXrDYfBSI8VRQlEQMEhukGSRBLAVifaiQKIEg/?a=1988&bti=NDU3ZjAwOg%3D%3D&ch=0&cr=3&dr=0&lr=unwatermarked&cd=0%7C0%7C0%7C&cv=1&br=2708&bt=1354&cs=0&ds=6&ft=4KJMyMzm8Zmo0~WFF-4jVS.WdpWrKsd.&mime_type=video_mp4&qs=0&rc=NWg3ZzQ7Zjo3O2hlZjZoZEBpajk0ZHY5cjdscDMzZzczNEAuMTI2LTY1Nl8xLjNgMDNjYSNkLW81MmRjczVgLS1kMS9zcw%3D%3D&btag=e00090000&expire=1711761540&l=20240328011756C54B92BE7A11CC0BED04&ply_type=2&policy=2&signature=ff7d3a29ff4f7ddc82968e415462357b&tk=tt_chain_token&__vid=TT-vCache-7318684073730444590
video/mp4, bytesbytes 0-614399/2027208, 1711588861.708459, 1711588861.7098281, 1711588861.828692, 1711588861.857524, dump, video, /video/tos/useast5/tos-useast5-ve-0068c004-tx/oIE6vaIgSVAiJigBvnR84efj7IBtDBBEGQWlS0/?a=1988&bti=NDU3ZjAwOg%3D%3D&ch=0&cr=3&dr=0&lr=unwatermarked&cd=0%7C0%7C0%7C&cv=1&br=2384&bt=1192&cs=0&ds=6&ft=4KJMyMzm8Zmo0~WFF-4jVS.WdpWrKsd.&mime_type=video_mp4&qs=0&rc=NDdmOmlpNGU7NDVoOGQ6ZEBpanY7O3I5cmczcTMzZzczNEBiNGM1LTFgNjExXjFgMjYzYSMxYXM2MmRjNW5gLS1kMS9zcw%3D%3D&btag=e00088000&expire=1711761490&l=20240328011756C54B92BE7A11CC0BED04&ply_type=2&policy=2&signature=96181f6d2292d78921cbdef86b595d5c&tk=tt_chain_token&__vid=TT-vCache-7346502745538497835
video/mp4, bytesbytes 614400-1278326/2027208, 1711588861.869803, 1711588861.8710542, 1711588861.889911, 1711588861.9090428, dump, video, /video/tos/useast5/tos-useast5-ve-0068c004-tx/oIE6vaIgSVAiJigBvnR84efj7IBtDBBEGQWlS0/?a=1988&bti=NDU3ZjAwOg%3D%3D&ch=0&cr=3&dr=0&lr=unwatermarked&cd=0%7C0%7C0%7C&cv=1&br=2384&bt=1192&cs=0&ds=6&ft=4KJMyMzm8Zmo0~WFF-4jVS.WdpWrKsd.&mime_type=video_mp4&qs=0&rc=NDdmOmlpNGU7NDVoOGQ6ZEBpanY7O3I5cmczcTMzZzczNEBiNGM1LTFgNjExXjFgMjYzYSMxYXM2MmRjNW5gLS1kMS9zcw%3D%3D&btag=e00088000&expire=1711761490&l=20240328011756C54B92BE7A11CC0BED04&ply_type=2&policy=2&signature=96181f6d2292d78921cbdef86b595d5c&tk=tt_chain_token&__vid=TT-vCache-7346502745538497835
video/mp4, bytesbytes 1278327-2026831/2027208, 1711588861.9291189, 1711588861.930721, 1711588861.948265, 1711588861.9658701, dump, video, /video/tos/useast5/tos-useast5-ve-0068c004-tx/oIE6vaIgSVAiJigBvnR84efj7IBtDBBEGQWlS0/?a=1988&bti=NDU3ZjAwOg%3D%3D&ch=0&cr=3&dr=0&lr=unwatermarked&cd=0%7C0%7C0%7C&cv=1&br=2384&bt=1192&cs=0&ds=6&ft=4KJMyMzm8Zmo0~WFF-4jVS.WdpWrKsd.&mime_type=video_mp4&qs=0&rc=NDdmOmlpNGU7NDVoOGQ6ZEBpanY7O3I5cmczcTMzZzczNEBiNGM1LTFgNjExXjFgMjYzYSMxYXM2MmRjNW5gLS1kMS9zcw%3D%3D&btag=e00088000&expire=1711761490&l=20240328011756C54B92BE7A11CC0BED04&ply_type=2&policy=2&signature=96181f6d2292d78921cbdef86b595d5c&tk=tt_chain_token&__vid=TT-vCache-7346502745538497835
